flight_id,flight_date,month,season,day_of_week,airline,aircraft_type,origin_airport,destination_airport,route,distance_km,scheduled_departure,departure_delay_min,arrival_delay_min,actual_elapsed_min,scheduled_duration_min,delay_cause,cancelled,passengers_onboard,ticket_price_gbp,satisfaction_score
FL10971,2023-01-01,1,Winter,Sunday,SkyWing Air,Boeing 737,London Stansted,Warsaw Chopin,London Stansted → Warsaw Chopin,1470,08:00,20.0,12.0,156.0,135,Air Traffic Control,0,255.0,143.07,4.1
FL11731,2023-01-01,1,Winter,Sunday,SkyWing Air,Embraer E190,London Heathrow,Dubai,London Heathrow → Dubai,5490,11:20,0.0,7.0,428.0,415,On Time,0,331.0,423.59,4.7
FL14715,2023-01-01,1,Winter,Sunday,AeroSwift,Airbus A320,London Gatwick,Rome Fiumicino,London Gatwick → Rome Fiumicino,1430,16:35,61.0,72.0,215.0,135,Crew Availability,0,,115.72,3.0
FL12874,2023-01-01,1,Winter,Sunday,PolarAir,Boeing 737,London Heathrow,Dubai,London Heathrow → Dubai,5490,11:30,0.0,14.0,437.0,415,On Time,0,266.0,374.32,3.9
FL13051,2023-01-01,1,Winter,Sunday,CloudJet,Airbus A320,London Gatwick,Rome Fiumicino,London Gatwick → Rome Fiumicino,1430,10:10,,,,135,Security,1,163.0,69.27,2.1
FL12203,2023-01-01,1,Winter,Sunday,CloudJet,Embraer E190,London Stansted,Warsaw Chopin,London Stansted → Warsaw Chopin,1470,14:15,71.0,71.0,209.0,135,Late Aircraft,0,295.0,125.36,2.6
FL12190,2023-01-01,1,Winter,Sunday,AeroSwift,Airbus A320,Glasgow,Dublin,Glasgow → Dublin,220,16:20,0.0,7.0,64.0,50,On Time,0,146.0,49.0,4.0
FL12441,2023-01-01,1,Winter,Sunday,CloudJet,Embraer E190,Bristol,Malaga,Bristol → Malaga,1620,05:15,10.0,21.0,167.0,145,Weather,0,75.0,132.03,3.3
FL13638,2023-01-02,1,Winter,Monday,NovaStar,Boeing 737,London Heathrow,Singapore Changi,London Heathrow → Singapore Changi,10840,13:50,16.0,23.0,777.0,745,Air Traffic Control,0,152.0,525.97,4.2
FL11118,2023-01-02,1,Winter,Monday,SkyWing Air,Embraer E190,London Heathrow,Toronto Pearson,London Heathrow → Toronto Pearson,5730,14:30,26.0,30.0,456.0,430,Weather,0,119.0,420.9,4.3
FL11443,2023-01-02,1,Winter,Monday,AeroSwift,Boeing 737,London Heathrow,Singapore Changi,London Heathrow → Singapore Changi,10840,15:40,0.0,0.0,755.0,745,On Time,0,194.0,595.26,4.6
FL10531,2023-01-02,1,Winter,Monday,PolarAir,Airbus A320,London Stansted,Warsaw Chopin,London Stansted → Warsaw Chopin,1470,14:10,,,,135,Late Aircraft,1,199.0,128.96,1.9
FL13154,2023-01-02,1,Winter,Monday,SkyWing Air,Airbus A380,Birmingham,Istanbul,Birmingham → Istanbul,2680,05:40,31.0,29.0,238.0,210,Late Aircraft,0,199.0,178.75,3.1
FL12172,2023-01-02,1,Winter,Monday,SkyWing Air,Airbus A380,Edinburgh,Amsterdam,Edinburgh → Amsterdam,700,21:55,2.0,17.0,97.0,85,Security,0,288.0,49.0,3.1
FL10201,2023-01-03,1,Winter,Tuesday,SkyWing Air,Boeing 737,London Heathrow,New York JFK,London Heathrow → New York JFK,5570,19:35,10.0,6.0,422.0,420,Technical,0,343.0,411.54,4.2
FL11206,2023-01-03,1,Winter,Tuesday,PolarAir,Embraer E190,Bristol,Malaga,Bristol → Malaga,1620,14:10,63.0,57.0,205.0,145,Late Aircraft,0,271.0,168.27,2.8
FL11456,2023-01-03,1,Winter,Tuesday,Atlantic Wings,Boeing 737,London Heathrow,Singapore Changi,London Heathrow → Singapore Changi,10840,17:15,15.0,25.0,770.0,745,Air Traffic Control,0,93.0,721.94,3.8
FL13440,2023-01-03,1,Winter,Tuesday,PolarAir,Boeing 737,London Gatwick,Rome Fiumicino,London Gatwick → Rome Fiumicino,1430,18:50,59.0,74.0,214.0,135,Crew Availability,0,233.0,71.09,2.3
FL12976,2023-01-03,1,Winter,Tuesday,PolarAir,Boeing 737,Bristol,Malaga,Bristol → Malaga,1620,22:00,51.0,59.0,210.0,145,Crew Availability,0,343.0,137.57,2.2
FL11331,2023-01-03,1,Winter,Tuesday,NovaStar,Boeing 787,London Heathrow,Singapore Changi,London Heathrow → Singapore Changi,10840,07:05,12.0,23.0,765.0,745,Technical,0,193.0,557.18,4.1
FL13166,2023-01-03,1,Winter,Tuesday,NovaStar,Airbus A320,Glasgow,Dublin,Glasgow → Dublin,220,08:10,0.0,0.0,52.0,50,On Time,0,410.0,49.0,4.3
FL14786,2023-01-03,1,Winter,Tuesday,NovaStar,Boeing 737,London Heathrow,Dubai,London Heathrow → Dubai,5490,10:35,0.0,6.0,422.0,415,On Time,0,257.0,277.08,4.3
FL12474,2023-01-04,1,Winter,Wednesday,Atlantic Wings,Embraer E190,London Gatwick,Rome Fiumicino,London Gatwick → Rome Fiumicino,1430,06:15,9.0,7.0,145.0,135,Late Aircraft,0,208.0,152.88,3.4
FL14098,2023-01-04,1,Winter,Wednesday,SkyWing Air,Boeing 787,London Gatwick,Rome Fiumicino,London Gatwick → Rome Fiumicino,1430,20:20,0.0,0.0,135.0,135,On Time,0,394.0,134.79,4.9
FL14454,2023-01-04,1,Winter,Wednesday,PolarAir,Airbus A320,Edinburgh,Amsterdam,Edinburgh → Amsterdam,700,15:40,5.0,15.0,97.0,85,Late Aircraft,0,382.0,99.71,4.2
FL11235,2023-01-04,1,Winter,Wednesday,CloudJet,Boeing 787,London Gatwick,Rome Fiumicino,London Gatwick → Rome Fiumicino,1430,11:55,38.0,44.0,184.0,135,Weather,0,70.0,57.26,3.4
FL12176,2023-01-04,1,Winter,Wednesday,SkyWing Air,Airbus A320,Edinburgh,Amsterdam,Edinburgh → Amsterdam,700,12:10,0.0,0.0,85.0,85,On Time,0,283.0,72.19,5.0
FL10642,2023-01-04,1,Winter,Wednesday,AeroSwift,Boeing 737,London Stansted,Warsaw Chopin,London Stansted → Warsaw Chopin,1470,06:55,,,,135,Security,1,293.0,94.95,1.8
FL11618,2023-01-04,1,Winter,Wednesday,NovaStar,Airbus A380,Glasgow,Dublin,Glasgow → Dublin,220,06:10,15.0,17.0,74.0,50,Crew Availability,0,416.0,49.0,3.8
FL13469,2023-01-04,1,Winter,Wednesday,NovaStar,Embraer E190,Birmingham,Istanbul,Birmingham → Istanbul,2680,07:35,19.0,26.0,231.0,210,Weather,0,111.0,108.25,3.0
FL13355,2023-01-05,1,Winter,Thursday,Atlantic Wings,Boeing 737,London Gatwick,Rome Fiumicino,London Gatwick → Rome Fiumicino,1430,06:50,31.0,27.0,160.0,135,Air Traffic Control,0,274.0,80.83,2.2
FL11602,2023-01-05,1,Winter,Thursday,Atlantic Wings,Boeing 737,London Heathrow,Dubai,London Heathrow → Dubai,5490,15:35,0.0,14.0,429.0,415,On Time,0,130.0,429.07,4.9
FL13242,2023-01-05,1,Winter,Thursday,NovaStar,Airbus A320,London Stansted,Warsaw Chopin,London Stansted → Warsaw Chopin,1470,08:05,,,,135,Late Aircraft,1,222.0,97.11,1.8
FL12046,2023-01-05,1,Winter,Thursday,SkyWing Air,Boeing 777,London Heathrow,Toronto Pearson,London Heathrow → Toronto Pearson,5730,10:20,15.0,17.0,442.0,430,Security,0,111.0,409.7,3.5
FL14985,2023-01-05,1,Winter,Thursday,NovaStar,Boeing 737,Leeds Bradford,Alicante,Leeds Bradford → Alicante,1590,08:10,0.0,0.0,154.0,145,On Time,0,386.0,127.6,3.9
FL13155,2023-01-05,1,Winter,Thursday,AeroSwift,Boeing 737,Birmingham,Istanbul,Birmingham → Istanbul,2680,16:55,0.0,12.0,231.0,210,On Time,0,131.0,128.78,4.2
FL12807,2023-01-05,1,Winter,Thursday,NovaStar,Airbus A320,Edinburgh,Amsterdam,Edinburgh → Amsterdam,700,09:05,2.0,0.0,90.0,85,Security,0,378.0,51.89,3.6
FL10574,2023-01-05,1,Winter,Thursday,SkyWing Air,Airbus A380,London Heathrow,Singapore Changi,London Heathrow → Singapore Changi,10840,10:15,7.0,6.0,748.0,745,Technical,0,68.0,773.86,3.6
FL14576,2023-01-05,1,Winter,Thursday,Atlantic Wings,Boeing 737,Bristol,Malaga,Bristol → Malaga,1620,07:40,171.0,180.0,324.0,145,Technical,0,261.0,80.33,1.1
FL14250,2023-01-06,1,Winter,Friday,SkyWing Air,Airbus A320,London Heathrow,Singapore Changi,London Heathrow → Singapore Changi,10840,08:20,40.0,46.0,797.0,745,Late Aircraft,0,289.0,772.19,2.8
FL14750,2023-01-06,1,Winter,Friday,NovaStar,Embraer E190,London Stansted,Warsaw Chopin,London Stansted → Warsaw Chopin,1470,18:40,0.0,15.0,146.0,135,On Time,0,360.0,59.74,4.7
FL12589,2023-01-06,1,Winter,Friday,NovaStar,Boeing 787,Leeds Bradford,Alicante,Leeds Bradford → Alicante,1590,09:20,32.0,41.0,196.0,145,Crew Availability,0,183.0,53.57,3.1
FL12636,2023-01-06,1,Winter,Friday,PolarAir,Boeing 737,Manchester,Barcelona,Manchester → Barcelona,1440,07:30,9.0,10.0,143.0,130,Late Aircraft,0,113.0,108.38,3.2
FL12873,2023-01-06,1,Winter,Friday,SkyWing Air,Embraer E190,London Heathrow,Toronto Pearson,London Heathrow → Toronto Pearson,5730,20:20,13.0,18.0,445.0,430,Technical,0,342.0,375.43,3.9
FL11091,2023-01-06,1,Winter,Friday,CloudJet,Airbus A380,London Heathrow,Toronto Pearson,London Heathrow → Toronto Pearson,5730,22:50,42.0,49.0,481.0,430,Late Aircraft,0,324.0,365.94,2.3
FL12883,2023-01-06,1,Winter,Friday,PolarAir,Boeing 777,London Heathrow,Singapore Changi,London Heathrow → Singapore Changi,10840,11:05,10.0,2.0,755.0,745,Weather,0,333.0,641.26,3.1
FL13600,2023-01-06,1,Winter,Friday,PolarAir,Boeing 777,London Heathrow,Dubai,London Heathrow → Dubai,5490,14:35,20.0,33.0,454.0,415,Air Traffic Control,0,112.0,322.85,3.5
FL13816,2023-01-06,1,Winter,Friday,PolarAir,Airbus A320,London Stansted,Warsaw Chopin,London Stansted → Warsaw Chopin,1470,14:45,0.0,11.0,147.0,135,On Time,0,156.0,135.09,4.9
FL13631,2023-01-06,1,Winter,Friday,NovaStar,Boeing 737,Glasgow,Dublin,Glasgow → Dublin,220,11:00,9.0,2.0,50.0,50,Crew Availability,0,222.0,69.28,3.2
FL10139,2023-01-07,1,Winter,Saturday,CloudJet,Boeing 737,London Heathrow,Singapore Changi,London Heathrow → Singapore Changi,10840,12:20,64.0,65.0,805.0,745,Security,0,193.0,665.23,3.0
FL10374,2023-01-07,1,Winter,Saturday,SkyWing Air,Airbus A320,London Heathrow,Toronto Pearson,London Heathrow → Toronto Pearson,5730,15:30,17.0,28.0,458.0,430,Weather,0,159.0,385.53,3.5
FL10415,2023-01-07,1,Winter,Saturday,SkyWing Air,Boeing 787,Manchester,Barcelona,Manchester → Barcelona,1440,21:55,58.0,59.0,199.0,130,Late Aircraft,0,414.0,67.04,2.2
FL13119,2023-01-07,1,Winter,Saturday,PolarAir,Airbus A320,Glasgow,Dublin,Glasgow → Dublin,220,08:50,41.0,46.0,100.0,50,Crew Availability,0,111.0,56.97,2.4
FL10628,2023-01-07,1,Winter,Saturday,NovaStar,Airbus A320,Bristol,Malaga,Bristol → Malaga,1620,08:25,0.0,3.0,148.0,145,On Time,0,265.0,64.55,4.2
FL12217,2023-01-07,1,Winter,Saturday,NovaStar,Airbus A320,London Heathrow,Dubai,London Heathrow → Dubai,5490,10:20,0.0,14.0,424.0,415,On Time,0,189.0,311.69,4.1
FL14238,2023-01-07,1,Winter,Saturday,CloudJet,Airbus A320,Edinburgh,Amsterdam,Edinburgh → Amsterdam,700,09:25,0.0,4.0,91.0,85,On Time,0,166.0,85.63,4.4
FL11273,2023-01-07,1,Winter,Saturday,AeroSwift,Airbus A320,Edinburgh,Amsterdam,Edinburgh → Amsterdam,700,20:10,54.0,65.0,150.0,85,Crew Availability,0,94.0,91.27,2.5
FL13731,2023-01-07,1,Winter,Saturday,AeroSwift,Boeing 777,Edinburgh,Amsterdam,Edinburgh → Amsterdam,700,11:35,38.0,46.0,126.0,85,Security,0,310.0,102.2,2.4
FL11828,2023-01-08,1,Winter,Sunday,Atlantic Wings,Airbus A320,London Stansted,Warsaw Chopin,London Stansted → Warsaw Chopin,1470,17:30,97.0,91.0,234.0,135,Weather,0,,116.91,1.1
FL11628,2023-01-08,1,Winter,Sunday,PolarAir,Airbus A380,London Heathrow,Singapore Changi,London Heathrow → Singapore Changi,10840,20:45,,,,745,Weather,1,84.0,631.52,1.7
FL10594,2023-01-08,1,Winter,Sunday,Atlantic Wings,Embraer E190,London Stansted,Warsaw Chopin,London Stansted → Warsaw Chopin,1470,18:00,,,,135,Security,1,63.0,133.99,1.6
FL12296,2023-01-08,1,Winter,Sunday,CloudJet,Boeing 777,Leeds Bradford,Alicante,Leeds Bradford → Alicante,1590,15:00,31.0,45.0,194.0,145,Weather,0,162.0,89.82,2.1
FL13987,2023-01-08,1,Winter,Sunday,AeroSwift,Boeing 777,Edinburgh,Amsterdam,Edinburgh → Amsterdam,700,12:35,7.0,6.0,86.0,85,Late Aircraft,0,233.0,55.47,3.8
FL10537,2023-01-08,1,Winter,Sunday,AeroSwift,Airbus A320,London Heathrow,Toronto Pearson,London Heathrow → Toronto Pearson,5730,22:20,3.0,10.0,441.0,430,Technical,0,397.0,322.27,4.1
FL14961,2023-01-08,1,Winter,Sunday,AeroSwift,Boeing 777,Birmingham,Istanbul,Birmingham → Istanbul,2680,11:50,19.0,18.0,223.0,210,Crew Availability,0,171.0,102.17,3.6
FL11465,2023-01-08,1,Winter,Sunday,AeroSwift,Boeing 777,London Gatwick,Rome Fiumicino,London Gatwick → Rome Fiumicino,1430,08:50,0.0,9.0,150.0,135,On Time,0,240.0,102.92,4.4
FL12100,2023-01-09,1,Winter,Monday,SkyWing Air,Boeing 737,Manchester,Barcelona,Manchester → Barcelona,1440,07:30,4.0,7.0,147.0,130,Security,0,399.0,76.96,4.4
FL11742,2023-01-09,1,Winter,Monday,Atlantic Wings,Airbus A380,Bristol,Malaga,Bristol → Malaga,1620,22:15,12.0,26.0,181.0,145,Technical,0,303.0,182.99,3.7
FL12665,2023-01-09,1,Winter,Monday,CloudJet,Boeing 777,Manchester,Barcelona,Manchester → Barcelona,1440,22:25,,,,130,Late Aircraft,1,332.0,119.78,1.7
FL13941,2023-01-09,1,Winter,Monday,PolarAir,Airbus A320,London Heathrow,Singapore Changi,London Heathrow → Singapore Changi,10840,09:15,55.0,66.0,808.0,745,Late Aircraft,0,77.0,636.1,
FL12869,2023-01-09,1,Winter,Monday,PolarAir,Boeing 777,London Heathrow,Dubai,London Heathrow → Dubai,5490,08:10,7.0,7.0,424.0,415,Technical,0,293.0,379.62,3.1
FL11894,2023-01-09,1,Winter,Monday,AeroSwift,Boeing 787,Edinburgh,Amsterdam,Edinburgh → Amsterdam,700,14:40,,,,85,Air Traffic Control,1,172.0,49.0,1.7
FL13497,2023-01-09,1,Winter,Monday,SkyWing Air,Boeing 777,Leeds Bradford,Alicante,Leeds Bradford → Alicante,1590,08:10,39.0,54.0,200.0,145,Air Traffic Control,0,364.0,151.81,2.5
FL14976,2023-01-09,1,Winter,Monday,AeroSwift,Airbus A320,Bristol,Malaga,Bristol → Malaga,1620,18:30,22.0,23.0,172.0,145,Weather,0,187.0,63.93,3.1
FL11172,2023-01-09,1,Winter,Monday,NovaStar,Airbus A320,London Heathrow,Toronto Pearson,London Heathrow → Toronto Pearson,5730,07:10,0.0,1.0,438.0,430,On Time,0,125.0,317.45,3.8
FL14929,2023-01-09,1,Winter,Monday,NovaStar,Boeing 787,Glasgow,Dublin,Glasgow → Dublin,220,15:25,0.0,0.0,59.0,50,On Time,0,420.0,49.0,4.4
FL11293,2023-01-09,1,Winter,Monday,NovaStar,Boeing 787,Birmingham,Istanbul,Birmingham → Istanbul,2680,15:45,0.0,1.0,208.0,210,On Time,0,234.0,127.42,4.0
FL14871,2023-01-10,1,Winter,Tuesday,AeroSwift,Boeing 777,Edinburgh,Amsterdam,Edinburgh → Amsterdam,700,11:00,51.0,64.0,157.0,85,Crew Availability,0,70.0,100.45,2.9
FL10251,2023-01-10,1,Winter,Tuesday,CloudJet,Boeing 777,London Heathrow,Singapore Changi,London Heathrow → Singapore Changi,10840,20:50,17.0,28.0,772.0,745,Security,0,274.0,638.59,4.2
FL10180,2023-01-10,1,Winter,Tuesday,PolarAir,Boeing 737,Manchester,Barcelona,Manchester → Barcelona,1440,14:30,0.0,8.0,148.0,130,On Time,0,269.0,107.4,4.6
FL14711,2023-01-10,1,Winter,Tuesday,NovaStar,Boeing 787,London Heathrow,Singapore Changi,London Heathrow → Singapore Changi,10840,22:40,15.0,8.0,763.0,745,Weather,0,298.0,569.45,4.3
FL14831,2023-01-10,1,Winter,Tuesday,SkyWing Air,Boeing 787,London Gatwick,Rome Fiumicino,London Gatwick → Rome Fiumicino,1430,12:00,64.0,62.0,204.0,135,Technical,0,141.0,72.89,2.8
FL13546,2023-01-11,1,Winter,Wednesday,AeroSwift,Boeing 777,London Stansted,Warsaw Chopin,London Stansted → Warsaw Chopin,1470,21:40,12.0,5.0,144.0,135,Late Aircraft,0,276.0,78.08,4.3
FL10571,2023-01-11,1,Winter,Wednesday,CloudJet,Airbus A380,London Heathrow,Dubai,London Heathrow → Dubai,5490,19:10,57.0,72.0,497.0,415,Late Aircraft,0,296.0,338.45,2.1
FL12706,2023-01-11,1,Winter,Wednesday,PolarAir,Airbus A380,Glasgow,Dublin,Glasgow → Dublin,220,11:55,,,,50,Late Aircraft,1,150.0,49.0,1.8
FL13016,2023-01-11,1,Winter,Wednesday,AeroSwift,Airbus A320,London Heathrow,New York JFK,London Heathrow → New York JFK,5570,11:40,17.0,11.0,433.0,420,Weather,0,256.0,275.9,4.2
FL12569,2023-01-11,1,Winter,Wednesday,SkyWing Air,Airbus A320,Bristol,Malaga,Bristol → Malaga,1620,16:05,66.0,60.0,213.0,145,Security,0,184.0,122.13,2.7
FL14894,2023-01-11,1,Winter,Wednesday,CloudJet,Boeing 787,London Stansted,Warsaw Chopin,London Stansted → Warsaw Chopin,1470,09:50,11.0,23.0,155.0,135,Crew Availability,0,246.0,77.82,4.4
FL13314,2023-01-11,1,Winter,Wednesday,AeroSwift,Airbus A320,London Heathrow,Singapore Changi,London Heathrow → Singapore Changi,10840,06:15,8.0,5.0,754.0,745,Crew Availability,0,233.0,587.68,4.2
FL10919,2023-01-11,1,Winter,Wednesday,Atlantic Wings,Airbus A320,Leeds Bradford,Alicante,Leeds Bradford → Alicante,1590,06:55,0.0,0.0,147.0,145,On Time,0,96.0,99.44,4.6
FL10645,2023-01-11,1,Winter,Wednesday,CloudJet,Airbus A380,Edinburgh,Amsterdam,Edinburgh → Amsterdam,700,11:20,0.0,0.0,83.0,85,On Time,0,412.0,85.65,4.3
FL10323,2023-01-11,1,Winter,Wednesday,SkyWing Air,Embraer E190,Glasgow,Dublin,Glasgow → Dublin,220,20:10,14.0,21.0,66.0,50,Security,0,,74.35,4.4
FL11493,2023-01-11,1,Winter,Wednesday,Atlantic Wings,Boeing 787,Leeds Bradford,Alicante,Leeds Bradford → Alicante,1590,08:45,0.0,0.0,141.0,145,On Time,0,144.0,74.49,4.0
FL10687,2023-01-12,1,Winter,Thursday,Atlantic Wings,Boeing 737,London Stansted,Warsaw Chopin,London Stansted → Warsaw Chopin,1470,16:45,19.0,13.0,155.0,135,Security,0,72.0,75.09,4.1
FL12306,2023-01-12,1,Winter,Thursday,NovaStar,Embraer E190,London Stansted,Warsaw Chopin,London Stansted → Warsaw Chopin,1470,11:20,0.0,10.0,152.0,135,On Time,0,259.0,126.44,4.3
FL11875,2023-01-12,1,Winter,Thursday,CloudJet,Boeing 737,London Stansted,Warsaw Chopin,London Stansted → Warsaw Chopin,1470,06:50,0.0,12.0,153.0,135,On Time,0,312.0,75.23,4.0
FL13417,2023-01-12,1,Winter,Thursday,AeroSwift,Boeing 737,Leeds Bradford,Alicante,Leeds Bradford → Alicante,1590,16:05,0.0,0.0,148.0,145,On Time,0,247.0,105.14,5.0
FL13566,2023-01-12,1,Winter,Thursday,AeroSwift,Airbus A380,Bristol,Malaga,Bristol → Malaga,1620,15:55,16.0,23.0,178.0,145,Late Aircraft,0,414.0,114.45,3.7
FL11543,2023-01-12,1,Winter,Thursday,Atlantic Wings,Airbus A320,Leeds Bradford,Alicante,Leeds Bradford → Alicante,1590,13:50,10.0,6.0,151.0,145,Air Traffic Control,0,396.0,97.09,4.3
FL13562,2023-01-12,1,Winter,Thursday,PolarAir,Boeing 777,Manchester,Barcelona,Manchester → Barcelona,1440,05:50,41.0,40.0,176.0,130,Security,0,328.0,108.77,3.2
FL13061,2023-01-12,1,Winter,Thursday,Atlantic Wings,Airbus A320,London Heathrow,Toronto Pearson,London Heathrow → Toronto Pearson,5730,06:55,2.0,4.0,430.0,430,Late Aircraft,0,232.0,393.52,4.5
FL14358,2023-01-12,1,Winter,Thursday,PolarAir,Airbus A320,Manchester,Barcelona,Manchester → Barcelona,1440,22:00,0.0,0.0,125.0,130,On Time,0,347.0,94.9,4.9
FL12375,2023-01-12,1,Winter,Thursday,CloudJet,Airbus A320,London Stansted,Warsaw Chopin,London Stansted → Warsaw Chopin,1470,15:45,5.0,5.0,143.0,135,Security,0,243.0,89.63,3.4
FL12244,2023-01-13,1,Winter,Friday,SkyWing Air,Boeing 787,London Heathrow,Toronto Pearson,London Heathrow → Toronto Pearson,5730,06:30,0.0,0.0,430.0,430,On Time,0,341.0,375.76,4.8
FL10545,2023-01-13,1,Winter,Friday,NovaStar,Boeing 737,Leeds Bradford,Alicante,Leeds Bradford → Alicante,1590,09:15,0.0,0.0,148.0,145,On Time,0,241.0,108.81,4.3
FL11933,2023-01-13,1,Winter,Friday,AeroSwift,Embraer E190,Birmingham,Istanbul,Birmingham → Istanbul,2680,21:45,30.0,37.0,244.0,210,Late Aircraft,0,308.0,119.7,4.0
FL12081,2023-01-14,1,Winter,Saturday,NovaStar,Embraer E190,London Heathrow,Singapore Changi,London Heathrow → Singapore Changi,10840,07:00,48.0,48.0,792.0,745,Late Aircraft,0,415.0,617.45,2.9
FL10253,2023-01-14,1,Winter,Saturday,Atlantic Wings,Boeing 787,London Heathrow,Dubai,London Heathrow → Dubai,5490,08:45,27.0,23.0,435.0,415,Weather,0,111.0,391.4,4.4
FL13046,2023-01-14,1,Winter,Saturday,AeroSwift,Airbus A320,Glasgow,Dublin,Glasgow → Dublin,220,15:45,31.0,38.0,96.0,50,Technical,0,413.0,49.0,3.0
FL13912,2023-01-14,1,Winter,Saturday,SkyWing Air,Airbus A320,London Heathrow,New York JFK,London Heathrow → New York JFK,5570,14:55,7.0,6.0,426.0,420,Weather,0,269.0,380.75,3.3
FL13740,2023-01-14,1,Winter,Saturday,Atlantic Wings,Boeing 737,London Heathrow,Dubai,London Heathrow → Dubai,5490,07:35,30.0,36.0,454.0,415,Security,0,310.0,330.04,4.1
FL10799,2023-01-14,1,Winter,Saturday,NovaStar,Boeing 737,London Gatwick,Rome Fiumicino,London Gatwick → Rome Fiumicino,1430,08:20,15.0,19.0,157.0,135,Weather,0,200.0,134.66,3.9
FL10943,2023-01-14,1,Winter,Saturday,Atlantic Wings,Embraer E190,Birmingham,Istanbul,Birmingham → Istanbul,2680,21:45,,,,210,Security,1,380.0,245.06,2.4
FL11748,2023-01-14,1,Winter,Saturday,PolarAir,Airbus A320,London Heathrow,New York JFK,London Heathrow → New York JFK,5570,17:20,26.0,25.0,441.0,420,Late Aircraft,0,118.0,378.64,3.5
FL12885,2023-01-15,1,Winter,Sunday,SkyWing Air,Embraer E190,Leeds Bradford,Alicante,Leeds Bradford → Alicante,1590,17:35,22.0,17.0,157.0,145,Crew Availability,0,62.0,164.43,4.3
FL10247,2023-01-15,1,Winter,Sunday,CloudJet,Boeing 737,Glasgow,Dublin,Glasgow → Dublin,220,11:50,,,,50,Crew Availability,1,187.0,54.61,1.3
FL12477,2023-01-15,1,Winter,Sunday,SkyWing Air,Boeing 737,London Stansted,Warsaw Chopin,London Stansted → Warsaw Chopin,1470,06:00,1.0,0.0,134.0,135,Crew Availability,0,235.0,155.02,3.8
FL11399,2023-01-15,1,Winter,Sunday,CloudJet,Boeing 777,London Stansted,Warsaw Chopin,London Stansted → Warsaw Chopin,1470,08:20,7.0,2.0,138.0,135,Air Traffic Control,0,277.0,137.77,3.7
FL12595,2023-01-15,1,Winter,Sunday,NovaStar,Boeing 737,London Gatwick,Rome Fiumicino,London Gatwick → Rome Fiumicino,1430,16:45,4.0,1.0,145.0,135,Air Traffic Control,0,378.0,91.65,3.9
FL14819,2023-01-15,1,Winter,Sunday,Atlantic Wings,Airbus A380,London Stansted,Warsaw Chopin,London Stansted → Warsaw Chopin,1470,05:40,,,,135,Technical,1,73.0,138.55,1.0
FL11652,2023-01-15,1,Winter,Sunday,NovaStar,Airbus A320,Birmingham,Istanbul,Birmingham → Istanbul,2680,05:35,0.0,5.0,223.0,210,On Time,0,108.0,116.27,4.4
FL12399,2023-01-15,1,Winter,Sunday,AeroSwift,Boeing 737,Edinburgh,Amsterdam,Edinburgh → Amsterdam,700,12:35,7.0,21.0,110.0,85,Air Traffic Control,0,174.0,49.0,4.2
FL13489,2023-01-15,1,Winter,Sunday,Atlantic Wings,Airbus A320,London Heathrow,Singapore Changi,London Heathrow → Singapore Changi,10840,09:45,14.0,20.0,773.0,745,Crew Availability,0,381.0,688.6,3.3
FL11654,2023-01-16,1,Winter,Monday,PolarAir,Boeing 737,Glasgow,Dublin,Glasgow → Dublin,220,09:35,0.0,11.0,68.0,50,On Time,0,383.0,49.0,4.4
FL10719,2023-01-16,1,Winter,Monday,PolarAir,Boeing 737,London Heathrow,New York JFK,London Heathrow → New York JFK,5570,11:45,56.0,63.0,478.0,420,Air Traffic Control,0,280.0,361.27,2.5
FL14962,2023-01-16,1,Winter,Monday,CloudJet,Boeing 777,London Heathrow,Toronto Pearson,London Heathrow → Toronto Pearson,5730,10:35,1.0,1.0,441.0,430,Air Traffic Control,0,395.0,320.19,4.3
FL10745,2023-01-16,1,Winter,Monday,Atlantic Wings,Embraer E190,Edinburgh,Amsterdam,Edinburgh → Amsterdam,700,15:05,,,,85,Late Aircraft,1,152.0,49.0,1.4
FL13653,2023-01-16,1,Winter,Monday,AeroSwift,Embraer E190,London Heathrow,New York JFK,London Heathrow → New York JFK,5570,10:15,6.0,21.0,438.0,420,Late Aircraft,0,100.0,257.58,3.3
FL12824,2023-01-16,1,Winter,Monday,CloudJet,Boeing 787,Edinburgh,Amsterdam,Edinburgh → Amsterdam,700,17:25,56.0,64.0,148.0,85,Security,0,164.0,49.0,3.4
FL10327,2023-01-16,1,Winter,Monday,PolarAir,Airbus A320,Edinburgh,Amsterdam,Edinburgh → Amsterdam,700,10:20,0.0,7.0,98.0,85,On Time,0,297.0,49.0,4.6
FL12770,2023-01-16,1,Winter,Monday,CloudJet,Airbus A320,Edinburgh,Amsterdam,Edinburgh → Amsterdam,700,12:15,38.0,47.0,133.0,85,Technical,0,162.0,59.61,2.2
FL14549,2023-01-16,1,Winter,Monday,CloudJet,Embraer E190,Edinburgh,Amsterdam,Edinburgh → Amsterdam,700,09:15,12.0,7.0,92.0,85,Crew Availability,0,228.0,107.35,
FL10147,2023-01-17,1,Winter,Tuesday,AeroSwift,Boeing 737,Edinburgh,Amsterdam,Edinburgh → Amsterdam,700,06:45,26.0,37.0,118.0,85,Crew Availability,0,185.0,49.0,4.1
FL10756,2023-01-17,1,Winter,Tuesday,Atlantic Wings,Boeing 777,Birmingham,Istanbul,Birmingham → Istanbul,2680,17:00,20.0,23.0,230.0,210,Weather,0,319.0,183.95,3.7
FL14265,2023-01-17,1,Winter,Tuesday,AeroSwift,Airbus A320,Bristol,Malaga,Bristol → Malaga,1620,11:15,0.0,0.0,151.0,145,On Time,0,412.0,140.38,
FL10105,2023-01-17,1,Winter,Tuesday,Atlantic Wings,Boeing 777,Glasgow,Dublin,Glasgow → Dublin,220,15:55,0.0,5.0,50.0,50,On Time,0,374.0,49.0,4.2
FL11580,2023-01-17,1,Winter,Tuesday,Atlantic Wings,Boeing 737,Glasgow,Dublin,Glasgow → Dublin,220,13:40,49.0,52.0,108.0,50,Crew Availability,0,331.0,83.08,2.3
FL14471,2023-01-18,1,Winter,Wednesday,NovaStar,Embraer E190,Glasgow,Dublin,Glasgow → Dublin,220,19:25,10.0,2.0,55.0,50,Air Traffic Control,0,232.0,49.0,4.2
FL11090,2023-01-18,1,Winter,Wednesday,NovaStar,Boeing 787,London Heathrow,Toronto Pearson,London Heathrow → Toronto Pearson,5730,22:40,1.0,0.0,433.0,430,Weather,0,84.0,323.03,4.4
FL11428,2023-01-18,1,Winter,Wednesday,NovaStar,Airbus A320,London Gatwick,Rome Fiumicino,London Gatwick → Rome Fiumicino,1430,17:35,18.0,25.0,167.0,135,Technical,0,375.0,95.85,3.0
FL14694,2023-01-18,1,Winter,Wednesday,PolarAir,Airbus A320,Birmingham,Istanbul,Birmingham → Istanbul,2680,21:30,25.0,35.0,247.0,210,Late Aircraft,0,353.0,170.09,3.3
FL13122,2023-01-18,1,Winter,Wednesday,NovaStar,Airbus A380,Birmingham,Istanbul,Birmingham → Istanbul,2680,13:00,0.0,12.0,219.0,210,On Time,0,239.0,174.74,4.6
FL13125,2023-01-18,1,Winter,Wednesday,PolarAir,Boeing 777,Manchester,Barcelona,Manchester → Barcelona,1440,20:40,9.0,24.0,162.0,130,Crew Availability,0,,147.29,3.1
FL13707,2023-01-19,1,Winter,Thursday,AeroSwift,Boeing 777,London Heathrow,Dubai,London Heathrow → Dubai,5490,07:35,48.0,45.0,470.0,415,Late Aircraft,0,351.0,343.59,3.4
FL14619,2023-01-19,1,Winter,Thursday,Atlantic Wings,,London Heathrow,New York JFK,London Heathrow → New York JFK,5570,06:10,8.0,11.0,431.0,420,Technical,0,186.0,379.43,3.8
FL11457,2023-01-19,1,Winter,Thursday,CloudJet,Embraer E190,London Heathrow,Dubai,London Heathrow → Dubai,5490,10:00,47.0,44.0,463.0,415,Air Traffic Control,0,160.0,336.59,3.0
FL14634,2023-01-19,1,Winter,Thursday,Atlantic Wings,Boeing 737,London Heathrow,Toronto Pearson,London Heathrow → Toronto Pearson,5730,22:05,8.0,23.0,462.0,430,Late Aircraft,0,415.0,421.81,3.6
FL14955,2023-01-19,1,Winter,Thursday,SkyWing Air,Embraer E190,Glasgow,Dublin,Glasgow → Dublin,220,18:55,17.0,15.0,61.0,50,Security,0,72.0,49.0,4.4
FL13100,2023-01-19,1,Winter,Thursday,PolarAir,Airbus A320,London Gatwick,Rome Fiumicino,London Gatwick → Rome Fiumicino,1430,12:30,11.0,13.0,155.0,135,Crew Availability,0,387.0,152.92,3.7
FL12685,2023-01-19,1,Winter,Thursday,AeroSwift,Airbus A320,Leeds Bradford,Alicante,Leeds Bradford → Alicante,1590,21:45,17.0,23.0,174.0,145,Technical,0,401.0,78.1,3.3
FL13860,2023-01-19,1,Winter,Thursday,Atlantic Wings,Boeing 777,London Heathrow,New York JFK,London Heathrow → New York JFK,5570,13:50,41.0,40.0,464.0,420,Air Traffic Control,0,357.0,359.59,3.0
FL12087,2023-01-19,1,Winter,Thursday,SkyWing Air,Boeing 777,London Stansted,Warsaw Chopin,London Stansted → Warsaw Chopin,1470,09:45,34.0,34.0,164.0,135,Security,0,,140.93,2.7
FL14114,2023-01-19,1,Winter,Thursday,AeroSwift,Embraer E190,London Heathrow,New York JFK,London Heathrow → New York JFK,5570,09:35,13.0,11.0,428.0,420,Weather,0,228.0,274.22,3.3
FL13743,2023-01-20,1,Winter,Friday,CloudJet,Boeing 737,London Stansted,Warsaw Chopin,London Stansted → Warsaw Chopin,1470,10:05,38.0,42.0,180.0,135,Technical,0,315.0,68.3,2.9
FL13745,2023-01-20,1,Winter,Friday,NovaStar,Airbus A320,Bristol,Malaga,Bristol → Malaga,1620,09:25,25.0,20.0,166.0,145,Crew Availability,0,116.0,124.85,3.8
FL12171,2023-01-20,1,Winter,Friday,AeroSwift,Airbus A320,Glasgow,Dublin,Glasgow → Dublin,220,11:55,6.0,15.0,71.0,50,Technical,0,295.0,49.0,3.1
FL11487,2023-01-20,1,Winter,Friday,AeroSwift,Airbus A320,London Heathrow,Dubai,London Heathrow → Dubai,5490,10:15,0.0,0.0,420.0,415,On Time,0,410.0,260.34,3.8
FL11927,2023-01-21,1,Winter,Saturday,PolarAir,Embraer E190,London Gatwick,Rome Fiumicino,London Gatwick → Rome Fiumicino,1430,12:45,,,,135,Security,1,309.0,61.68,2.0
FL11080,2023-01-21,1,Winter,Saturday,AeroSwift,Airbus A320,London Heathrow,Singapore Changi,London Heathrow → Singapore Changi,10840,09:40,35.0,29.0,772.0,745,Security,0,415.0,540.94,2.2
FL11611,2023-01-21,1,Winter,Saturday,AeroSwift,Boeing 737,London Heathrow,Singapore Changi,London Heathrow → Singapore Changi,10840,08:45,4.0,4.0,750.0,745,Technical,0,322.0,513.8,4.0
FL14327,2023-01-21,1,Winter,Saturday,NovaStar,Boeing 737,Bristol,Malaga,Bristol → Malaga,1620,10:20,0.0,0.0,141.0,145,On Time,0,414.0,138.81,4.4
FL14646,2023-01-21,1,Winter,Saturday,SkyWing Air,Boeing 777,London Heathrow,Singapore Changi,London Heathrow → Singapore Changi,10840,11:00,4.0,10.0,755.0,745,Technical,0,325.0,754.61,3.2
FL13946,2023-01-21,1,Winter,Saturday,NovaStar,Airbus A320,Edinburgh,Amsterdam,Edinburgh → Amsterdam,700,15:40,0.0,0.0,83.0,85,On Time,0,309.0,49.0,4.7
FL13211,2023-01-22,1,Winter,Sunday,NovaStar,Boeing 737,Birmingham,Istanbul,Birmingham → Istanbul,2680,22:55,0.0,6.0,226.0,210,On Time,0,86.0,127.29,4.6
FL13112,2023-01-22,1,Winter,Sunday,NovaStar,Airbus A380,London Stansted,Warsaw Chopin,London Stansted → Warsaw Chopin,1470,09:45,0.0,0.0,145.0,135,On Time,0,330.0,100.35,4.1
FL10928,2023-01-22,1,Winter,Sunday,PolarAir,Boeing 737,London Gatwick,Rome Fiumicino,London Gatwick → Rome Fiumicino,1430,17:35,6.0,15.0,157.0,135,Technical,0,124.0,105.24,4.3
FL13561,2023-01-22,1,Winter,Sunday,PolarAir,Boeing 787,Edinburgh,Amsterdam,Edinburgh → Amsterdam,700,08:35,76.0,82.0,168.0,85,Late Aircraft,0,366.0,49.0,2.8
FL14068,2023-01-22,1,Winter,Sunday,CloudJet,Airbus A380,Manchester,Barcelona,Manchester → Barcelona,1440,11:40,14.0,18.0,147.0,130,Technical,0,182.0,66.7,3.1
FL11569,2023-01-22,1,Winter,Sunday,NovaStar,Boeing 787,Glasgow,Dublin,Glasgow → Dublin,220,13:30,8.0,16.0,76.0,50,Crew Availability,0,81.0,49.0,3.9
FL14600,2023-01-22,1,Winter,Sunday,CloudJet,Boeing 777,Edinburgh,Amsterdam,Edinburgh → Amsterdam,700,13:40,12.0,23.0,106.0,85,Technical,0,142.0,49.0,3.9
FL12933,2023-01-23,1,Winter,Monday,PolarAir,Boeing 737,London Gatwick,Rome Fiumicino,London Gatwick → Rome Fiumicino,1430,14:35,2.0,2.0,141.0,135,Technical,0,354.0,121.01,4.0
FL13966,2023-01-23,1,Winter,Monday,Atlantic Wings,Boeing 737,Leeds Bradford,Alicante,Leeds Bradford → Alicante,1590,08:25,44.0,51.0,198.0,145,Late Aircraft,0,121.0,80.55,2.3
FL13701,2023-01-23,1,Winter,Monday,CloudJet,Airbus A320,Edinburgh,Amsterdam,Edinburgh → Amsterdam,700,14:05,26.0,38.0,130.0,85,Late Aircraft,0,419.0,105.6,4.1
FL12902,2023-01-23,1,Winter,Monday,Atlantic Wings,Airbus A320,London Heathrow,New York JFK,London Heathrow → New York JFK,5570,14:50,63.0,63.0,489.0,420,Crew Availability,0,94.0,408.66,2.5
FL14765,2023-01-23,1,Winter,Monday,AeroSwift,Boeing 737,Leeds Bradford,Alicante,Leeds Bradford → Alicante,1590,13:15,48.0,56.0,205.0,145,Weather,0,88.0,102.97,2.2
FL12313,2023-01-23,1,Winter,Monday,CloudJet,Airbus A320,London Heathrow,Singapore Changi,London Heathrow → Singapore Changi,10840,11:05,46.0,48.0,798.0,745,Security,0,85.0,696.29,2.8
FL11095,2023-01-24,1,Winter,Tuesday,Atlantic Wings,Airbus A320,London Heathrow,Dubai,London Heathrow → Dubai,5490,13:20,28.0,28.0,438.0,415,Air Traffic Control,0,175.0,368.05,4.1
FL14316,2023-01-24,1,Winter,Tuesday,PolarAir,Boeing 737,Glasgow,Dublin,Glasgow → Dublin,220,08:55,0.0,0.0,52.0,50,On Time,0,248.0,72.38,4.4
FL11626,2023-01-24,1,Winter,Tuesday,AeroSwift,Airbus A380,London Heathrow,New York JFK,London Heathrow → New York JFK,5570,07:30,0.0,0.0,427.0,420,On Time,0,408.0,272.59,3.9
FL11437,2023-01-24,1,Winter,Tuesday,NovaStar,Airbus A320,London Heathrow,Dubai,London Heathrow → Dubai,5490,17:55,23.0,22.0,447.0,415,Technical,0,163.0,314.54,4.4
FL14882,2023-01-24,1,Winter,Tuesday,PolarAir,Boeing 787,Edinburgh,Amsterdam,Edinburgh → Amsterdam,700,12:10,11.0,13.0,104.0,85,Late Aircraft,0,150.0,107.0,3.9
FL12195,2023-01-24,1,Winter,Tuesday,Atlantic Wings,Boeing 737,Bristol,Malaga,Bristol → Malaga,1620,06:55,32.0,33.0,187.0,145,Air Traffic Control,0,345.0,124.0,3.3
FL11470,2023-01-25,1,Winter,Wednesday,SkyWing Air,Boeing 787,London Gatwick,Rome Fiumicino,London Gatwick → Rome Fiumicino,1430,12:55,33.0,27.0,167.0,135,Weather,0,177.0,87.84,2.1
FL12148,2023-01-25,1,Winter,Wednesday,AeroSwift,Boeing 777,London Gatwick,Rome Fiumicino,London Gatwick → Rome Fiumicino,1430,09:10,5.0,4.0,149.0,135,Late Aircraft,0,337.0,71.62,3.8
FL11777,2023-01-25,1,Winter,Wednesday,Atlantic Wings,Airbus A320,London Gatwick,Rome Fiumicino,London Gatwick → Rome Fiumicino,1430,05:00,62.0,77.0,212.0,135,Weather,0,,116.58,2.4
FL13778,2023-01-25,1,Winter,Wednesday,Atlantic Wings,Airbus A320,Edinburgh,Amsterdam,Edinburgh → Amsterdam,700,12:15,33.0,47.0,139.0,85,Air Traffic Control,0,230.0,49.18,2.0
FL14862,2023-01-25,1,Winter,Wednesday,SkyWing Air,Airbus A320,London Heathrow,New York JFK,London Heathrow → New York JFK,5570,07:05,0.0,8.0,432.0,420,On Time,0,131.0,431.18,
FL10939,2023-01-25,1,Winter,Wednesday,PolarAir,Boeing 787,Birmingham,Istanbul,Birmingham → Istanbul,2680,14:00,23.0,37.0,250.0,210,Air Traffic Control,0,289.0,152.09,4.5
FL10892,2023-01-25,1,Winter,Wednesday,Atlantic Wings,Boeing 737,Birmingham,Istanbul,Birmingham → Istanbul,2680,18:30,54.0,69.0,282.0,210,Late Aircraft,0,243.0,196.88,3.2
FL10581,2023-01-25,1,Winter,Wednesday,AeroSwift,Airbus A320,Leeds Bradford,Alicante,Leeds Bradford → Alicante,1590,09:15,15.0,8.0,155.0,145,Crew Availability,0,411.0,87.52,4.0
FL10975,2023-01-25,1,Winter,Wednesday,Atlantic Wings,Boeing 787,London Gatwick,Rome Fiumicino,London Gatwick → Rome Fiumicino,1430,05:15,59.0,65.0,196.0,135,Weather,0,348.0,122.56,3.3
FL10435,2023-01-26,1,Winter,Thursday,PolarAir,Airbus A380,Bristol,Malaga,Bristol → Malaga,1620,08:35,70.0,66.0,216.0,145,Weather,0,391.0,101.45,3.1
FL12234,2023-01-26,1,Winter,Thursday,CloudJet,Boeing 787,London Heathrow,New York JFK,London Heathrow → New York JFK,5570,07:20,2.0,1.0,421.0,420,Security,0,321.0,337.98,4.4
FL13442,2023-01-26,1,Winter,Thursday,NovaStar,Boeing 737,London Heathrow,Toronto Pearson,London Heathrow → Toronto Pearson,5730,11:55,0.0,6.0,438.0,430,On Time,0,117.0,275.41,4.3
FL11930,2023-01-26,1,Winter,Thursday,NovaStar,Boeing 777,Leeds Bradford,Alicante,Leeds Bradford → Alicante,1590,07:25,4.0,12.0,156.0,145,Weather,0,368.0,109.42,3.3
FL12673,2023-01-26,1,Winter,Thursday,CloudJet,Boeing 777,London Heathrow,New York JFK,London Heathrow → New York JFK,5570,06:55,8.0,23.0,448.0,420,Weather,0,252.0,361.77,4.5
FL14852,2023-01-26,1,Winter,Thursday,AeroSwift,Boeing 737,London Heathrow,Dubai,London Heathrow → Dubai,5490,09:35,15.0,27.0,444.0,415,Air Traffic Control,0,180.0,265.47,3.9
FL13556,2023-01-26,1,Winter,Thursday,PolarAir,Airbus A320,Glasgow,Dublin,Glasgow → Dublin,220,17:45,17.0,30.0,81.0,50,Technical,0,208.0,76.18,3.3
FL14089,2023-01-26,1,Winter,Thursday,Atlantic Wings,Airbus A380,Edinburgh,Amsterdam,Edinburgh → Amsterdam,700,08:30,5.0,1.0,86.0,85,Technical,0,129.0,49.0,3.4
FL10924,2023-01-26,1,Winter,Thursday,PolarAir,Embraer E190,London Heathrow,Dubai,London Heathrow → Dubai,5490,09:45,9.0,18.0,432.0,415,Technical,0,340.0,311.89,4.4
FL11758,2023-01-26,1,Winter,Thursday,NovaStar,Boeing 737,London Heathrow,Dubai,London Heathrow → Dubai,5490,15:10,0.0,5.0,417.0,415,On Time,0,238.0,323.56,4.8
FL12746,2023-01-27,1,Winter,Friday,Atlantic Wings,Boeing 787,Glasgow,Dublin,Glasgow → Dublin,220,08:25,35.0,31.0,86.0,50,Technical,0,308.0,67.74,2.8
FL12136,2023-01-27,1,Winter,Friday,AeroSwift,Boeing 737,London Stansted,Warsaw Chopin,London Stansted → Warsaw Chopin,1470,12:55,37.0,45.0,182.0,135,Weather,0,80.0,86.98,2.1
FL14547,2023-01-27,1,Winter,Friday,AeroSwift,Airbus A380,Birmingham,Istanbul,Birmingham → Istanbul,2680,05:55,48.0,56.0,275.0,210,Security,0,161.0,134.94,2.7
FL13233,2023-01-27,1,Winter,Friday,AeroSwift,,Bristol,Malaga,Bristol → Malaga,1620,10:00,10.0,9.0,153.0,145,Crew Availability,0,62.0,112.2,3.8
FL10770,2023-01-27,1,Winter,Friday,CloudJet,Airbus A320,Edinburgh,Amsterdam,Edinburgh → Amsterdam,700,10:45,32.0,38.0,122.0,85,Security,0,292.0,49.0,2.4
FL13881,2023-01-27,1,Winter,Friday,NovaStar,Boeing 787,London Heathrow,Singapore Changi,London Heathrow → Singapore Changi,10840,06:15,1.0,2.0,750.0,745,Crew Availability,0,239.0,555.36,3.3
FL14612,2023-01-28,1,Winter,Saturday,AeroSwift,Boeing 737,Leeds Bradford,Alicante,Leeds Bradford → Alicante,1590,21:45,45.0,49.0,189.0,145,Late Aircraft,0,136.0,100.2,3.2
FL13327,2023-01-28,1,Winter,Saturday,SkyWing Air,Boeing 737,London Heathrow,Toronto Pearson,London Heathrow → Toronto Pearson,5730,14:40,6.0,13.0,439.0,430,Late Aircraft,0,212.0,409.09,3.1
FL13723,2023-01-28,1,Winter,Saturday,PolarAir,Airbus A320,Edinburgh,Amsterdam,Edinburgh → Amsterdam,700,16:35,17.0,18.0,103.0,85,Technical,0,278.0,49.0,3.7
FL13786,2023-01-28,1,Winter,Saturday,PolarAir,Embraer E190,Manchester,Barcelona,Manchester → Barcelona,1440,07:40,160.0,158.0,288.0,130,Crew Availability,0,197.0,96.52,1.5
FL14131,2023-01-28,1,Winter,Saturday,PolarAir,Airbus A320,Manchester,Barcelona,Manchester → Barcelona,1440,22:30,0.0,14.0,139.0,130,On Time,0,242.0,89.63,4.7
FL13289,2023-01-28,1,Winter,Saturday,NovaStar,Boeing 787,London Heathrow,Toronto Pearson,London Heathrow → Toronto Pearson,5730,10:10,29.0,37.0,474.0,430,Air Traffic Control,0,331.0,277.81,4.3
FL12288,2023-01-28,1,Winter,Saturday,PolarAir,Boeing 777,London Heathrow,Singapore Changi,London Heathrow → Singapore Changi,10840,11:25,15.0,18.0,764.0,745,Security,0,248.0,649.26,4.3
FL14548,2023-01-28,1,Winter,Saturday,AeroSwift,Embraer E190,London Gatwick,Rome Fiumicino,London Gatwick → Rome Fiumicino,1430,07:30,0.0,0.0,145.0,135,On Time,0,289.0,61.96,5.0
FL11303,2023-01-28,1,Winter,Saturday,NovaStar,Boeing 737,London Heathrow,Toronto Pearson,London Heathrow → Toronto Pearson,5730,17:55,9.0,16.0,452.0,430,Technical,0,125.0,334.75,4.1
FL11084,2023-01-28,1,Winter,Saturday,Atlantic Wings,Boeing 737,Leeds Bradford,Alicante,Leeds Bradford → Alicante,1590,08:55,,,,145,Air Traffic Control,1,144.0,155.36,2.1
FL14128,2023-01-28,1,Winter,Saturday,CloudJet,Airbus A380,Leeds Bradford,Alicante,Leeds Bradford → Alicante,1590,11:45,29.0,37.0,189.0,145,Technical,0,102.0,154.52,4.4
FL11659,2023-01-29,1,Winter,Sunday,SkyWing Air,Airbus A380,London Heathrow,Toronto Pearson,London Heathrow → Toronto Pearson,5730,22:00,24.0,19.0,452.0,430,Technical,0,333.0,351.36,3.5
FL13169,2023-01-29,1,Winter,Sunday,CloudJet,Boeing 777,Edinburgh,Amsterdam,Edinburgh → Amsterdam,700,05:10,64.0,56.0,146.0,85,Air Traffic Control,0,416.0,49.0,3.3
FL13357,2023-01-29,1,Winter,Sunday,AeroSwift,Airbus A320,London Gatwick,Rome Fiumicino,London Gatwick → Rome Fiumicino,1430,11:05,3.0,0.0,135.0,135,Weather,0,362.0,97.92,4.4
FL12443,2023-01-29,1,Winter,Sunday,Atlantic Wings,Embraer E190,Bristol,Malaga,Bristol → Malaga,1620,06:30,,,,145,Late Aircraft,1,199.0,74.87,2.4
FL10908,2023-01-29,1,Winter,Sunday,NovaStar,Airbus A320,London Stansted,Warsaw Chopin,London Stansted → Warsaw Chopin,1470,20:05,37.0,35.0,180.0,135,Crew Availability,0,153.0,108.0,2.8
FL14669,2023-01-29,1,Winter,Sunday,Atlantic Wings,Airbus A320,London Heathrow,New York JFK,London Heathrow → New York JFK,5570,16:40,143.0,147.0,567.0,420,Air Traffic Control,0,332.0,353.8,1.7
FL14752,2023-01-29,1,Winter,Sunday,SkyWing Air,Boeing 737,Edinburgh,Amsterdam,Edinburgh → Amsterdam,700,07:45,5.0,11.0,106.0,85,Technical,0,269.0,49.0,3.1
FL14058,2023-01-30,1,Winter,Monday,PolarAir,Embraer E190,Edinburgh,Amsterdam,Edinburgh → Amsterdam,700,10:10,29.0,24.0,116.0,85,Air Traffic Control,0,174.0,49.0,3.5
FL12514,2023-01-30,1,Winter,Monday,SkyWing Air,Boeing 737,Bristol,Malaga,Bristol → Malaga,1620,07:10,62.0,68.0,217.0,145,Late Aircraft,0,229.0,177.77,2.1
FL11761,2023-01-30,1,Winter,Monday,Atlantic Wings,Airbus A320,London Heathrow,Dubai,London Heathrow → Dubai,5490,09:35,28.0,42.0,467.0,415,Weather,0,305.0,424.56,3.6
FL14635,2023-01-30,1,Winter,Monday,SkyWing Air,Airbus A320,London Heathrow,Singapore Changi,London Heathrow → Singapore Changi,10840,11:05,0.0,5.0,758.0,745,On Time,0,128.0,775.07,4.2
FL11395,2023-01-30,1,Winter,Monday,Atlantic Wings,Boeing 737,London Heathrow,New York JFK,London Heathrow → New York JFK,5570,05:40,97.0,99.0,521.0,420,Late Aircraft,0,355.0,437.61,1.0
FL10490,2023-01-30,1,Winter,Monday,SkyWing Air,Embraer E190,Bristol,Malaga,Bristol → Malaga,1620,08:50,8.0,20.0,160.0,145,Air Traffic Control,0,228.0,156.92,4.5
FL12266,2023-01-31,1,Winter,Tuesday,CloudJet,Boeing 737,London Heathrow,Dubai,London Heathrow → Dubai,5490,11:55,90.0,95.0,512.0,415,Air Traffic Control,0,332.0,339.97,2.7
FL12410,2023-01-31,1,Winter,Tuesday,CloudJet,Boeing 787,London Heathrow,New York JFK,London Heathrow → New York JFK,5570,09:35,28.0,35.0,452.0,420,Crew Availability,0,359.0,397.31,4.0
FL11643,2023-01-31,1,Winter,Tuesday,NovaStar,Boeing 777,Leeds Bradford,Alicante,Leeds Bradford → Alicante,1590,19:30,18.0,15.0,161.0,145,Weather,0,272.0,94.75,3.6
FL13320,2023-01-31,1,Winter,Tuesday,Atlantic Wings,Boeing 777,Bristol,Malaga,Bristol → Malaga,1620,07:55,,,,145,Late Aircraft,1,388.0,110.08,1.1
FL13058,2023-02-01,2,Winter,Wednesday,CloudJet,Airbus A320,Edinburgh,Amsterdam,Edinburgh → Amsterdam,700,17:05,2.0,7.0,87.0,85,Security,0,,55.04,4.1
FL11390,2023-02-01,2,Winter,Wednesday,AeroSwift,Boeing 737,Edinburgh,Amsterdam,Edinburgh → Amsterdam,700,09:15,19.0,13.0,99.0,85,Crew Availability,0,182.0,54.1,4.2
FL11538,2023-02-01,2,Winter,Wednesday,NovaStar,Boeing 777,London Heathrow,Toronto Pearson,London Heathrow → Toronto Pearson,5730,15:40,12.0,6.0,436.0,430,Late Aircraft,0,265.0,297.23,3.2
FL12062,2023-02-01,2,Winter,Wednesday,Atlantic Wings,Boeing 737,London Gatwick,Rome Fiumicino,London Gatwick → Rome Fiumicino,1430,10:45,41.0,49.0,189.0,135,Technical,0,380.0,156.37,3.0
FL12686,2023-02-01,2,Winter,Wednesday,Atlantic Wings,Boeing 737,Edinburgh,Amsterdam,Edinburgh → Amsterdam,700,13:15,62.0,57.0,150.0,85,Security,0,399.0,123.14,3.1
FL11911,2023-02-01,2,Winter,Wednesday,Atlantic Wings,Airbus A380,London Heathrow,New York JFK,London Heathrow → New York JFK,5570,12:35,6.0,10.0,433.0,420,Late Aircraft,0,354.0,396.41,3.1
FL10599,2023-02-02,2,Winter,Thursday,AeroSwift,Embraer E190,Bristol,Malaga,Bristol → Malaga,1620,14:20,8.0,17.0,162.0,145,Late Aircraft,0,288.0,95.63,4.4
FL12522,2023-02-02,2,Winter,Thursday,CloudJet,Airbus A320,London Gatwick,Rome Fiumicino,London Gatwick → Rome Fiumicino,1430,10:25,9.0,4.0,143.0,135,Crew Availability,0,164.0,67.84,3.4
FL14980,2023-02-02,2,Winter,Thursday,AeroSwift,Boeing 787,Manchester,Barcelona,Manchester → Barcelona,1440,11:40,2.0,1.0,137.0,130,Security,0,80.0,104.56,4.1
FL11824,2023-02-02,2,Winter,Thursday,NovaStar,Boeing 777,Leeds Bradford,Alicante,Leeds Bradford → Alicante,1590,09:10,14.0,20.0,166.0,145,Late Aircraft,0,228.0,97.48,4.0
FL10984,2023-02-02,2,Winter,Thursday,PolarAir,Airbus A320,Birmingham,Istanbul,Birmingham → Istanbul,2680,10:20,11.0,15.0,223.0,210,Security,0,276.0,180.66,4.0
FL10674,2023-02-02,2,Winter,Thursday,NovaStar,Boeing 737,London Heathrow,Singapore Changi,London Heathrow → Singapore Changi,10840,06:25,0.0,7.0,753.0,745,On Time,0,87.0,539.44,4.1
FL10459,2023-02-02,2,Winter,Thursday,PolarAir,Airbus A320,London Heathrow,Dubai,London Heathrow → Dubai,5490,08:25,0.0,6.0,430.0,415,On Time,0,78.0,363.91,3.8
FL14231,2023-02-03,2,Winter,Friday,NovaStar,Boeing 737,Glasgow,Dublin,Glasgow → Dublin,220,08:40,46.0,43.0,92.0,50,Late Aircraft,0,210.0,49.0,2.9
FL11033,2023-02-03,2,Winter,Friday,AeroSwift,Boeing 787,London Gatwick,Rome Fiumicino,London Gatwick → Rome Fiumicino,1430,20:25,0.0,14.0,155.0,135,On Time,0,401.0,66.24,4.5
FL12253,2023-02-03,2,Winter,Friday,SkyWing Air,Boeing 737,London Heathrow,Dubai,London Heathrow → Dubai,5490,22:45,0.0,1.0,411.0,415,On Time,0,217.0,400.04,4.1
FL11224,2023-02-03,2,Winter,Friday,PolarAir,Boeing 787,London Stansted,Warsaw Chopin,London Stansted → Warsaw Chopin,1470,14:15,38.0,47.0,181.0,135,Security,0,196.0,92.76,
FL13290,2023-02-03,2,Winter,Friday,NovaStar,Boeing 777,London Heathrow,Toronto Pearson,London Heathrow → Toronto Pearson,5730,17:45,4.0,6.0,441.0,430,Security,0,307.0,290.62,3.8
FL13620,2023-02-03,2,Winter,Friday,SkyWing Air,Boeing 737,London Heathrow,Toronto Pearson,London Heathrow → Toronto Pearson,5730,15:25,38.0,33.0,463.0,430,Technical,0,276.0,379.87,2.8
FL10398,2023-02-03,2,Winter,Friday,CloudJet,Boeing 787,London Heathrow,Dubai,London Heathrow → Dubai,5490,14:45,42.0,38.0,461.0,415,Late Aircraft,0,256.0,344.52,2.4
FL12561,2023-02-03,2,Winter,Friday,Atlantic Wings,Boeing 737,Bristol,Malaga,Bristol → Malaga,1620,19:55,4.0,0.0,147.0,145,Crew Availability,0,114.0,87.78,3.6
FL13376,2023-02-03,2,Winter,Friday,CloudJet,Boeing 787,London Heathrow,New York JFK,London Heathrow → New York JFK,5570,06:25,3.0,16.0,446.0,420,Crew Availability,0,385.0,405.07,4.0
FL11595,2023-02-04,2,Winter,Saturday,PolarAir,Boeing 787,London Heathrow,Singapore Changi,London Heathrow → Singapore Changi,10840,16:55,0.0,6.0,746.0,745,On Time,0,166.0,620.25,4.5
FL14463,2023-02-04,2,Winter,Saturday,AeroSwift,Airbus A320,London Gatwick,Rome Fiumicino,London Gatwick → Rome Fiumicino,1430,16:20,26.0,28.0,161.0,135,Technical,0,405.0,88.99,4.3
FL10329,2023-02-04,2,Winter,Saturday,AeroSwift,Airbus A380,Bristol,Malaga,Bristol → Malaga,1620,09:05,0.0,0.0,155.0,145,On Time,0,259.0,73.92,4.6
FL13766,2023-02-04,2,Winter,Saturday,Atlantic Wings,Boeing 777,London Heathrow,Singapore Changi,London Heathrow → Singapore Changi,10840,12:15,10.0,9.0,756.0,745,Late Aircraft,0,174.0,720.96,3.8
FL12583,2023-02-04,2,Winter,Saturday,Atlantic Wings,Embraer E190,London Stansted,Warsaw Chopin,London Stansted → Warsaw Chopin,1470,12:55,5.0,8.0,150.0,135,Crew Availability,0,287.0,66.37,3.8
FL13931,2023-02-04,2,Winter,Saturday,PolarAir,Boeing 777,London Heathrow,New York JFK,London Heathrow → New York JFK,5570,09:20,47.0,60.0,478.0,420,Crew Availability,0,309.0,318.93,2.6
FL13932,2023-02-04,2,Winter,Saturday,NovaStar,Embraer E190,London Heathrow,Toronto Pearson,London Heathrow → Toronto Pearson,5730,13:25,22.0,34.0,467.0,430,Weather,0,288.0,325.36,4.0
FL10223,2023-02-04,2,Winter,Saturday,CloudJet,Airbus A320,London Heathrow,New York JFK,London Heathrow → New York JFK,5570,18:05,,,,420,Technical,1,252.0,328.62,1.2
FL12601,2023-02-04,2,Winter,Saturday,CloudJet,Boeing 777,Glasgow,Dublin,Glasgow → Dublin,220,08:10,3.0,0.0,58.0,50,Technical,0,66.0,49.0,3.6
FL13335,2023-02-05,2,Winter,Sunday,CloudJet,Boeing 777,Bristol,Malaga,Bristol → Malaga,1620,17:05,,,,145,Security,1,278.0,145.07,2.0
FL11290,2023-02-05,2,Winter,Sunday,Atlantic Wings,Boeing 737,Edinburgh,Amsterdam,Edinburgh → Amsterdam,700,14:55,121.0,134.0,229.0,85,Security,0,267.0,100.92,1.0
FL10573,2023-02-05,2,Winter,Sunday,Atlantic Wings,Boeing 737,Glasgow,Dublin,Glasgow → Dublin,220,06:55,,,,50,Crew Availability,1,327.0,68.33,2.0
FL10229,2023-02-05,2,Winter,Sunday,NovaStar,Boeing 787,London Stansted,Warsaw Chopin,London Stansted → Warsaw Chopin,1470,22:45,13.0,24.0,157.0,135,Technical,0,289.0,143.66,3.3
FL14537,2023-02-05,2,Winter,Sunday,Atlantic Wings,Boeing 777,London Heathrow,Toronto Pearson,London Heathrow → Toronto Pearson,5730,11:40,1.0,9.0,436.0,430,Security,0,111.0,378.86,3.8
FL12592,2023-02-05,2,Winter,Sunday,PolarAir,Boeing 777,Edinburgh,Amsterdam,Edinburgh → Amsterdam,700,06:25,17.0,23.0,110.0,85,Crew Availability,0,382.0,49.0,3.5
FL11950,2023-02-05,2,Winter,Sunday,SkyWing Air,Boeing 787,London Stansted,Warsaw Chopin,London Stansted → Warsaw Chopin,1470,06:25,29.0,34.0,168.0,135,Technical,0,336.0,131.11,4.2
FL10242,2023-02-06,2,Winter,Monday,NovaStar,Boeing 787,Leeds Bradford,Alicante,Leeds Bradford → Alicante,1590,06:15,19.0,33.0,188.0,145,Technical,0,403.0,65.35,3.5
FL13976,2023-02-06,2,Winter,Monday,AeroSwift,Boeing 777,London Gatwick,Rome Fiumicino,London Gatwick → Rome Fiumicino,1430,20:45,32.0,44.0,184.0,135,Weather,0,269.0,108.67,3.1
FL10304,2023-02-06,2,Winter,Monday,CloudJet,Boeing 777,Edinburgh,Amsterdam,Edinburgh → Amsterdam,700,20:10,17.0,17.0,108.0,85,Late Aircraft,0,402.0,65.46,3.6
FL10933,2023-02-06,2,Winter,Monday,Atlantic Wings,Embraer E190,London Heathrow,Dubai,London Heathrow → Dubai,5490,07:05,,,,415,Weather,1,229.0,376.43,2.3
FL10926,2023-02-06,2,Winter,Monday,NovaStar,Boeing 737,Glasgow,Dublin,Glasgow → Dublin,220,08:50,0.0,7.0,64.0,50,On Time,0,204.0,49.0,4.6
FL13202,2023-02-06,2,Winter,Monday,AeroSwift,Airbus A320,Edinburgh,Amsterdam,Edinburgh → Amsterdam,700,06:20,5.0,6.0,92.0,85,Air Traffic Control,0,139.0,49.0,3.0
FL12113,2023-02-06,2,Winter,Monday,CloudJet,Boeing 737,Manchester,Barcelona,Manchester → Barcelona,1440,09:05,0.0,13.0,143.0,130,On Time,0,375.0,132.85,4.4
FL12138,2023-02-06,2,Winter,Monday,NovaStar,Boeing 737,Manchester,Barcelona,Manchester → Barcelona,1440,18:15,0.0,4.0,135.0,130,On Time,0,108.0,69.95,4.3
FL10781,2023-02-06,2,Winter,Monday,SkyWing Air,Boeing 737,Glasgow,Dublin,Glasgow → Dublin,220,09:30,35.0,28.0,82.0,50,Technical,0,214.0,51.57,2.0
FL13997,2023-02-07,2,Winter,Tuesday,CloudJet,Airbus A320,London Stansted,Warsaw Chopin,London Stansted → Warsaw Chopin,1470,08:30,0.0,3.0,146.0,135,On Time,0,102.0,110.94,4.0
FL13206,2023-02-07,2,Winter,Tuesday,PolarAir,Airbus A380,London Heathrow,Toronto Pearson,London Heathrow → Toronto Pearson,5730,14:35,28.0,43.0,470.0,430,Weather,0,78.0,353.86,3.2
FL10379,2023-02-07,2,Winter,Tuesday,PolarAir,Airbus A380,London Heathrow,Singapore Changi,London Heathrow → Singapore Changi,10840,16:40,16.0,17.0,759.0,745,Weather,0,230.0,625.38,3.7
FL10287,2023-02-07,2,Winter,Tuesday,NovaStar,Boeing 777,London Gatwick,Rome Fiumicino,London Gatwick → Rome Fiumicino,1430,08:40,0.0,0.0,141.0,135,On Time,0,260.0,115.83,4.1
FL14524,2023-02-07,2,Winter,Tuesday,Atlantic Wings,Boeing 737,London Stansted,Warsaw Chopin,London Stansted → Warsaw Chopin,1470,08:10,12.0,17.0,159.0,135,Air Traffic Control,0,151.0,127.99,3.0
FL12010,2023-02-07,2,Winter,Tuesday,SkyWing Air,Boeing 787,London Heathrow,New York JFK,London Heathrow → New York JFK,5570,15:45,24.0,26.0,454.0,420,Air Traffic Control,0,108.0,338.48,3.2
FL11430,2023-02-07,2,Winter,Tuesday,AeroSwift,Boeing 737,London Heathrow,Dubai,London Heathrow → Dubai,5490,08:50,45.0,54.0,466.0,415,Security,0,147.0,292.02,3.2
FL14891,2023-02-07,2,Winter,Tuesday,PolarAir,Airbus A320,London Heathrow,Dubai,London Heathrow → Dubai,5490,11:15,25.0,21.0,445.0,415,Weather,0,330.0,365.82,3.8
FL14572,2023-02-07,2,Winter,Tuesday,PolarAir,Boeing 787,Edinburgh,Amsterdam,Edinburgh → Amsterdam,700,12:05,0.0,0.0,81.0,85,On Time,0,254.0,49.0,4.8
FL14939,2023-02-07,2,Winter,Tuesday,AeroSwift,Embraer E190,London Heathrow,Singapore Changi,London Heathrow → Singapore Changi,10840,07:35,14.0,25.0,778.0,745,Air Traffic Control,0,95.0,562.06,3.8
FL12421,2023-02-08,2,Winter,Wednesday,PolarAir,Airbus A320,London Heathrow,Toronto Pearson,London Heathrow → Toronto Pearson,5730,09:50,9.0,12.0,441.0,430,Technical,0,286.0,394.41,4.2
FL10735,2023-02-08,2,Winter,Wednesday,Atlantic Wings,Airbus A320,London Heathrow,Dubai,London Heathrow → Dubai,5490,15:25,4.0,0.0,420.0,415,Technical,0,115.0,386.28,4.0
FL10136,2023-02-08,2,Winter,Wednesday,AeroSwift,Embraer E190,London Heathrow,Singapore Changi,London Heathrow → Singapore Changi,10840,09:10,22.0,15.0,770.0,745,Late Aircraft,0,155.0,617.98,
FL10985,2023-02-09,2,Winter,Thursday,PolarAir,Airbus A320,London Heathrow,Dubai,London Heathrow → Dubai,5490,15:40,0.0,0.0,413.0,415,On Time,0,292.0,333.91,4.3
FL12396,2023-02-09,2,Winter,Thursday,PolarAir,Boeing 777,Manchester,Barcelona,Manchester → Barcelona,1440,05:00,19.0,11.0,145.0,130,Security,0,313.0,49.0,4.1
FL14889,2023-02-09,2,Winter,Thursday,Atlantic Wings,Airbus A320,Manchester,Barcelona,Manchester → Barcelona,1440,10:00,,,,130,Technical,1,354.0,150.95,2.1
FL14165,2023-02-09,2,Winter,Thursday,NovaStar,Embraer E190,London Heathrow,Singapore Changi,London Heathrow → Singapore Changi,10840,14:50,34.0,29.0,769.0,745,Technical,0,417.0,611.23,2.5
FL10233,2023-02-09,2,Winter,Thursday,PolarAir,Airbus A380,Birmingham,Istanbul,Birmingham → Istanbul,2680,07:00,15.0,15.0,220.0,210,Air Traffic Control,0,232.0,149.29,4.2
FL10587,2023-02-09,2,Winter,Thursday,SkyWing Air,Boeing 787,London Heathrow,Singapore Changi,London Heathrow → Singapore Changi,10840,15:10,19.0,24.0,775.0,745,Air Traffic Control,0,320.0,740.03,4.1
FL14625,2023-02-09,2,Winter,Thursday,Atlantic Wings,Boeing 737,Bristol,Malaga,Bristol → Malaga,1620,10:15,29.0,33.0,174.0,145,Late Aircraft,0,183.0,162.24,3.1
FL12178,2023-02-10,2,Winter,Friday,Atlantic Wings,Boeing 737,London Heathrow,Singapore Changi,London Heathrow → Singapore Changi,10840,11:05,16.0,18.0,762.0,745,Technical,0,199.0,750.88,3.7
FL11034,2023-02-10,2,Winter,Friday,NovaStar,Embraer E190,London Heathrow,New York JFK,London Heathrow → New York JFK,5570,12:15,1.0,5.0,423.0,420,Late Aircraft,0,196.0,306.69,3.9
FL10936,2023-02-10,2,Winter,Friday,AeroSwift,Airbus A320,London Heathrow,Singapore Changi,London Heathrow → Singapore Changi,10840,06:35,61.0,53.0,804.0,745,Security,0,285.0,557.01,2.9
FL11567,2023-02-10,2,Winter,Friday,AeroSwift,Airbus A320,Glasgow,Dublin,Glasgow → Dublin,220,06:40,53.0,66.0,111.0,50,Air Traffic Control,0,397.0,49.0,2.7
FL14735,2023-02-10,2,Winter,Friday,CloudJet,Boeing 737,Birmingham,Istanbul,Birmingham → Istanbul,2680,10:25,0.0,3.0,218.0,210,On Time,0,352.0,210.68,4.5
FL10362,2023-02-10,2,Winter,Friday,NovaStar,Boeing 777,London Heathrow,Singapore Changi,London Heathrow → Singapore Changi,10840,08:50,9.0,7.0,761.0,745,Air Traffic Control,0,263.0,577.96,4.3
FL11434,2023-02-10,2,Winter,Friday,NovaStar,Boeing 737,Manchester,Barcelona,Manchester → Barcelona,1440,13:45,0.0,5.0,140.0,130,On Time,0,200.0,73.49,4.3
FL12670,2023-02-10,2,Winter,Friday,Atlantic Wings,Boeing 777,London Heathrow,Toronto Pearson,London Heathrow → Toronto Pearson,5730,17:00,19.0,27.0,455.0,430,Crew Availability,0,145.0,393.63,3.9
FL10290,2023-02-10,2,Winter,Friday,Atlantic Wings,Boeing 737,Birmingham,Istanbul,Birmingham → Istanbul,2680,11:40,108.0,108.0,321.0,210,Crew Availability,0,356.0,167.24,1.8
FL12508,2023-02-11,2,Winter,Saturday,CloudJet,Boeing 737,Glasgow,Dublin,Glasgow → Dublin,220,09:25,99.0,91.0,151.0,50,Weather,0,143.0,49.0,1.7
FL12069,2023-02-11,2,Winter,Saturday,PolarAir,Airbus A320,London Heathrow,Dubai,London Heathrow → Dubai,5490,14:05,13.0,14.0,435.0,415,Air Traffic Control,0,348.0,337.37,3.4
FL11354,2023-02-11,2,Winter,Saturday,SkyWing Air,Boeing 777,London Gatwick,Rome Fiumicino,London Gatwick → Rome Fiumicino,1430,15:15,5.0,2.0,134.0,135,Weather,0,150.0,83.88,4.3
FL13815,2023-02-11,2,Winter,Saturday,Atlantic Wings,Airbus A320,Edinburgh,Amsterdam,Edinburgh → Amsterdam,700,09:45,1.0,10.0,96.0,85,Security,0,74.0,49.0,4.5
FL14183,2023-02-11,2,Winter,Saturday,CloudJet,Embraer E190,Manchester,Barcelona,Manchester → Barcelona,1440,06:40,41.0,45.0,170.0,130,Security,0,360.0,122.48,2.0
FL13734,2023-02-11,2,Winter,Saturday,NovaStar,Boeing 737,Manchester,Barcelona,Manchester → Barcelona,1440,13:00,0.0,0.0,130.0,130,On Time,0,81.0,74.66,4.5
FL10039,2023-02-11,2,Winter,Saturday,SkyWing Air,Boeing 737,Edinburgh,Amsterdam,Edinburgh → Amsterdam,700,10:00,0.0,0.0,84.0,85,On Time,0,302.0,57.75,4.6
FL12505,2023-02-11,2,Winter,Saturday,NovaStar,Airbus A320,London Stansted,Warsaw Chopin,London Stansted → Warsaw Chopin,1470,06:35,26.0,28.0,158.0,135,Technical,0,204.0,62.06,4.4
FL11495,2023-02-11,2,Winter,Saturday,AeroSwift,Boeing 787,Birmingham,Istanbul,Birmingham → Istanbul,2680,08:25,16.0,9.0,221.0,210,Weather,0,232.0,179.41,3.4
FL13479,2023-02-12,2,Winter,Sunday,CloudJet,Airbus A320,Leeds Bradford,Alicante,Leeds Bradford → Alicante,1590,19:30,27.0,38.0,186.0,145,Air Traffic Control,0,224.0,151.1,4.0
FL10434,2023-02-12,2,Winter,Sunday,CloudJet,Boeing 737,London Stansted,Warsaw Chopin,London Stansted → Warsaw Chopin,1470,06:20,50.0,48.0,179.0,135,Security,0,400.0,84.06,2.5
FL10182,2023-02-12,2,Winter,Sunday,Atlantic Wings,Boeing 777,Bristol,Malaga,Bristol → Malaga,1620,13:30,18.0,30.0,179.0,145,Technical,0,76.0,121.1,3.7
FL13324,2023-02-12,2,Winter,Sunday,PolarAir,Airbus A320,Manchester,Barcelona,Manchester → Barcelona,1440,08:10,18.0,31.0,164.0,130,Weather,0,322.0,57.09,3.7
FL11982,2023-02-12,2,Winter,Sunday,CloudJet,Boeing 737,Manchester,Barcelona,Manchester → Barcelona,1440,07:45,65.0,69.0,205.0,130,Security,0,401.0,108.43,3.0
FL10914,2023-02-12,2,Winter,Sunday,AeroSwift,Airbus A320,London Heathrow,Dubai,London Heathrow → Dubai,5490,15:45,38.0,48.0,463.0,415,Security,0,388.0,239.28,2.5
FL12112,2023-02-12,2,Winter,Sunday,CloudJet,Airbus A320,London Stansted,Warsaw Chopin,London Stansted → Warsaw Chopin,1470,15:45,112.0,123.0,262.0,135,Security,0,149.0,158.09,1.8
FL11352,2023-02-13,2,Winter,Monday,AeroSwift,Airbus A320,London Stansted,Warsaw Chopin,London Stansted → Warsaw Chopin,1470,15:50,51.0,55.0,198.0,135,Technical,0,185.0,90.73,2.7
FL11404,2023-02-13,2,Winter,Monday,NovaStar,Airbus A380,London Heathrow,New York JFK,London Heathrow → New York JFK,5570,12:25,31.0,26.0,444.0,420,Security,0,81.0,248.66,2.4
FL14638,2023-02-13,2,Winter,Monday,Atlantic Wings,Boeing 777,London Heathrow,Toronto Pearson,London Heathrow → Toronto Pearson,5730,18:35,28.0,24.0,451.0,430,Security,0,288.0,342.85,3.2
FL11087,2023-02-13,2,Winter,Monday,CloudJet,Airbus A320,London Heathrow,Singapore Changi,London Heathrow → Singapore Changi,10840,14:40,0.0,0.0,741.0,745,On Time,0,366.0,695.42,3.9
FL10950,2023-02-13,2,Winter,Monday,Atlantic Wings,Airbus A320,Birmingham,Istanbul,Birmingham → Istanbul,2680,18:35,77.0,81.0,300.0,210,Late Aircraft,0,291.0,212.35,2.2
FL13228,2023-02-13,2,Winter,Monday,PolarAir,Boeing 737,London Heathrow,Singapore Changi,London Heathrow → Singapore Changi,10840,16:05,6.0,14.0,763.0,745,Weather,0,372.0,639.08,
FL14467,2023-02-13,2,Winter,Monday,AeroSwift,Boeing 737,Birmingham,Istanbul,Birmingham → Istanbul,2680,15:55,31.0,27.0,244.0,210,Weather,0,134.0,167.07,2.8
FL12038,2023-02-13,2,Winter,Monday,CloudJet,Boeing 787,London Heathrow,Singapore Changi,London Heathrow → Singapore Changi,10840,08:00,3.0,11.0,755.0,745,Crew Availability,0,355.0,696.71,4.4
FL10418,2023-02-14,2,Winter,Tuesday,SkyWing Air,Airbus A320,London Heathrow,Toronto Pearson,London Heathrow → Toronto Pearson,5730,09:15,35.0,37.0,476.0,430,Security,0,82.0,351.87,2.2
FL12061,2023-02-14,2,Winter,Tuesday,PolarAir,Boeing 777,London Heathrow,Singapore Changi,London Heathrow → Singapore Changi,10840,07:10,36.0,32.0,782.0,745,Late Aircraft,0,205.0,645.27,3.0
FL13896,2023-02-14,2,Winter,Tuesday,PolarAir,Boeing 777,London Stansted,Warsaw Chopin,London Stansted → Warsaw Chopin,1470,09:10,28.0,21.0,162.0,135,Security,0,141.0,127.51,3.2
FL10616,2023-02-15,2,Winter,Wednesday,AeroSwift,Boeing 737,London Heathrow,New York JFK,London Heathrow → New York JFK,5570,11:20,0.0,0.0,419.0,420,On Time,0,368.0,294.94,4.5
FL14105,2023-02-15,2,Winter,Wednesday,NovaStar,Boeing 737,Manchester,Barcelona,Manchester → Barcelona,1440,14:15,0.0,6.0,131.0,130,On Time,0,189.0,89.88,4.6
FL12274,2023-02-15,2,Winter,Wednesday,Atlantic Wings,Embraer E190,London Heathrow,Singapore Changi,London Heathrow → Singapore Changi,10840,09:25,50.0,42.0,790.0,745,Late Aircraft,0,80.0,779.14,2.7
FL12830,2023-02-16,2,Winter,Thursday,PolarAir,Embraer E190,Manchester,Barcelona,Manchester → Barcelona,1440,14:30,0.0,0.0,139.0,130,On Time,0,414.0,85.63,4.2
FL13102,2023-02-16,2,Winter,Thursday,CloudJet,Embraer E190,London Heathrow,Singapore Changi,London Heathrow → Singapore Changi,10840,12:45,17.0,23.0,769.0,745,Air Traffic Control,0,357.0,646.69,3.0
FL12932,2023-02-16,2,Winter,Thursday,Atlantic Wings,Boeing 737,Bristol,Malaga,Bristol → Malaga,1620,07:40,0.0,4.0,146.0,145,On Time,0,120.0,89.91,4.8
FL10484,2023-02-16,2,Winter,Thursday,SkyWing Air,Boeing 777,London Gatwick,Rome Fiumicino,London Gatwick → Rome Fiumicino,1430,14:30,22.0,26.0,167.0,135,Crew Availability,0,127.0,120.0,4.5
FL13775,2023-02-16,2,Winter,Thursday,PolarAir,Boeing 787,London Heathrow,Dubai,London Heathrow → Dubai,5490,15:45,13.0,26.0,440.0,415,Weather,0,148.0,311.03,3.1
FL14261,2023-02-16,2,Winter,Thursday,SkyWing Air,Boeing 777,London Heathrow,Singapore Changi,London Heathrow → Singapore Changi,10840,09:20,45.0,57.0,802.0,745,Technical,0,198.0,762.66,3.3
FL10003,2023-02-16,2,Winter,Thursday,Atlantic Wings,Airbus A380,Edinburgh,Amsterdam,Edinburgh → Amsterdam,700,06:05,79.0,74.0,162.0,85,Late Aircraft,0,292.0,49.0,3.0
FL14580,2023-02-16,2,Winter,Thursday,SkyWing Air,Airbus A320,Bristol,Malaga,Bristol → Malaga,1620,06:10,51.0,60.0,208.0,145,Crew Availability,0,168.0,95.52,2.3
FL14655,2023-02-17,2,Winter,Friday,SkyWing Air,Boeing 777,London Stansted,Warsaw Chopin,London Stansted → Warsaw Chopin,1470,17:45,6.0,17.0,152.0,135,Security,0,199.0,142.22,3.8
FL13836,2023-02-17,2,Winter,Friday,PolarAir,Boeing 737,London Heathrow,New York JFK,London Heathrow → New York JFK,5570,11:10,9.0,3.0,428.0,420,Crew Availability,0,232.0,404.34,3.7
FL14617,2023-02-17,2,Winter,Friday,CloudJet,Airbus A380,London Heathrow,Singapore Changi,London Heathrow → Singapore Changi,10840,13:15,8.0,10.0,752.0,745,Technical,0,395.0,619.46,3.7
FL10615,2023-02-17,2,Winter,Friday,NovaStar,Boeing 777,London Gatwick,Rome Fiumicino,London Gatwick → Rome Fiumicino,1430,17:35,9.0,16.0,156.0,135,Crew Availability,0,327.0,127.93,4.4
FL13617,2023-02-17,2,Winter,Friday,Atlantic Wings,Boeing 737,London Heathrow,Dubai,London Heathrow → Dubai,5490,18:15,8.0,5.0,418.0,415,Technical,0,131.0,357.36,3.3
FL11876,2023-02-17,2,Winter,Friday,Atlantic Wings,Airbus A320,London Heathrow,Toronto Pearson,London Heathrow → Toronto Pearson,5730,13:20,22.0,33.0,462.0,430,Late Aircraft,0,190.0,417.84,4.2
FL13426,2023-02-18,2,Winter,Saturday,SkyWing Air,,London Heathrow,Toronto Pearson,London Heathrow → Toronto Pearson,5730,05:10,8.0,22.0,460.0,430,Late Aircraft,0,343.0,360.69,3.6
FL13310,2023-02-18,2,Winter,Saturday,Atlantic Wings,Boeing 777,Birmingham,Istanbul,Birmingham → Istanbul,2680,06:10,,,,210,Weather,1,133.0,221.26,
FL11870,2023-02-18,2,Winter,Saturday,NovaStar,Airbus A320,Leeds Bradford,Alicante,Leeds Bradford → Alicante,1590,18:45,0.0,13.0,163.0,145,On Time,0,223.0,120.63,4.3
FL13577,2023-02-18,2,Winter,Saturday,CloudJet,Boeing 787,London Heathrow,Singapore Changi,London Heathrow → Singapore Changi,10840,06:45,3.0,4.0,756.0,745,Air Traffic Control,0,115.0,683.26,3.5
FL12929,2023-02-18,2,Winter,Saturday,NovaStar,Airbus A320,London Heathrow,Dubai,London Heathrow → Dubai,5490,06:25,0.0,10.0,430.0,415,On Time,0,218.0,287.09,4.2
FL13840,2023-02-18,2,Winter,Saturday,AeroSwift,Airbus A320,Manchester,Barcelona,Manchester → Barcelona,1440,22:10,12.0,18.0,155.0,130,Weather,0,257.0,130.01,3.5
FL14495,2023-02-18,2,Winter,Saturday,PolarAir,Boeing 787,Manchester,Barcelona,Manchester → Barcelona,1440,13:30,13.0,16.0,143.0,130,Technical,0,381.0,53.8,4.0
FL11378,2023-02-18,2,Winter,Saturday,SkyWing Air,Boeing 737,Edinburgh,Amsterdam,Edinburgh → Amsterdam,700,05:25,0.0,13.0,105.0,85,On Time,0,112.0,103.13,
FL13040,2023-02-18,2,Winter,Saturday,Atlantic Wings,Embraer E190,London Gatwick,Rome Fiumicino,London Gatwick → Rome Fiumicino,1430,15:40,6.0,0.0,134.0,135,Crew Availability,0,204.0,109.82,3.4
FL10976,2023-02-18,2,Winter,Saturday,CloudJet,Boeing 737,Birmingham,Istanbul,Birmingham → Istanbul,2680,05:25,50.0,57.0,267.0,210,Security,0,251.0,166.26,3.0
FL13668,2023-02-19,2,Winter,Sunday,NovaStar,Embraer E190,London Heathrow,Dubai,London Heathrow → Dubai,5490,08:55,17.0,22.0,434.0,415,Technical,0,264.0,265.72,3.7
FL13784,2023-02-19,2,Winter,Sunday,NovaStar,Boeing 787,London Heathrow,Dubai,London Heathrow → Dubai,5490,10:15,6.0,19.0,433.0,415,Crew Availability,0,397.0,322.83,3.4
FL10250,2023-02-19,2,Winter,Sunday,NovaStar,Boeing 777,London Heathrow,New York JFK,London Heathrow → New York JFK,5570,09:50,33.0,26.0,444.0,420,Crew Availability,0,273.0,258.13,2.7
FL13383,2023-02-20,2,Winter,Monday,PolarAir,Airbus A380,London Heathrow,Toronto Pearson,London Heathrow → Toronto Pearson,5730,13:20,9.0,24.0,450.0,430,Air Traffic Control,0,163.0,370.51,3.5
FL13800,2023-02-20,2,Winter,Monday,Atlantic Wings,Airbus A320,Manchester,Barcelona,Manchester → Barcelona,1440,07:45,33.0,43.0,173.0,130,Weather,0,221.0,70.47,2.1
FL12294,2023-02-20,2,Winter,Monday,SkyWing Air,Airbus A320,Birmingham,Istanbul,Birmingham → Istanbul,2680,10:25,33.0,32.0,248.0,210,Air Traffic Control,0,242.0,190.4,2.9
FL11988,2023-02-20,2,Winter,Monday,PolarAir,Airbus A320,London Stansted,Warsaw Chopin,London Stansted → Warsaw Chopin,1470,08:40,61.0,71.0,212.0,135,Crew Availability,0,112.0,80.76,3.0
FL13586,2023-02-20,2,Winter,Monday,PolarAir,Boeing 777,Bristol,Malaga,Bristol → Malaga,1620,21:55,8.0,19.0,162.0,145,Crew Availability,0,204.0,170.24,4.3
FL11975,2023-02-21,2,Winter,Tuesday,AeroSwift,Airbus A320,Edinburgh,Amsterdam,Edinburgh → Amsterdam,700,10:05,25.0,21.0,116.0,85,Air Traffic Control,0,189.0,49.0,3.0
FL11802,2023-02-21,2,Winter,Tuesday,PolarAir,Airbus A320,London Heathrow,New York JFK,London Heathrow → New York JFK,5570,06:30,2.0,11.0,426.0,420,Air Traffic Control,0,394.0,372.44,4.0
FL12137,2023-02-21,2,Winter,Tuesday,NovaStar,Boeing 777,Glasgow,Dublin,Glasgow → Dublin,220,22:55,4.0,8.0,66.0,50,Crew Availability,0,214.0,49.0,4.2
FL12471,2023-02-21,2,Winter,Tuesday,PolarAir,Airbus A320,Manchester,Barcelona,Manchester → Barcelona,1440,14:55,0.0,11.0,146.0,130,On Time,0,318.0,80.18,4.0
FL13302,2023-02-21,2,Winter,Tuesday,CloudJet,Boeing 737,London Stansted,Warsaw Chopin,London Stansted → Warsaw Chopin,1470,16:25,0.0,10.0,142.0,135,On Time,0,251.0,58.88,4.2
FL11260,2023-02-21,2,Winter,Tuesday,SkyWing Air,Boeing 737,Birmingham,Istanbul,Birmingham → Istanbul,2680,14:15,11.0,8.0,221.0,210,Air Traffic Control,0,285.0,186.31,4.0
FL13513,2023-02-21,2,Winter,Tuesday,SkyWing Air,Embraer E190,London Heathrow,New York JFK,London Heathrow → New York JFK,5570,09:40,19.0,15.0,445.0,420,Weather,0,114.0,371.57,3.6
FL14863,2023-02-21,2,Winter,Tuesday,CloudJet,Boeing 737,Glasgow,Dublin,Glasgow → Dublin,220,09:45,28.0,30.0,90.0,50,Crew Availability,0,343.0,49.0,3.8
FL10017,2023-02-21,2,Winter,Tuesday,NovaStar,Boeing 777,Bristol,Malaga,Bristol → Malaga,1620,22:40,13.0,21.0,166.0,145,Weather,0,95.0,98.18,3.9
FL13422,2023-02-21,2,Winter,Tuesday,NovaStar,Boeing 737,Manchester,Barcelona,Manchester → Barcelona,1440,08:00,4.0,12.0,144.0,130,Air Traffic Control,0,222.0,96.54,3.2
FL13891,2023-02-22,2,Winter,Wednesday,CloudJet,Boeing 787,Glasgow,Dublin,Glasgow → Dublin,220,06:50,2.0,9.0,62.0,50,Air Traffic Control,0,144.0,49.0,4.4
FL13853,2023-02-22,2,Winter,Wednesday,Atlantic Wings,Airbus A320,Bristol,Malaga,Bristol → Malaga,1620,07:15,34.0,45.0,191.0,145,Weather,0,341.0,132.47,3.4
FL10427,2023-02-22,2,Winter,Wednesday,SkyWing Air,Airbus A320,London Heathrow,Singapore Changi,London Heathrow → Singapore Changi,10840,10:45,,,,745,Air Traffic Control,1,149.0,754.65,2.0
FL13018,2023-02-22,2,Winter,Wednesday,SkyWing Air,Boeing 777,Manchester,Barcelona,Manchester → Barcelona,1440,08:00,10.0,25.0,161.0,130,Security,0,216.0,155.44,3.7
FL13468,2023-02-22,2,Winter,Wednesday,SkyWing Air,Airbus A380,London Stansted,Warsaw Chopin,London Stansted → Warsaw Chopin,1470,20:00,5.0,3.0,144.0,135,Technical,0,382.0,136.74,4.0
FL12444,2023-02-22,2,Winter,Wednesday,CloudJet,Boeing 777,Leeds Bradford,Alicante,Leeds Bradford → Alicante,1590,08:55,23.0,30.0,179.0,145,Air Traffic Control,0,160.0,111.2,3.6
FL13062,2023-02-22,2,Winter,Wednesday,NovaStar,Boeing 737,London Heathrow,Singapore Changi,London Heathrow → Singapore Changi,10840,12:00,4.0,8.0,761.0,745,Weather,0,405.0,565.58,4.3
FL11881,2023-02-23,2,Winter,Thursday,PolarAir,Boeing 737,London Heathrow,Toronto Pearson,London Heathrow → Toronto Pearson,5730,14:10,5.0,0.0,428.0,430,Weather,0,159.0,305.8,3.8
FL11868,2023-02-23,2,Winter,Thursday,NovaStar,Boeing 787,Leeds Bradford,Alicante,Leeds Bradford → Alicante,1590,13:10,81.0,83.0,238.0,145,Technical,0,158.0,123.17,2.4
FL14419,2023-02-23,2,Winter,Thursday,SkyWing Air,Airbus A320,London Heathrow,Toronto Pearson,London Heathrow → Toronto Pearson,5730,19:00,0.0,1.0,430.0,430,On Time,0,74.0,406.18,4.3
FL14645,2023-02-23,2,Winter,Thursday,SkyWing Air,Boeing 777,Glasgow,Dublin,Glasgow → Dublin,220,10:35,12.0,17.0,68.0,50,Crew Availability,0,135.0,49.0,4.1
FL12531,2023-02-23,2,Winter,Thursday,AeroSwift,Boeing 737,Bristol,Malaga,Bristol → Malaga,1620,16:45,22.0,30.0,174.0,145,Technical,0,117.0,57.36,4.4
FL13317,2023-02-23,2,Winter,Thursday,CloudJet,Boeing 777,London Gatwick,Rome Fiumicino,London Gatwick → Rome Fiumicino,1430,18:30,31.0,46.0,179.0,135,Late Aircraft,0,121.0,49.0,2.8
FL11972,2023-02-23,2,Winter,Thursday,Atlantic Wings,Boeing 737,London Gatwick,Rome Fiumicino,London Gatwick → Rome Fiumicino,1430,14:15,112.0,123.0,257.0,135,Late Aircraft,0,91.0,99.77,2.1
FL12782,2023-02-23,2,Winter,Thursday,SkyWing Air,Embraer E190,Bristol,Malaga,Bristol → Malaga,1620,15:45,0.0,0.0,153.0,145,On Time,0,170.0,185.07,4.3
FL13050,2023-02-23,2,Winter,Thursday,Atlantic Wings,Airbus A320,London Heathrow,Singapore Changi,London Heathrow → Singapore Changi,10840,09:00,,,,745,Security,1,203.0,669.53,1.6
FL10477,2023-02-23,2,Winter,Thursday,Atlantic Wings,Boeing 737,London Heathrow,Toronto Pearson,London Heathrow → Toronto Pearson,5730,05:35,98.0,94.0,531.0,430,Weather,0,162.0,359.53,1.9
FL13427,2023-02-24,2,Winter,Friday,PolarAir,Boeing 737,Manchester,Barcelona,Manchester → Barcelona,1440,09:10,22.0,18.0,143.0,130,Air Traffic Control,0,294.0,112.79,4.3
FL10726,2023-02-24,2,Winter,Friday,Atlantic Wings,Boeing 777,Edinburgh,Amsterdam,Edinburgh → Amsterdam,700,21:40,13.0,20.0,107.0,85,Technical,0,405.0,49.0,4.0
FL11021,2023-02-24,2,Winter,Friday,CloudJet,Boeing 787,Bristol,Malaga,Bristol → Malaga,1620,17:50,1.0,0.0,149.0,145,Security,0,241.0,98.47,4.2
FL12083,2023-02-24,2,Winter,Friday,PolarAir,Boeing 737,London Heathrow,Dubai,London Heathrow → Dubai,5490,09:45,34.0,45.0,459.0,415,Late Aircraft,0,339.0,317.75,2.5
FL12012,2023-02-24,2,Winter,Friday,PolarAir,Boeing 737,Bristol,Malaga,Bristol → Malaga,1620,07:05,29.0,28.0,183.0,145,Crew Availability,0,220.0,82.99,3.9
FL12953,2023-02-24,2,Winter,Friday,Atlantic Wings,Boeing 737,London Heathrow,Singapore Changi,London Heathrow → Singapore Changi,10840,16:45,9.0,11.0,766.0,745,Technical,0,256.0,712.26,4.5
FL13452,2023-02-24,2,Winter,Friday,AeroSwift,Airbus A320,London Heathrow,Singapore Changi,London Heathrow → Singapore Changi,10840,21:25,0.0,1.0,746.0,745,On Time,0,164.0,593.16,4.3
FL11164,2023-02-25,2,Winter,Saturday,NovaStar,Boeing 737,Edinburgh,Amsterdam,Edinburgh → Amsterdam,700,08:00,4.0,13.0,107.0,85,Late Aircraft,0,325.0,73.8,3.8
FL13719,2023-02-25,2,Winter,Saturday,PolarAir,Boeing 787,Manchester,Barcelona,Manchester → Barcelona,1440,19:30,82.0,97.0,237.0,130,Air Traffic Control,0,150.0,72.53,3.5
FL14847,2023-02-25,2,Winter,Saturday,AeroSwift,Boeing 787,London Heathrow,Toronto Pearson,London Heathrow → Toronto Pearson,5730,11:40,14.0,27.0,464.0,430,Technical,0,163.0,323.75,4.3
FL10283,2023-02-25,2,Winter,Saturday,NovaStar,Boeing 777,Bristol,Malaga,Bristol → Malaga,1620,13:05,21.0,15.0,158.0,145,Air Traffic Control,0,161.0,87.62,4.1
FL10259,2023-02-25,2,Winter,Saturday,SkyWing Air,Boeing 787,London Heathrow,Toronto Pearson,London Heathrow → Toronto Pearson,5730,07:40,65.0,72.0,499.0,430,Technical,0,311.0,369.06,2.5
FL10320,2023-02-25,2,Winter,Saturday,SkyWing Air,Boeing 777,London Heathrow,Singapore Changi,London Heathrow → Singapore Changi,10840,10:05,12.0,23.0,765.0,745,Technical,0,395.0,710.21,4.4
FL14470,2023-02-25,2,Winter,Saturday,SkyWing Air,Airbus A320,Leeds Bradford,Alicante,Leeds Bradford → Alicante,1590,10:35,,,,145,Security,1,291.0,98.01,2.2
FL12811,2023-02-25,2,Winter,Saturday,PolarAir,Embraer E190,Glasgow,Dublin,Glasgow → Dublin,220,21:05,1.0,0.0,48.0,50,Crew Availability,0,295.0,49.0,4.4
FL12279,2023-02-25,2,Winter,Saturday,SkyWing Air,Airbus A320,Leeds Bradford,Alicante,Leeds Bradford → Alicante,1590,10:15,18.0,30.0,174.0,145,Weather,0,370.0,133.21,4.4
FL13161,2023-02-25,2,Winter,Saturday,AeroSwift,Airbus A320,Birmingham,Istanbul,Birmingham → Istanbul,2680,07:30,0.0,2.0,214.0,210,On Time,0,182.0,152.71,4.1
FL11004,2023-02-25,2,Winter,Saturday,SkyWing Air,Airbus A320,London Heathrow,Dubai,London Heathrow → Dubai,5490,14:40,10.0,6.0,429.0,415,Weather,0,164.0,377.1,3.1
FL13190,2023-02-25,2,Winter,Saturday,PolarAir,Embraer E190,Edinburgh,Amsterdam,Edinburgh → Amsterdam,700,14:15,0.0,0.0,95.0,85,On Time,0,156.0,70.29,4.9
FL14692,2023-02-25,2,Winter,Saturday,AeroSwift,Airbus A380,Edinburgh,Amsterdam,Edinburgh → Amsterdam,700,07:35,8.0,2.0,92.0,85,Weather,0,252.0,63.39,3.5
FL12732,2023-02-26,2,Winter,Sunday,PolarAir,Boeing 737,Birmingham,Istanbul,Birmingham → Istanbul,2680,09:25,115.0,113.0,329.0,210,Crew Availability,0,373.0,175.31,2.4
FL12999,2023-02-26,2,Winter,Sunday,CloudJet,Boeing 777,Edinburgh,Amsterdam,Edinburgh → Amsterdam,700,07:20,0.0,0.0,95.0,85,On Time,0,351.0,52.5,5.0
FL13629,2023-02-26,2,Winter,Sunday,Atlantic Wings,Airbus A320,Manchester,Barcelona,Manchester → Barcelona,1440,16:45,14.0,23.0,158.0,130,Crew Availability,0,340.0,94.29,3.6
FL13884,2023-02-26,2,Winter,Sunday,CloudJet,Airbus A320,London Gatwick,Rome Fiumicino,London Gatwick → Rome Fiumicino,1430,07:05,29.0,36.0,171.0,135,Crew Availability,0,,67.79,4.3
FL13527,2023-02-26,2,Winter,Sunday,SkyWing Air,Boeing 777,Edinburgh,Amsterdam,Edinburgh → Amsterdam,700,11:20,,,,85,Crew Availability,1,185.0,75.3,1.5
FL13325,2023-02-26,2,Winter,Sunday,NovaStar,Boeing 787,Edinburgh,Amsterdam,Edinburgh → Amsterdam,700,22:05,1.0,3.0,89.0,85,Late Aircraft,0,151.0,63.13,3.1
FL10944,2023-02-27,2,Winter,Monday,Atlantic Wings,Boeing 737,Manchester,Barcelona,Manchester → Barcelona,1440,08:55,14.0,11.0,138.0,130,Weather,0,61.0,118.32,3.6
FL12624,2023-02-27,2,Winter,Monday,AeroSwift,Airbus A320,London Heathrow,Toronto Pearson,London Heathrow → Toronto Pearson,5730,08:15,2.0,12.0,448.0,430,Technical,0,196.0,312.1,4.1
FL13678,2023-02-27,2,Winter,Monday,Atlantic Wings,Airbus A320,London Heathrow,Singapore Changi,London Heathrow → Singapore Changi,10840,16:40,0.0,0.0,754.0,745,On Time,0,128.0,730.97,3.9
FL13446,2023-02-27,2,Winter,Monday,SkyWing Air,Boeing 737,Glasgow,Dublin,Glasgow → Dublin,220,06:25,5.0,0.0,59.0,50,Technical,0,284.0,49.0,3.6
FL13152,2023-02-27,2,Winter,Monday,NovaStar,Boeing 777,London Heathrow,Toronto Pearson,London Heathrow → Toronto Pearson,5730,12:25,0.0,0.0,427.0,430,On Time,0,351.0,276.96,4.9
FL12033,2023-02-27,2,Winter,Monday,Atlantic Wings,Airbus A380,London Heathrow,Singapore Changi,London Heathrow → Singapore Changi,10840,09:10,46.0,54.0,795.0,745,Late Aircraft,0,,747.1,3.4
FL12321,2023-02-28,2,Winter,Tuesday,AeroSwift,Airbus A380,Bristol,Malaga,Bristol → Malaga,1620,12:05,,,,145,Air Traffic Control,1,410.0,80.85,2.4
FL11281,2023-02-28,2,Winter,Tuesday,CloudJet,Embraer E190,Leeds Bradford,Alicante,Leeds Bradford → Alicante,1590,13:15,65.0,71.0,225.0,145,Late Aircraft,0,242.0,122.45,2.6
FL10112,2023-02-28,2,Winter,Tuesday,SkyWing Air,Boeing 777,London Heathrow,Toronto Pearson,London Heathrow → Toronto Pearson,5730,13:25,0.0,15.0,445.0,430,On Time,0,75.0,416.58,4.0
FL12330,2023-02-28,2,Winter,Tuesday,Atlantic Wings,Airbus A380,Birmingham,Istanbul,Birmingham → Istanbul,2680,21:45,,,,210,Late Aircraft,1,370.0,171.31,2.2
FL14897,2023-02-28,2,Winter,Tuesday,Atlantic Wings,Airbus A320,London Heathrow,Singapore Changi,London Heathrow → Singapore Changi,10840,05:00,21.0,36.0,785.0,745,Crew Availability,0,210.0,739.41,3.5
FL11442,2023-03-01,3,Spring,Wednesday,NovaStar,Airbus A320,Manchester,Barcelona,Manchester → Barcelona,1440,08:50,4.0,0.0,127.0,130,Crew Availability,0,412.0,124.47,3.8
FL11853,2023-03-01,3,Spring,Wednesday,SkyWing Air,Airbus A380,London Heathrow,Toronto Pearson,London Heathrow → Toronto Pearson,5730,17:45,0.0,15.0,441.0,430,On Time,0,269.0,380.78,4.2
FL11356,2023-03-01,3,Spring,Wednesday,PolarAir,Boeing 787,London Gatwick,Rome Fiumicino,London Gatwick → Rome Fiumicino,1430,14:10,0.0,13.0,143.0,135,On Time,0,81.0,88.91,4.8
FL13048,2023-03-01,3,Spring,Wednesday,NovaStar,Boeing 787,Manchester,Barcelona,Manchester → Barcelona,1440,17:10,3.0,15.0,143.0,130,Security,0,200.0,78.33,3.6
FL10236,2023-03-01,3,Spring,Wednesday,AeroSwift,Airbus A320,London Heathrow,New York JFK,London Heathrow → New York JFK,5570,07:25,8.0,8.0,437.0,420,Air Traffic Control,0,318.0,336.43,3.6
FL11865,2023-03-01,3,Spring,Wednesday,NovaStar,Airbus A320,Glasgow,Dublin,Glasgow → Dublin,220,11:50,0.0,0.0,50.0,50,On Time,0,343.0,49.0,5.0
FL11102,2023-03-01,3,Spring,Wednesday,SkyWing Air,Boeing 777,London Gatwick,Rome Fiumicino,London Gatwick → Rome Fiumicino,1430,18:05,7.0,19.0,158.0,135,Security,0,115.0,79.62,3.8
FL14988,2023-03-02,3,Spring,Thursday,PolarAir,Boeing 737,London Stansted,Warsaw Chopin,London Stansted → Warsaw Chopin,1470,16:40,0.0,15.0,148.0,135,On Time,0,302.0,129.94,4.7
FL12359,2023-03-02,3,Spring,Thursday,Atlantic Wings,Boeing 737,Birmingham,Istanbul,Birmingham → Istanbul,2680,09:20,49.0,46.0,254.0,210,Weather,0,389.0,194.67,3.0
FL12215,2023-03-02,3,Spring,Thursday,PolarAir,Boeing 737,Manchester,Barcelona,Manchester → Barcelona,1440,09:20,0.0,2.0,140.0,130,On Time,0,344.0,106.05,4.6
FL14623,2023-03-02,3,Spring,Thursday,SkyWing Air,Boeing 777,London Heathrow,New York JFK,London Heathrow → New York JFK,5570,19:25,8.0,11.0,439.0,420,Weather,0,386.0,419.4,3.9
FL14719,2023-03-02,3,Spring,Thursday,PolarAir,Airbus A320,Edinburgh,Amsterdam,Edinburgh → Amsterdam,700,11:40,60.0,58.0,143.0,85,Security,0,319.0,49.0,2.6
FL12516,2023-03-02,3,Spring,Thursday,NovaStar,Boeing 777,Birmingham,Istanbul,Birmingham → Istanbul,2680,17:50,0.0,9.0,222.0,210,On Time,0,328.0,136.89,4.5
FL14798,2023-03-03,3,Spring,Friday,CloudJet,Boeing 777,Manchester,Barcelona,Manchester → Barcelona,1440,07:50,,,,130,Air Traffic Control,1,402.0,128.19,1.8
FL12350,2023-03-03,3,Spring,Friday,Atlantic Wings,,London Heathrow,Dubai,London Heathrow → Dubai,5490,08:10,14.0,29.0,454.0,415,Security,0,193.0,377.53,3.9
FL13954,2023-03-03,3,Spring,Friday,NovaStar,Boeing 777,London Gatwick,Rome Fiumicino,London Gatwick → Rome Fiumicino,1430,11:25,0.0,3.0,143.0,135,On Time,0,281.0,99.51,4.9
FL14239,2023-03-03,3,Spring,Friday,SkyWing Air,Boeing 787,London Heathrow,New York JFK,London Heathrow → New York JFK,5570,06:10,15.0,7.0,426.0,420,Weather,0,290.0,408.59,3.7
FL10332,2023-03-03,3,Spring,Friday,SkyWing Air,Boeing 777,Birmingham,Istanbul,Birmingham → Istanbul,2680,12:55,0.0,0.0,209.0,210,On Time,0,309.0,252.61,4.1
FL13117,2023-03-03,3,Spring,Friday,PolarAir,Airbus A380,Birmingham,Istanbul,Birmingham → Istanbul,2680,08:35,2.0,0.0,208.0,210,Weather,0,,194.67,3.7
FL10396,2023-03-04,3,Spring,Saturday,Atlantic Wings,Boeing 777,Bristol,Malaga,Bristol → Malaga,1620,08:45,,,,145,Air Traffic Control,1,379.0,106.98,1.0
FL11502,2023-03-04,3,Spring,Saturday,AeroSwift,Airbus A380,Manchester,Barcelona,Manchester → Barcelona,1440,16:05,2.0,1.0,137.0,130,Air Traffic Control,0,65.0,77.46,3.5
FL12827,2023-03-04,3,Spring,Saturday,Atlantic Wings,Airbus A380,London Heathrow,Toronto Pearson,London Heathrow → Toronto Pearson,5730,13:15,34.0,33.0,461.0,430,Weather,0,353.0,349.25,3.2
FL11268,2023-03-04,3,Spring,Saturday,Atlantic Wings,Boeing 777,Manchester,Barcelona,Manchester → Barcelona,1440,22:45,86.0,82.0,214.0,130,Technical,0,217.0,52.08,2.5
FL12506,2023-03-04,3,Spring,Saturday,Atlantic Wings,Boeing 737,Birmingham,Istanbul,Birmingham → Istanbul,2680,05:25,20.0,12.0,225.0,210,Security,0,316.0,194.62,3.5
FL14424,2023-03-04,3,Spring,Saturday,Atlantic Wings,Boeing 787,London Heathrow,Toronto Pearson,London Heathrow → Toronto Pearson,5730,05:10,14.0,10.0,446.0,430,Security,0,207.0,342.7,3.1
FL11233,2023-03-05,3,Spring,Sunday,Atlantic Wings,Embraer E190,Edinburgh,Amsterdam,Edinburgh → Amsterdam,700,14:20,12.0,24.0,106.0,85,Technical,0,361.0,49.0,3.8
FL12355,2023-03-05,3,Spring,Sunday,NovaStar,Embraer E190,Birmingham,Istanbul,Birmingham → Istanbul,2680,08:20,26.0,19.0,225.0,210,Crew Availability,0,273.0,188.78,3.1
FL11300,2023-03-05,3,Spring,Sunday,Atlantic Wings,Boeing 787,London Heathrow,New York JFK,London Heathrow → New York JFK,5570,05:50,45.0,41.0,458.0,420,Late Aircraft,0,72.0,376.96,3.4
FL13208,2023-03-05,3,Spring,Sunday,PolarAir,Airbus A380,Manchester,Barcelona,Manchester → Barcelona,1440,07:55,48.0,49.0,179.0,130,Security,0,75.0,91.14,2.4
FL13724,2023-03-05,3,Spring,Sunday,AeroSwift,Boeing 737,Manchester,Barcelona,Manchester → Barcelona,1440,08:15,0.0,13.0,149.0,130,On Time,0,191.0,121.0,4.1
FL10210,2023-03-05,3,Spring,Sunday,AeroSwift,Boeing 737,Manchester,Barcelona,Manchester → Barcelona,1440,13:30,10.0,22.0,149.0,130,Crew Availability,0,358.0,101.12,3.9
FL14414,2023-03-05,3,Spring,Sunday,SkyWing Air,Boeing 737,London Heathrow,New York JFK,London Heathrow → New York JFK,5570,07:10,1.0,16.0,434.0,420,Technical,0,171.0,383.17,3.9
FL14695,2023-03-05,3,Spring,Sunday,CloudJet,Airbus A320,Edinburgh,Amsterdam,Edinburgh → Amsterdam,700,15:20,11.0,5.0,87.0,85,Security,0,278.0,77.99,3.1
FL14338,2023-03-05,3,Spring,Sunday,Atlantic Wings,Embraer E190,Manchester,Barcelona,Manchester → Barcelona,1440,22:15,,,,130,Late Aircraft,1,118.0,145.91,2.3
FL13805,2023-03-05,3,Spring,Sunday,AeroSwift,Airbus A320,London Heathrow,Singapore Changi,London Heathrow → Singapore Changi,10840,06:40,14.0,13.0,757.0,745,Late Aircraft,0,,585.36,3.5
FL13862,2023-03-05,3,Spring,Sunday,PolarAir,Boeing 777,Bristol,Malaga,Bristol → Malaga,1620,07:30,2.0,0.0,142.0,145,Technical,0,197.0,66.67,3.8
FL14356,2023-03-05,3,Spring,Sunday,AeroSwift,Airbus A320,Edinburgh,Amsterdam,Edinburgh → Amsterdam,700,09:00,3.0,9.0,93.0,85,Air Traffic Control,0,119.0,76.82,3.2
FL12225,2023-03-06,3,Spring,Monday,CloudJet,Boeing 787,Bristol,Malaga,Bristol → Malaga,1620,17:15,20.0,16.0,160.0,145,Air Traffic Control,0,200.0,71.53,3.3
FL11043,2023-03-06,3,Spring,Monday,PolarAir,Boeing 787,London Heathrow,Singapore Changi,London Heathrow → Singapore Changi,10840,11:45,81.0,83.0,830.0,745,Security,0,290.0,714.72,2.4
FL11202,2023-03-06,3,Spring,Monday,SkyWing Air,Boeing 737,London Gatwick,Rome Fiumicino,London Gatwick → Rome Fiumicino,1430,21:05,16.0,31.0,172.0,135,Technical,0,398.0,133.34,4.1
FL11583,2023-03-06,3,Spring,Monday,CloudJet,Airbus A320,Glasgow,Dublin,Glasgow → Dublin,220,13:05,3.0,1.0,46.0,50,Crew Availability,0,94.0,49.74,3.7
FL13499,2023-03-06,3,Spring,Monday,PolarAir,Boeing 737,Birmingham,Istanbul,Birmingham → Istanbul,2680,15:15,7.0,10.0,221.0,210,Security,0,270.0,159.78,3.2
FL14521,2023-03-07,3,Spring,Tuesday,PolarAir,Boeing 737,London Gatwick,Rome Fiumicino,London Gatwick → Rome Fiumicino,1430,06:15,46.0,56.0,190.0,135,Security,0,326.0,102.11,
FL12695,2023-03-08,3,Spring,Wednesday,SkyWing Air,Boeing 777,Leeds Bradford,Alicante,Leeds Bradford → Alicante,1590,06:55,65.0,64.0,214.0,145,Crew Availability,0,382.0,131.62,2.1
FL14815,2023-03-08,3,Spring,Wednesday,NovaStar,Boeing 737,Edinburgh,Amsterdam,Edinburgh → Amsterdam,700,11:45,2.0,15.0,104.0,85,Late Aircraft,0,172.0,49.0,3.1
FL10248,2023-03-08,3,Spring,Wednesday,SkyWing Air,Boeing 787,London Gatwick,Rome Fiumicino,London Gatwick → Rome Fiumicino,1430,14:35,12.0,23.0,163.0,135,Security,0,282.0,153.64,4.3
FL10869,2023-03-08,3,Spring,Wednesday,PolarAir,Airbus A320,London Heathrow,Toronto Pearson,London Heathrow → Toronto Pearson,5730,05:55,0.0,12.0,449.0,430,On Time,0,301.0,409.77,3.8
FL14751,2023-03-08,3,Spring,Wednesday,PolarAir,Boeing 787,Birmingham,Istanbul,Birmingham → Istanbul,2680,09:25,2.0,4.0,216.0,210,Crew Availability,0,367.0,197.74,4.4
FL12334,2023-03-08,3,Spring,Wednesday,SkyWing Air,Airbus A320,Glasgow,Dublin,Glasgow → Dublin,220,20:00,0.0,0.0,52.0,50,On Time,0,283.0,49.0,4.8
FL10582,2023-03-08,3,Spring,Wednesday,PolarAir,Boeing 787,London Heathrow,Dubai,London Heathrow → Dubai,5490,13:00,2.0,0.0,414.0,415,Technical,0,106.0,360.61,3.3
FL12970,2023-03-09,3,Spring,Thursday,CloudJet,Boeing 777,London Heathrow,New York JFK,London Heathrow → New York JFK,5570,07:40,4.0,5.0,429.0,420,Late Aircraft,0,371.0,391.57,4.0
FL12425,2023-03-09,3,Spring,Thursday,NovaStar,Boeing 737,Bristol,Malaga,Bristol → Malaga,1620,08:50,0.0,3.0,144.0,145,On Time,0,303.0,120.16,4.5
FL12815,2023-03-09,3,Spring,Thursday,NovaStar,Boeing 777,Leeds Bradford,Alicante,Leeds Bradford → Alicante,1590,20:10,2.0,15.0,159.0,145,Air Traffic Control,0,399.0,105.35,4.4
FL10949,2023-03-09,3,Spring,Thursday,NovaStar,Airbus A380,London Gatwick,Rome Fiumicino,London Gatwick → Rome Fiumicino,1430,14:25,0.0,15.0,160.0,135,On Time,0,249.0,98.37,4.4
FL10934,2023-03-09,3,Spring,Thursday,CloudJet,Boeing 787,London Stansted,Warsaw Chopin,London Stansted → Warsaw Chopin,1470,14:45,35.0,41.0,181.0,135,Late Aircraft,0,420.0,97.59,2.3
FL12405,2023-03-10,3,Spring,Friday,SkyWing Air,Embraer E190,London Stansted,Warsaw Chopin,London Stansted → Warsaw Chopin,1470,10:00,30.0,22.0,152.0,135,Late Aircraft,0,310.0,142.97,3.2
FL10884,2023-03-10,3,Spring,Friday,SkyWing Air,Boeing 737,London Heathrow,Singapore Changi,London Heathrow → Singapore Changi,10840,06:35,11.0,10.0,755.0,745,Late Aircraft,0,390.0,730.93,3.6
FL11524,2023-03-10,3,Spring,Friday,CloudJet,Airbus A320,London Heathrow,Toronto Pearson,London Heathrow → Toronto Pearson,5730,17:55,36.0,39.0,465.0,430,Security,0,90.0,364.42,2.2
FL13203,2023-03-10,3,Spring,Friday,CloudJet,Airbus A320,Edinburgh,Amsterdam,Edinburgh → Amsterdam,700,07:00,8.0,6.0,88.0,85,Late Aircraft,0,236.0,78.43,3.2
FL14797,2023-03-10,3,Spring,Friday,CloudJet,Airbus A320,Birmingham,Istanbul,Birmingham → Istanbul,2680,17:20,52.0,48.0,267.0,210,Technical,0,161.0,163.82,2.1
FL13408,2023-03-10,3,Spring,Friday,PolarAir,,London Stansted,Warsaw Chopin,London Stansted → Warsaw Chopin,1470,19:25,0.0,12.0,152.0,135,On Time,0,133.0,128.69,4.0
FL14905,2023-03-10,3,Spring,Friday,CloudJet,Airbus A320,London Gatwick,Rome Fiumicino,London Gatwick → Rome Fiumicino,1430,12:25,10.0,25.0,169.0,135,Security,0,313.0,52.91,4.0
FL12161,2023-03-10,3,Spring,Friday,Atlantic Wings,Boeing 737,Bristol,Malaga,Bristol → Malaga,1620,18:20,28.0,41.0,191.0,145,Air Traffic Control,0,359.0,89.61,3.3
FL12335,2023-03-10,3,Spring,Friday,Atlantic Wings,Boeing 737,Bristol,Malaga,Bristol → Malaga,1620,08:15,0.0,7.0,159.0,145,On Time,0,401.0,93.47,4.0
FL10370,2023-03-11,3,Spring,Saturday,PolarAir,Boeing 737,Glasgow,Dublin,Glasgow → Dublin,220,13:35,46.0,60.0,115.0,50,Air Traffic Control,0,329.0,49.0,2.6
FL14277,2023-03-11,3,Spring,Saturday,SkyWing Air,Boeing 737,London Stansted,Warsaw Chopin,London Stansted → Warsaw Chopin,1470,05:20,9.0,19.0,158.0,135,Air Traffic Control,0,62.0,157.3,4.0
FL10859,2023-03-11,3,Spring,Saturday,Atlantic Wings,Airbus A380,Leeds Bradford,Alicante,Leeds Bradford → Alicante,1590,10:25,2.0,8.0,154.0,145,Crew Availability,0,154.0,88.97,3.5
FL13874,2023-03-11,3,Spring,Saturday,Atlantic Wings,Boeing 737,Leeds Bradford,Alicante,Leeds Bradford → Alicante,1590,11:30,2.0,5.0,156.0,145,Security,0,130.0,146.3,3.5
FL12480,2023-03-11,3,Spring,Saturday,NovaStar,,Birmingham,Istanbul,Birmingham → Istanbul,2680,07:55,35.0,42.0,259.0,210,Late Aircraft,0,243.0,171.03,3.1
FL11417,2023-03-11,3,Spring,Saturday,Atlantic Wings,Embraer E190,Manchester,Barcelona,Manchester → Barcelona,1440,11:15,0.0,11.0,137.0,130,On Time,0,394.0,88.05,4.2
FL11409,2023-03-12,3,Spring,Sunday,Atlantic Wings,Airbus A320,London Heathrow,Toronto Pearson,London Heathrow → Toronto Pearson,5730,07:00,58.0,69.0,508.0,430,Crew Availability,0,225.0,366.87,3.0
FL13602,2023-03-12,3,Spring,Sunday,PolarAir,Airbus A320,Glasgow,Dublin,Glasgow → Dublin,220,10:10,0.0,14.0,64.0,50,On Time,0,160.0,49.0,4.6
FL13350,2023-03-12,3,Spring,Sunday,PolarAir,Boeing 777,London Heathrow,New York JFK,London Heathrow → New York JFK,5570,08:10,25.0,26.0,451.0,420,Security,0,114.0,353.54,3.3
FL13770,2023-03-12,3,Spring,Sunday,Atlantic Wings,Boeing 777,London Heathrow,Toronto Pearson,London Heathrow → Toronto Pearson,5730,12:55,,,,430,Technical,1,156.0,403.29,2.0
FL13301,2023-03-12,3,Spring,Sunday,PolarAir,Boeing 737,Glasgow,Dublin,Glasgow → Dublin,220,08:10,0.0,6.0,66.0,50,On Time,0,151.0,49.0,3.9
FL13272,2023-03-12,3,Spring,Sunday,CloudJet,Boeing 777,London Stansted,Warsaw Chopin,London Stansted → Warsaw Chopin,1470,08:45,14.0,24.0,169.0,135,Late Aircraft,0,81.0,120.66,3.3
FL10144,2023-03-12,3,Spring,Sunday,PolarAir,Airbus A320,London Heathrow,New York JFK,London Heathrow → New York JFK,5570,05:10,12.0,24.0,452.0,420,Crew Availability,0,251.0,353.41,4.5
FL14179,2023-03-13,3,Spring,Monday,Atlantic Wings,Boeing 737,Bristol,Malaga,Bristol → Malaga,1620,10:05,45.0,44.0,185.0,145,Late Aircraft,0,152.0,140.91,3.1
FL12876,2023-03-13,3,Spring,Monday,Atlantic Wings,Boeing 777,London Heathrow,Dubai,London Heathrow → Dubai,5490,18:25,4.0,16.0,427.0,415,Late Aircraft,0,137.0,376.4,3.7
FL14737,2023-03-13,3,Spring,Monday,AeroSwift,Embraer E190,London Heathrow,New York JFK,London Heathrow → New York JFK,5570,15:15,0.0,0.0,420.0,420,On Time,0,113.0,301.49,4.8
FL10565,2023-03-13,3,Spring,Monday,PolarAir,Airbus A320,London Heathrow,New York JFK,London Heathrow → New York JFK,5570,18:00,1.0,6.0,426.0,420,Late Aircraft,0,116.0,351.58,3.2
FL13198,2023-03-13,3,Spring,Monday,NovaStar,Boeing 777,London Heathrow,Singapore Changi,London Heathrow → Singapore Changi,10840,06:20,1.0,2.0,756.0,745,Late Aircraft,0,205.0,569.55,3.7
FL12472,2023-03-13,3,Spring,Monday,AeroSwift,Embraer E190,London Stansted,Warsaw Chopin,London Stansted → Warsaw Chopin,1470,13:00,0.0,0.0,133.0,135,On Time,0,135.0,65.68,5.0
FL14275,2023-03-13,3,Spring,Monday,PolarAir,Boeing 737,London Heathrow,Toronto Pearson,London Heathrow → Toronto Pearson,5730,11:05,78.0,90.0,518.0,430,Air Traffic Control,0,343.0,358.07,2.2
FL14242,2023-03-13,3,Spring,Monday,Atlantic Wings,Boeing 777,London Heathrow,Singapore Changi,London Heathrow → Singapore Changi,10840,10:20,0.0,13.0,755.0,745,On Time,0,384.0,776.47,4.0
FL10837,2023-03-14,3,Spring,Tuesday,PolarAir,Embraer E190,London Gatwick,Rome Fiumicino,London Gatwick → Rome Fiumicino,1430,10:40,0.0,11.0,141.0,135,On Time,0,284.0,112.86,4.4
FL12001,2023-03-14,3,Spring,Tuesday,AeroSwift,Boeing 737,Bristol,Malaga,Bristol → Malaga,1620,09:05,0.0,0.0,147.0,145,On Time,0,97.0,140.32,4.8
FL12009,2023-03-14,3,Spring,Tuesday,SkyWing Air,Boeing 737,London Heathrow,Singapore Changi,London Heathrow → Singapore Changi,10840,05:10,13.0,19.0,766.0,745,Air Traffic Control,0,93.0,731.44,4.1
FL12597,2023-03-14,3,Spring,Tuesday,AeroSwift,Boeing 737,London Gatwick,Rome Fiumicino,London Gatwick → Rome Fiumicino,1430,12:15,7.0,14.0,150.0,135,Security,0,333.0,77.62,3.7
FL13994,2023-03-14,3,Spring,Tuesday,Atlantic Wings,Airbus A320,London Heathrow,Toronto Pearson,London Heathrow → Toronto Pearson,5730,14:00,37.0,42.0,475.0,430,Air Traffic Control,0,312.0,341.91,2.6
FL12322,2023-03-14,3,Spring,Tuesday,AeroSwift,Airbus A380,London Heathrow,Dubai,London Heathrow → Dubai,5490,08:05,0.0,6.0,422.0,415,On Time,0,152.0,294.24,5.0
FL13321,2023-03-14,3,Spring,Tuesday,PolarAir,Boeing 737,Edinburgh,Amsterdam,Edinburgh → Amsterdam,700,12:20,0.0,7.0,92.0,85,On Time,0,239.0,49.0,4.5
FL10419,2023-03-14,3,Spring,Tuesday,AeroSwift,Airbus A320,Leeds Bradford,Alicante,Leeds Bradford → Alicante,1590,05:45,0.0,0.0,150.0,145,On Time,0,177.0,64.46,4.7
FL12840,2023-03-14,3,Spring,Tuesday,PolarAir,Boeing 737,London Gatwick,Rome Fiumicino,London Gatwick → Rome Fiumicino,1430,06:30,0.0,7.0,152.0,135,On Time,0,398.0,83.6,4.3
FL13710,2023-03-15,3,Spring,Wednesday,Atlantic Wings,Airbus A380,Edinburgh,Amsterdam,Edinburgh → Amsterdam,700,12:10,8.0,16.0,111.0,85,Crew Availability,0,379.0,96.6,3.1
FL10088,2023-03-15,3,Spring,Wednesday,PolarAir,Boeing 737,Leeds Bradford,Alicante,Leeds Bradford → Alicante,1590,07:00,23.0,17.0,170.0,145,Air Traffic Control,0,353.0,114.59,3.6
FL10278,2023-03-15,3,Spring,Wednesday,Atlantic Wings,Boeing 737,London Heathrow,Toronto Pearson,London Heathrow → Toronto Pearson,5730,15:35,26.0,19.0,446.0,430,Weather,0,87.0,352.94,3.3
FL12236,2023-03-15,3,Spring,Wednesday,Atlantic Wings,Airbus A380,Edinburgh,Amsterdam,Edinburgh → Amsterdam,700,06:30,11.0,22.0,105.0,85,Technical,0,250.0,79.27,4.2
FL12836,2023-03-15,3,Spring,Wednesday,CloudJet,Boeing 787,London Gatwick,Rome Fiumicino,London Gatwick → Rome Fiumicino,1430,12:25,12.0,12.0,143.0,135,Weather,0,66.0,63.14,3.1
FL14051,2023-03-16,3,Spring,Thursday,PolarAir,Boeing 737,Leeds Bradford,Alicante,Leeds Bradford → Alicante,1590,07:55,33.0,34.0,188.0,145,Late Aircraft,0,392.0,87.93,2.9
FL10916,2023-03-16,3,Spring,Thursday,Atlantic Wings,Airbus A320,Edinburgh,Amsterdam,Edinburgh → Amsterdam,700,06:45,19.0,11.0,103.0,85,Weather,0,165.0,49.0,4.4
FL14118,2023-03-16,3,Spring,Thursday,SkyWing Air,,London Heathrow,Toronto Pearson,London Heathrow → Toronto Pearson,5730,09:30,66.0,60.0,500.0,430,Weather,0,112.0,400.03,2.4
FL13847,2023-03-16,3,Spring,Thursday,AeroSwift,Airbus A380,London Heathrow,Toronto Pearson,London Heathrow → Toronto Pearson,5730,18:25,0.0,0.0,439.0,430,On Time,0,193.0,333.63,4.5
FL11332,2023-03-16,3,Spring,Thursday,AeroSwift,Boeing 777,Glasgow,Dublin,Glasgow → Dublin,220,08:00,4.0,5.0,56.0,50,Technical,0,268.0,49.0,3.2
FL12729,2023-03-16,3,Spring,Thursday,NovaStar,Boeing 787,London Heathrow,Dubai,London Heathrow → Dubai,5490,07:45,0.0,7.0,427.0,415,On Time,0,251.0,322.6,4.4
FL14940,2023-03-16,3,Spring,Thursday,NovaStar,Airbus A320,London Heathrow,Dubai,London Heathrow → Dubai,5490,07:30,4.0,17.0,429.0,415,Crew Availability,0,137.0,321.17,3.9
FL12499,2023-03-16,3,Spring,Thursday,CloudJet,Airbus A380,London Gatwick,Rome Fiumicino,London Gatwick → Rome Fiumicino,1430,15:20,0.0,0.0,133.0,135,On Time,0,298.0,69.69,
FL10672,2023-03-16,3,Spring,Thursday,AeroSwift,Embraer E190,London Heathrow,Singapore Changi,London Heathrow → Singapore Changi,10840,14:50,4.0,10.0,764.0,745,Late Aircraft,0,115.0,600.02,3.1
FL11723,2023-03-16,3,Spring,Thursday,AeroSwift,Boeing 737,London Stansted,Warsaw Chopin,London Stansted → Warsaw Chopin,1470,14:30,0.0,13.0,154.0,135,On Time,0,62.0,101.42,4.0
FL14664,2023-03-16,3,Spring,Thursday,AeroSwift,Embraer E190,Manchester,Barcelona,Manchester → Barcelona,1440,10:55,6.0,4.0,143.0,130,Security,0,113.0,143.23,4.5
FL12167,2023-03-16,3,Spring,Thursday,Atlantic Wings,Airbus A320,London Heathrow,New York JFK,London Heathrow → New York JFK,5570,09:45,0.0,5.0,423.0,420,On Time,0,98.0,364.53,4.2
FL13463,2023-03-17,3,Spring,Friday,NovaStar,Airbus A320,Bristol,Malaga,Bristol → Malaga,1620,22:00,0.0,0.0,141.0,145,On Time,0,348.0,74.76,4.7
FL14037,2023-03-17,3,Spring,Friday,SkyWing Air,Airbus A320,Edinburgh,Amsterdam,Edinburgh → Amsterdam,700,06:35,,,,85,Technical,1,182.0,49.0,2.2
FL11236,2023-03-17,3,Spring,Friday,SkyWing Air,Airbus A320,London Heathrow,Toronto Pearson,London Heathrow → Toronto Pearson,5730,07:25,10.0,4.0,431.0,430,Crew Availability,0,420.0,432.49,4.3
FL12213,2023-03-17,3,Spring,Friday,PolarAir,Airbus A320,Birmingham,Istanbul,Birmingham → Istanbul,2680,05:05,107.0,102.0,320.0,210,Security,0,84.0,119.79,2.2
FL11345,2023-03-17,3,Spring,Friday,PolarAir,Embraer E190,London Heathrow,New York JFK,London Heathrow → New York JFK,5570,20:35,10.0,3.0,425.0,420,Crew Availability,0,366.0,332.39,3.2
FL14246,2023-03-17,3,Spring,Friday,Atlantic Wings,Boeing 737,Glasgow,Dublin,Glasgow → Dublin,220,19:45,17.0,26.0,73.0,50,Security,0,143.0,69.63,3.3
FL10049,2023-03-17,3,Spring,Friday,NovaStar,Airbus A380,London Heathrow,Toronto Pearson,London Heathrow → Toronto Pearson,5730,05:10,0.0,10.0,444.0,430,On Time,0,103.0,286.37,5.0
FL11082,2023-03-17,3,Spring,Friday,AeroSwift,Boeing 777,Glasgow,Dublin,Glasgow → Dublin,220,09:25,57.0,51.0,104.0,50,Air Traffic Control,0,230.0,49.0,2.8
FL13293,2023-03-18,3,Spring,Saturday,PolarAir,Boeing 737,London Heathrow,New York JFK,London Heathrow → New York JFK,5570,11:20,0.0,3.0,427.0,420,On Time,0,396.0,399.35,3.9
FL13312,2023-03-18,3,Spring,Saturday,PolarAir,Airbus A380,London Heathrow,Singapore Changi,London Heathrow → Singapore Changi,10840,15:45,77.0,84.0,833.0,745,Air Traffic Control,0,271.0,608.55,2.9
FL12457,2023-03-18,3,Spring,Saturday,CloudJet,Airbus A320,Edinburgh,Amsterdam,Edinburgh → Amsterdam,700,18:35,19.0,22.0,108.0,85,Late Aircraft,0,222.0,55.65,3.1
FL10639,2023-03-18,3,Spring,Saturday,NovaStar,Airbus A320,London Stansted,Warsaw Chopin,London Stansted → Warsaw Chopin,1470,07:55,0.0,0.0,134.0,135,On Time,0,82.0,89.93,4.0
FL13174,2023-03-18,3,Spring,Saturday,SkyWing Air,Boeing 737,London Heathrow,Singapore Changi,London Heathrow → Singapore Changi,10840,15:50,0.0,4.0,751.0,745,On Time,0,,710.18,4.1
FL14076,2023-03-18,3,Spring,Saturday,SkyWing Air,Boeing 787,Glasgow,Dublin,Glasgow → Dublin,220,12:40,20.0,15.0,72.0,50,Crew Availability,0,132.0,80.25,3.6
FL12229,2023-03-18,3,Spring,Saturday,CloudJet,Embraer E190,London Heathrow,New York JFK,London Heathrow → New York JFK,5570,13:40,1.0,8.0,430.0,420,Security,0,195.0,364.11,4.0
FL13036,2023-03-18,3,Spring,Saturday,AeroSwift,Embraer E190,Birmingham,Istanbul,Birmingham → Istanbul,2680,14:35,28.0,33.0,242.0,210,Crew Availability,0,271.0,139.44,3.2
FL12703,2023-03-18,3,Spring,Saturday,Atlantic Wings,Boeing 777,London Heathrow,Toronto Pearson,London Heathrow → Toronto Pearson,5730,09:40,,,,430,Late Aircraft,1,103.0,447.17,2.4
FL14740,2023-03-19,3,Spring,Sunday,SkyWing Air,Airbus A320,Birmingham,Istanbul,Birmingham → Istanbul,2680,21:20,,,,210,Technical,1,344.0,166.85,2.3
FL12990,2023-03-19,3,Spring,Sunday,AeroSwift,Boeing 737,Leeds Bradford,Alicante,Leeds Bradford → Alicante,1590,14:15,10.0,21.0,171.0,145,Late Aircraft,0,291.0,71.23,4.0
FL11373,2023-03-19,3,Spring,Sunday,NovaStar,Embraer E190,Edinburgh,Amsterdam,Edinburgh → Amsterdam,700,10:40,0.0,0.0,93.0,85,On Time,0,296.0,75.14,4.1
FL14516,2023-03-20,3,Spring,Monday,AeroSwift,,Bristol,Malaga,Bristol → Malaga,1620,09:45,9.0,16.0,160.0,145,Security,0,279.0,121.57,4.3
FL14604,2023-03-20,3,Spring,Monday,NovaStar,Embraer E190,Leeds Bradford,Alicante,Leeds Bradford → Alicante,1590,13:55,0.0,0.0,144.0,145,On Time,0,169.0,102.0,4.3
FL11818,2023-03-20,3,Spring,Monday,PolarAir,Embraer E190,London Stansted,Warsaw Chopin,London Stansted → Warsaw Chopin,1470,13:25,34.0,27.0,166.0,135,Weather,0,412.0,62.31,2.9
FL13276,2023-03-20,3,Spring,Monday,SkyWing Air,Embraer E190,London Stansted,Warsaw Chopin,London Stansted → Warsaw Chopin,1470,10:20,22.0,20.0,160.0,135,Crew Availability,0,85.0,131.39,3.6
FL13917,2023-03-20,3,Spring,Monday,AeroSwift,Boeing 787,London Heathrow,Dubai,London Heathrow → Dubai,5490,09:30,2.0,16.0,429.0,415,Security,0,247.0,247.14,3.7
FL13082,2023-03-20,3,Spring,Monday,Atlantic Wings,Embraer E190,Manchester,Barcelona,Manchester → Barcelona,1440,13:45,21.0,21.0,151.0,130,Security,0,332.0,71.34,
FL11473,2023-03-20,3,Spring,Monday,PolarAir,Airbus A320,Bristol,Malaga,Bristol → Malaga,1620,20:05,8.0,18.0,173.0,145,Air Traffic Control,0,319.0,86.0,3.1
FL10090,2023-03-20,3,Spring,Monday,NovaStar,Boeing 737,London Heathrow,Toronto Pearson,London Heathrow → Toronto Pearson,5730,07:40,0.0,3.0,439.0,430,On Time,0,390.0,270.66,4.8
FL11856,2023-03-21,3,Spring,Tuesday,SkyWing Air,Airbus A380,London Stansted,Warsaw Chopin,London Stansted → Warsaw Chopin,1470,08:45,1.0,11.0,153.0,135,Crew Availability,0,220.0,56.68,4.5
FL11644,2023-03-21,3,Spring,Tuesday,SkyWing Air,Boeing 787,Manchester,Barcelona,Manchester → Barcelona,1440,16:55,6.0,5.0,135.0,130,Air Traffic Control,0,76.0,131.21,3.2
FL14741,2023-03-21,3,Spring,Tuesday,CloudJet,Boeing 777,Edinburgh,Amsterdam,Edinburgh → Amsterdam,700,11:30,11.0,10.0,96.0,85,Technical,0,257.0,49.0,3.4
FL11522,2023-03-21,3,Spring,Tuesday,CloudJet,Airbus A320,London Heathrow,Toronto Pearson,London Heathrow → Toronto Pearson,5730,22:20,13.0,25.0,463.0,430,Crew Availability,0,108.0,373.05,3.4
FL13449,2023-03-21,3,Spring,Tuesday,NovaStar,Boeing 737,Manchester,Barcelona,Manchester → Barcelona,1440,11:15,0.0,7.0,136.0,130,On Time,0,229.0,58.91,4.8
FL12928,2023-03-21,3,Spring,Tuesday,AeroSwift,Airbus A320,London Heathrow,Singapore Changi,London Heathrow → Singapore Changi,10840,08:20,0.0,12.0,753.0,745,On Time,0,359.0,537.31,4.8
FL12530,2023-03-21,3,Spring,Tuesday,CloudJet,Boeing 737,Bristol,Malaga,Bristol → Malaga,1620,14:45,,,,145,Weather,1,144.0,99.33,1.5
FL10119,2023-03-22,3,Spring,Wednesday,CloudJet,Boeing 777,Edinburgh,Amsterdam,Edinburgh → Amsterdam,700,16:40,4.0,16.0,98.0,85,Air Traffic Control,0,317.0,68.49,4.0
FL13771,2023-03-22,3,Spring,Wednesday,NovaStar,Airbus A320,Bristol,Malaga,Bristol → Malaga,1620,12:35,,,,145,Security,1,206.0,72.45,1.8
FL14501,2023-03-22,3,Spring,Wednesday,CloudJet,Boeing 787,London Heathrow,Singapore Changi,London Heathrow → Singapore Changi,10840,13:10,12.0,4.0,744.0,745,Weather,0,192.0,666.82,4.4
FL11216,2023-03-22,3,Spring,Wednesday,AeroSwift,Airbus A380,London Gatwick,Rome Fiumicino,London Gatwick → Rome Fiumicino,1430,15:05,2.0,10.0,152.0,135,Air Traffic Control,0,90.0,118.09,3.0
FL11978,2023-03-22,3,Spring,Wednesday,NovaStar,Boeing 737,London Stansted,Warsaw Chopin,London Stansted → Warsaw Chopin,1470,07:25,0.0,0.0,140.0,135,On Time,0,179.0,129.29,4.4
FL14306,2023-03-22,3,Spring,Wednesday,AeroSwift,Airbus A320,Edinburgh,Amsterdam,Edinburgh → Amsterdam,700,13:40,5.0,2.0,86.0,85,Security,0,197.0,49.0,4.3
FL13977,2023-03-22,3,Spring,Wednesday,Atlantic Wings,Boeing 777,London Heathrow,New York JFK,London Heathrow → New York JFK,5570,08:20,26.0,30.0,447.0,420,Technical,0,96.0,388.39,
FL11810,2023-03-22,3,Spring,Wednesday,CloudJet,Boeing 787,London Stansted,Warsaw Chopin,London Stansted → Warsaw Chopin,1470,09:55,2.0,16.0,149.0,135,Security,0,398.0,83.94,4.0
FL12080,2023-03-23,3,Spring,Thursday,AeroSwift,Boeing 787,London Heathrow,Singapore Changi,London Heathrow → Singapore Changi,10840,19:40,0.0,1.0,749.0,745,On Time,0,272.0,558.5,4.6
FL12496,2023-03-23,3,Spring,Thursday,AeroSwift,Boeing 737,Bristol,Malaga,Bristol → Malaga,1620,11:15,16.0,27.0,182.0,145,Late Aircraft,0,155.0,70.62,3.1
FL14248,2023-03-23,3,Spring,Thursday,PolarAir,Boeing 777,London Heathrow,Singapore Changi,London Heathrow → Singapore Changi,10840,12:05,79.0,73.0,819.0,745,Crew Availability,0,141.0,624.48,2.4
FL13098,2023-03-23,3,Spring,Thursday,NovaStar,Boeing 777,Glasgow,Dublin,Glasgow → Dublin,220,18:35,19.0,27.0,72.0,50,Technical,0,407.0,49.0,4.3
FL11882,2023-03-23,3,Spring,Thursday,NovaStar,Boeing 737,London Stansted,Warsaw Chopin,London Stansted → Warsaw Chopin,1470,07:40,0.0,2.0,135.0,135,On Time,0,191.0,101.24,4.8
FL12116,2023-03-23,3,Spring,Thursday,Atlantic Wings,Airbus A320,London Heathrow,New York JFK,London Heathrow → New York JFK,5570,13:50,0.0,0.0,423.0,420,On Time,0,386.0,425.31,4.6
FL13288,2023-03-24,3,Spring,Friday,Atlantic Wings,Boeing 737,London Stansted,Warsaw Chopin,London Stansted → Warsaw Chopin,1470,08:15,15.0,27.0,164.0,135,Weather,0,322.0,129.1,4.0
FL14163,2023-03-24,3,Spring,Friday,PolarAir,Boeing 737,Bristol,Malaga,Bristol → Malaga,1620,19:15,,,,145,Late Aircraft,1,416.0,102.83,1.5
FL13542,2023-03-24,3,Spring,Friday,NovaStar,Airbus A380,London Heathrow,Singapore Changi,London Heathrow → Singapore Changi,10840,11:50,0.0,11.0,763.0,745,On Time,0,260.0,528.41,4.0
FL10476,2023-03-24,3,Spring,Friday,PolarAir,Airbus A380,Bristol,Malaga,Bristol → Malaga,1620,07:25,3.0,0.0,148.0,145,Technical,0,319.0,114.25,3.1
FL11803,2023-03-24,3,Spring,Friday,SkyWing Air,Airbus A380,London Stansted,Warsaw Chopin,London Stansted → Warsaw Chopin,1470,08:45,9.0,21.0,162.0,135,Air Traffic Control,0,192.0,104.54,4.4
FL13158,2023-03-24,3,Spring,Friday,NovaStar,Embraer E190,London Heathrow,New York JFK,London Heathrow → New York JFK,5570,10:10,0.0,0.0,420.0,420,On Time,0,159.0,320.86,3.8
FL14915,2023-03-24,3,Spring,Friday,CloudJet,Airbus A380,London Heathrow,New York JFK,London Heathrow → New York JFK,5570,07:25,86.0,101.0,516.0,420,Air Traffic Control,0,352.0,320.6,3.0
FL10598,2023-03-25,3,Spring,Saturday,CloudJet,Boeing 787,London Heathrow,Singapore Changi,London Heathrow → Singapore Changi,10840,14:35,4.0,18.0,770.0,745,Weather,0,210.0,699.27,3.9
FL14596,2023-03-25,3,Spring,Saturday,AeroSwift,Boeing 787,Leeds Bradford,Alicante,Leeds Bradford → Alicante,1590,16:00,7.0,9.0,155.0,145,Technical,0,147.0,104.14,3.4
FL11688,2023-03-26,3,Spring,Sunday,CloudJet,,London Heathrow,Toronto Pearson,London Heathrow → Toronto Pearson,5730,06:05,28.0,20.0,458.0,430,Late Aircraft,0,152.0,385.15,3.4
FL11872,2023-03-26,3,Spring,Sunday,NovaStar,Embraer E190,Leeds Bradford,Alicante,Leeds Bradford → Alicante,1590,09:00,2.0,0.0,152.0,145,Crew Availability,0,388.0,83.39,3.6
FL13788,2023-03-26,3,Spring,Sunday,CloudJet,Airbus A320,Edinburgh,Amsterdam,Edinburgh → Amsterdam,700,09:10,0.0,9.0,103.0,85,On Time,0,130.0,108.27,4.7
FL12778,2023-03-26,3,Spring,Sunday,CloudJet,Boeing 777,Edinburgh,Amsterdam,Edinburgh → Amsterdam,700,11:15,22.0,33.0,113.0,85,Technical,0,86.0,89.74,3.5
FL11704,2023-03-26,3,Spring,Sunday,CloudJet,Boeing 777,London Heathrow,Toronto Pearson,London Heathrow → Toronto Pearson,5730,12:10,0.0,0.0,426.0,430,On Time,0,203.0,392.54,3.8
FL10611,2023-03-26,3,Spring,Sunday,SkyWing Air,Boeing 777,Bristol,Malaga,Bristol → Malaga,1620,22:40,26.0,36.0,191.0,145,Security,0,200.0,87.0,4.0
FL13937,2023-03-26,3,Spring,Sunday,SkyWing Air,Embraer E190,Leeds Bradford,Alicante,Leeds Bradford → Alicante,1590,21:30,12.0,19.0,160.0,145,Late Aircraft,0,103.0,123.79,4.4
FL12862,2023-03-26,3,Spring,Sunday,Atlantic Wings,Boeing 737,Manchester,Barcelona,Manchester → Barcelona,1440,10:15,19.0,29.0,155.0,130,Crew Availability,0,248.0,97.42,3.9
FL13433,2023-03-26,3,Spring,Sunday,PolarAir,Airbus A320,Glasgow,Dublin,Glasgow → Dublin,220,09:05,18.0,29.0,81.0,50,Weather,0,283.0,49.0,4.1
FL13988,2023-03-26,3,Spring,Sunday,Atlantic Wings,Boeing 777,London Heathrow,Toronto Pearson,London Heathrow → Toronto Pearson,5730,05:55,75.0,68.0,502.0,430,Crew Availability,0,66.0,385.27,3.0
FL14859,2023-03-26,3,Spring,Sunday,PolarAir,Airbus A320,Glasgow,Dublin,Glasgow → Dublin,220,08:05,64.0,74.0,133.0,50,Technical,0,325.0,58.08,2.6
FL12557,2023-03-26,3,Spring,Sunday,PolarAir,Airbus A380,London Heathrow,Toronto Pearson,London Heathrow → Toronto Pearson,5730,13:45,8.0,23.0,456.0,430,Crew Availability,0,220.0,369.21,4.3
FL12183,2023-03-26,3,Spring,Sunday,AeroSwift,Boeing 777,Birmingham,Istanbul,Birmingham → Istanbul,2680,06:40,20.0,12.0,231.0,210,Air Traffic Control,0,172.0,168.54,3.7
FL14400,2023-03-27,3,Spring,Monday,AeroSwift,Airbus A320,London Heathrow,Singapore Changi,London Heathrow → Singapore Changi,10840,11:10,22.0,32.0,784.0,745,Weather,0,184.0,564.1,3.2
FL11259,2023-03-27,3,Spring,Monday,Atlantic Wings,Boeing 787,Manchester,Barcelona,Manchester → Barcelona,1440,07:05,14.0,11.0,146.0,130,Late Aircraft,0,349.0,137.7,3.5
FL14152,2023-03-27,3,Spring,Monday,AeroSwift,Boeing 737,London Heathrow,Toronto Pearson,London Heathrow → Toronto Pearson,5730,08:50,4.0,1.0,438.0,430,Late Aircraft,0,170.0,282.09,3.9
FL14584,2023-03-27,3,Spring,Monday,Atlantic Wings,Boeing 777,Leeds Bradford,Alicante,Leeds Bradford → Alicante,1590,09:10,60.0,73.0,221.0,145,Technical,0,116.0,86.32,3.2
FL14965,2023-03-27,3,Spring,Monday,AeroSwift,Boeing 737,London Heathrow,Singapore Changi,London Heathrow → Singapore Changi,10840,12:55,0.0,0.0,753.0,745,On Time,0,71.0,562.51,4.2
FL10786,2023-03-27,3,Spring,Monday,SkyWing Air,Boeing 737,Glasgow,Dublin,Glasgow → Dublin,220,15:35,0.0,0.0,49.0,50,On Time,0,266.0,49.0,4.5
FL11192,2023-03-27,3,Spring,Monday,AeroSwift,Airbus A380,Birmingham,Istanbul,Birmingham → Istanbul,2680,18:45,35.0,46.0,265.0,210,Security,0,,115.35,3.3
FL10938,2023-03-27,3,Spring,Monday,CloudJet,Boeing 787,London Stansted,Warsaw Chopin,London Stansted → Warsaw Chopin,1470,22:35,,,,135,Security,1,273.0,81.18,2.5
FL13604,2023-03-27,3,Spring,Monday,NovaStar,Boeing 737,Bristol,Malaga,Bristol → Malaga,1620,09:00,2.0,9.0,161.0,145,Crew Availability,0,182.0,87.68,4.1
FL10649,2023-03-27,3,Spring,Monday,CloudJet,Boeing 787,Manchester,Barcelona,Manchester → Barcelona,1440,19:45,,,,130,Weather,1,114.0,144.15,1.8
FL11222,2023-03-28,3,Spring,Tuesday,PolarAir,Boeing 787,Bristol,Malaga,Bristol → Malaga,1620,11:30,4.0,3.0,152.0,145,Crew Availability,0,390.0,133.57,4.0
FL10624,2023-03-28,3,Spring,Tuesday,Atlantic Wings,,London Gatwick,Rome Fiumicino,London Gatwick → Rome Fiumicino,1430,21:35,12.0,4.0,138.0,135,Late Aircraft,0,305.0,136.28,3.7
FL14525,2023-03-28,3,Spring,Tuesday,NovaStar,Airbus A320,London Heathrow,Toronto Pearson,London Heathrow → Toronto Pearson,5730,10:05,6.0,0.0,430.0,430,Technical,0,,322.39,3.6
FL14416,2023-03-28,3,Spring,Tuesday,NovaStar,Airbus A320,London Stansted,Warsaw Chopin,London Stansted → Warsaw Chopin,1470,06:50,0.0,0.0,130.0,135,On Time,0,228.0,79.79,4.5
FL14857,2023-03-29,3,Spring,Wednesday,NovaStar,Boeing 737,London Heathrow,Singapore Changi,London Heathrow → Singapore Changi,10840,10:40,0.0,0.0,748.0,745,On Time,0,194.0,538.26,4.3
FL10282,2023-03-29,3,Spring,Wednesday,CloudJet,Airbus A380,Edinburgh,Amsterdam,Edinburgh → Amsterdam,700,19:55,17.0,22.0,106.0,85,Crew Availability,0,142.0,57.63,3.3
FL13209,2023-03-29,3,Spring,Wednesday,AeroSwift,Boeing 737,London Heathrow,Dubai,London Heathrow → Dubai,5490,07:00,43.0,43.0,459.0,415,Crew Availability,0,98.0,292.55,2.0
FL13042,2023-03-29,3,Spring,Wednesday,AeroSwift,Boeing 787,Bristol,Malaga,Bristol → Malaga,1620,10:10,0.0,0.0,140.0,145,On Time,0,216.0,86.97,4.2
FL10561,2023-03-29,3,Spring,Wednesday,CloudJet,Airbus A320,Edinburgh,Amsterdam,Edinburgh → Amsterdam,700,20:55,67.0,73.0,153.0,85,Late Aircraft,0,251.0,82.86,2.2
FL11176,2023-03-29,3,Spring,Wednesday,PolarAir,Embraer E190,London Heathrow,Singapore Changi,London Heathrow → Singapore Changi,10840,08:00,12.0,8.0,757.0,745,Technical,0,331.0,695.2,4.0
FL11396,2023-03-29,3,Spring,Wednesday,NovaStar,Airbus A320,London Stansted,Warsaw Chopin,London Stansted → Warsaw Chopin,1470,17:40,8.0,9.0,148.0,135,Technical,0,259.0,132.28,3.4
FL14293,2023-03-30,3,Spring,Thursday,SkyWing Air,Airbus A320,London Heathrow,Toronto Pearson,London Heathrow → Toronto Pearson,5730,13:00,5.0,14.0,446.0,430,Weather,0,137.0,353.08,4.0
FL10193,2023-03-30,3,Spring,Thursday,SkyWing Air,Airbus A380,Manchester,Barcelona,Manchester → Barcelona,1440,07:45,18.0,21.0,156.0,130,Late Aircraft,0,131.0,115.78,3.4
FL10117,2023-03-30,3,Spring,Thursday,SkyWing Air,Airbus A320,London Gatwick,Rome Fiumicino,London Gatwick → Rome Fiumicino,1430,12:55,12.0,20.0,163.0,135,Late Aircraft,0,354.0,163.34,3.1
FL14342,2023-03-30,3,Spring,Thursday,SkyWing Air,Airbus A320,London Stansted,Warsaw Chopin,London Stansted → Warsaw Chopin,1470,09:55,6.0,2.0,143.0,135,Late Aircraft,0,328.0,73.43,4.0
FL13450,2023-03-30,3,Spring,Thursday,SkyWing Air,Airbus A320,Manchester,Barcelona,Manchester → Barcelona,1440,21:15,3.0,6.0,143.0,130,Weather,0,292.0,134.49,4.0
FL11754,2023-03-30,3,Spring,Thursday,NovaStar,Boeing 777,London Heathrow,New York JFK,London Heathrow → New York JFK,5570,13:25,3.0,0.0,418.0,420,Late Aircraft,0,265.0,256.37,4.4
FL11050,2023-03-30,3,Spring,Thursday,SkyWing Air,Boeing 737,Manchester,Barcelona,Manchester → Barcelona,1440,06:10,19.0,33.0,164.0,130,Security,0,305.0,131.07,4.5
FL11249,2023-03-30,3,Spring,Thursday,CloudJet,Airbus A320,Manchester,Barcelona,Manchester → Barcelona,1440,10:55,8.0,23.0,155.0,130,Air Traffic Control,0,285.0,95.64,3.1
FL14206,2023-03-31,3,Spring,Friday,CloudJet,Boeing 787,Bristol,Malaga,Bristol → Malaga,1620,06:50,6.0,19.0,169.0,145,Weather,0,253.0,143.8,3.2
FL10657,2023-03-31,3,Spring,Friday,AeroSwift,Boeing 737,Birmingham,Istanbul,Birmingham → Istanbul,2680,06:00,1.0,8.0,216.0,210,Technical,0,90.0,152.76,4.4
FL12270,2023-03-31,3,Spring,Friday,CloudJet,Boeing 737,London Gatwick,Rome Fiumicino,London Gatwick → Rome Fiumicino,1430,20:25,51.0,63.0,201.0,135,Air Traffic Control,0,302.0,68.39,2.8
FL12759,2023-03-31,3,Spring,Friday,PolarAir,Boeing 737,Birmingham,Istanbul,Birmingham → Istanbul,2680,22:20,18.0,13.0,223.0,210,Air Traffic Control,0,280.0,225.26,3.4
FL13165,2023-03-31,3,Spring,Friday,SkyWing Air,Boeing 737,Glasgow,Dublin,Glasgow → Dublin,220,13:05,0.0,4.0,63.0,50,On Time,0,416.0,49.0,4.7
FL12473,2023-03-31,3,Spring,Friday,CloudJet,Boeing 737,Manchester,Barcelona,Manchester → Barcelona,1440,10:55,11.0,24.0,154.0,130,Technical,0,77.0,134.21,4.2
FL14171,2023-03-31,3,Spring,Friday,NovaStar,Boeing 777,Birmingham,Istanbul,Birmingham → Istanbul,2680,10:25,25.0,24.0,231.0,210,Weather,0,341.0,156.05,3.7
FL12024,2023-03-31,3,Spring,Friday,AeroSwift,Boeing 737,London Heathrow,New York JFK,London Heathrow → New York JFK,5570,19:55,34.0,30.0,451.0,420,Crew Availability,0,331.0,304.54,3.3
FL10369,2023-03-31,3,Spring,Friday,SkyWing Air,Airbus A320,London Heathrow,Dubai,London Heathrow → Dubai,5490,06:10,25.0,26.0,441.0,415,Security,0,293.0,346.43,4.1
FL14141,2023-03-31,3,Spring,Friday,Atlantic Wings,Airbus A380,London Heathrow,New York JFK,London Heathrow → New York JFK,5570,15:50,36.0,41.0,467.0,420,Weather,0,344.0,394.66,2.8
FL10056,2023-04-01,4,Spring,Saturday,CloudJet,Airbus A320,London Gatwick,Rome Fiumicino,London Gatwick → Rome Fiumicino,1430,21:30,42.0,34.0,178.0,135,Crew Availability,0,271.0,107.36,2.1
FL11627,2023-04-01,4,Spring,Saturday,NovaStar,Boeing 737,Glasgow,Dublin,Glasgow → Dublin,220,08:45,5.0,14.0,71.0,50,Security,0,395.0,49.0,4.2
FL14500,2023-04-01,4,Spring,Saturday,CloudJet,Boeing 777,Glasgow,Dublin,Glasgow → Dublin,220,09:05,25.0,30.0,82.0,50,Technical,0,368.0,49.0,3.3
FL13176,2023-04-01,4,Spring,Saturday,CloudJet,Boeing 777,London Heathrow,Toronto Pearson,London Heathrow → Toronto Pearson,5730,08:55,0.0,3.0,431.0,430,On Time,0,303.0,326.87,4.0
FL13808,2023-04-01,4,Spring,Saturday,NovaStar,Airbus A380,London Heathrow,Dubai,London Heathrow → Dubai,5490,11:55,0.0,0.0,417.0,415,On Time,0,247.0,274.12,4.0
FL12458,2023-04-02,4,Spring,Sunday,Atlantic Wings,Airbus A320,Edinburgh,Amsterdam,Edinburgh → Amsterdam,700,06:30,102.0,113.0,200.0,85,Late Aircraft,0,396.0,94.89,2.5
FL12669,2023-04-02,4,Spring,Sunday,PolarAir,Airbus A380,London Gatwick,Rome Fiumicino,London Gatwick → Rome Fiumicino,1430,08:05,4.0,18.0,158.0,135,Late Aircraft,0,187.0,82.38,3.2
FL10492,2023-04-02,4,Spring,Sunday,SkyWing Air,Boeing 737,Edinburgh,Amsterdam,Edinburgh → Amsterdam,700,16:30,2.0,14.0,97.0,85,Technical,0,212.0,68.26,3.7
FL11011,2023-04-02,4,Spring,Sunday,PolarAir,Airbus A320,London Gatwick,Rome Fiumicino,London Gatwick → Rome Fiumicino,1430,05:20,40.0,40.0,175.0,135,Late Aircraft,0,146.0,109.18,2.3
FL12796,2023-04-02,4,Spring,Sunday,PolarAir,Airbus A320,London Heathrow,New York JFK,London Heathrow → New York JFK,5570,22:15,35.0,28.0,446.0,420,Weather,0,404.0,312.26,2.2
FL10093,2023-04-03,4,Spring,Monday,NovaStar,Boeing 777,London Stansted,Warsaw Chopin,London Stansted → Warsaw Chopin,1470,15:35,8.0,23.0,167.0,135,Weather,0,352.0,73.09,4.0
FL14363,2023-04-03,4,Spring,Monday,AeroSwift,Embraer E190,London Heathrow,New York JFK,London Heathrow → New York JFK,5570,15:20,0.0,0.0,427.0,420,On Time,0,133.0,303.31,5.0
FL10868,2023-04-03,4,Spring,Monday,NovaStar,Airbus A320,Birmingham,Istanbul,Birmingham → Istanbul,2680,10:40,0.0,6.0,211.0,210,On Time,0,63.0,161.77,4.3
FL12436,2023-04-04,4,Spring,Tuesday,NovaStar,Boeing 777,Bristol,Malaga,Bristol → Malaga,1620,19:50,0.0,9.0,159.0,145,On Time,0,170.0,79.81,4.3
FL10261,2023-04-04,4,Spring,Tuesday,NovaStar,Boeing 777,London Stansted,Warsaw Chopin,London Stansted → Warsaw Chopin,1470,16:40,2.0,14.0,158.0,135,Crew Availability,0,234.0,49.0,3.5
FL14373,2023-04-04,4,Spring,Tuesday,AeroSwift,Airbus A380,London Heathrow,Singapore Changi,London Heathrow → Singapore Changi,10840,13:10,13.0,15.0,768.0,745,Security,0,115.0,600.64,3.4
FL10081,2023-04-04,4,Spring,Tuesday,SkyWing Air,Airbus A320,London Heathrow,Dubai,London Heathrow → Dubai,5490,14:55,8.0,4.0,415.0,415,Security,0,360.0,391.75,4.4
FL14924,2023-04-04,4,Spring,Tuesday,Atlantic Wings,Boeing 777,Manchester,Barcelona,Manchester → Barcelona,1440,05:40,39.0,51.0,190.0,130,Late Aircraft,0,156.0,129.63,2.2
FL12465,2023-04-04,4,Spring,Tuesday,CloudJet,Boeing 737,London Heathrow,New York JFK,London Heathrow → New York JFK,5570,09:50,3.0,5.0,429.0,420,Security,0,93.0,367.11,4.0
FL14213,2023-04-04,4,Spring,Tuesday,Atlantic Wings,Airbus A320,Manchester,Barcelona,Manchester → Barcelona,1440,19:45,1.0,10.0,146.0,130,Weather,0,111.0,130.64,3.4
FL14704,2023-04-04,4,Spring,Tuesday,Atlantic Wings,Boeing 737,London Gatwick,Rome Fiumicino,London Gatwick → Rome Fiumicino,1430,08:00,2.0,5.0,150.0,135,Technical,0,,121.78,3.4
FL10465,2023-04-05,4,Spring,Wednesday,Atlantic Wings,Boeing 737,London Stansted,Warsaw Chopin,London Stansted → Warsaw Chopin,1470,14:25,10.0,20.0,165.0,135,Security,0,278.0,148.85,3.3
FL10437,2023-04-05,4,Spring,Wednesday,CloudJet,Boeing 777,London Heathrow,New York JFK,London Heathrow → New York JFK,5570,06:15,10.0,9.0,430.0,420,Air Traffic Control,0,71.0,387.73,3.1
FL11243,2023-04-05,4,Spring,Wednesday,NovaStar,Boeing 777,Leeds Bradford,Alicante,Leeds Bradford → Alicante,1590,09:10,13.0,10.0,154.0,145,Technical,0,368.0,84.67,4.4
FL11681,2023-04-05,4,Spring,Wednesday,SkyWing Air,Embraer E190,Manchester,Barcelona,Manchester → Barcelona,1440,08:35,29.0,30.0,159.0,130,Air Traffic Control,0,308.0,86.65,4.4
FL14019,2023-04-05,4,Spring,Wednesday,AeroSwift,Boeing 737,Edinburgh,Amsterdam,Edinburgh → Amsterdam,700,11:35,15.0,25.0,111.0,85,Crew Availability,0,,58.27,3.9
FL13507,2023-04-06,4,Spring,Thursday,AeroSwift,Embraer E190,Leeds Bradford,Alicante,Leeds Bradford → Alicante,1590,06:35,23.0,22.0,176.0,145,Security,0,100.0,69.42,4.0
FL13229,2023-04-06,4,Spring,Thursday,PolarAir,Airbus A320,Bristol,Malaga,Bristol → Malaga,1620,17:55,7.0,2.0,155.0,145,Late Aircraft,0,284.0,77.02,3.5
FL11504,2023-04-06,4,Spring,Thursday,NovaStar,Boeing 737,Glasgow,Dublin,Glasgow → Dublin,220,06:20,1.0,14.0,62.0,50,Air Traffic Control,0,362.0,49.0,3.3
FL10564,2023-04-06,4,Spring,Thursday,AeroSwift,Boeing 777,London Heathrow,Dubai,London Heathrow → Dubai,5490,15:10,0.0,14.0,439.0,415,On Time,0,73.0,278.33,4.0
FL10867,2023-04-06,4,Spring,Thursday,AeroSwift,Boeing 787,Glasgow,Dublin,Glasgow → Dublin,220,10:55,0.0,0.0,51.0,50,On Time,0,121.0,49.0,4.9
FL13086,2023-04-06,4,Spring,Thursday,NovaStar,Airbus A320,London Gatwick,Rome Fiumicino,London Gatwick → Rome Fiumicino,1430,08:25,11.0,15.0,158.0,135,Weather,0,402.0,128.72,4.4
FL10186,2023-04-06,4,Spring,Thursday,PolarAir,Airbus A380,Glasgow,Dublin,Glasgow → Dublin,220,20:55,0.0,3.0,62.0,50,On Time,0,309.0,49.0,4.2
FL10494,2023-04-06,4,Spring,Thursday,SkyWing Air,Airbus A320,Glasgow,Dublin,Glasgow → Dublin,220,15:35,44.0,56.0,105.0,50,Crew Availability,0,313.0,49.0,2.8
FL13085,2023-04-06,4,Spring,Thursday,Atlantic Wings,Airbus A320,Manchester,Barcelona,Manchester → Barcelona,1440,06:55,0.0,10.0,141.0,130,On Time,0,183.0,141.54,4.1
FL11058,2023-04-06,4,Spring,Thursday,Atlantic Wings,Airbus A320,Birmingham,Istanbul,Birmingham → Istanbul,2680,12:00,44.0,39.0,244.0,210,Security,0,114.0,160.47,3.3
FL12297,2023-04-06,4,Spring,Thursday,Atlantic Wings,Boeing 777,Leeds Bradford,Alicante,Leeds Bradford → Alicante,1590,17:45,34.0,38.0,190.0,145,Security,0,83.0,151.55,3.2
FL14144,2023-04-07,4,Spring,Friday,Atlantic Wings,Boeing 777,Bristol,Malaga,Bristol → Malaga,1620,19:25,15.0,28.0,174.0,145,Security,0,256.0,129.97,4.2
FL10714,2023-04-07,4,Spring,Friday,SkyWing Air,Embraer E190,London Gatwick,Rome Fiumicino,London Gatwick → Rome Fiumicino,1430,18:25,6.0,21.0,159.0,135,Air Traffic Control,0,399.0,77.99,3.7
FL13671,2023-04-07,4,Spring,Friday,AeroSwift,Airbus A380,London Heathrow,Dubai,London Heathrow → Dubai,5490,13:55,13.0,21.0,440.0,415,Technical,0,382.0,271.13,4.3
FL13904,2023-04-07,4,Spring,Friday,Atlantic Wings,Airbus A320,London Heathrow,New York JFK,London Heathrow → New York JFK,5570,11:00,8.0,13.0,441.0,420,Late Aircraft,0,160.0,412.4,4.4
FL11827,2023-04-07,4,Spring,Friday,NovaStar,Boeing 777,London Heathrow,Dubai,London Heathrow → Dubai,5490,13:20,5.0,2.0,420.0,415,Air Traffic Control,0,139.0,291.9,4.0
FL13667,2023-04-07,4,Spring,Friday,CloudJet,Boeing 737,London Heathrow,Singapore Changi,London Heathrow → Singapore Changi,10840,22:15,58.0,61.0,811.0,745,Technical,0,384.0,708.22,
FL10669,2023-04-07,4,Spring,Friday,PolarAir,Boeing 737,Birmingham,Istanbul,Birmingham → Istanbul,2680,18:20,0.0,0.0,216.0,210,On Time,0,240.0,157.8,3.9
FL12626,2023-04-07,4,Spring,Friday,CloudJet,Airbus A320,Glasgow,Dublin,Glasgow → Dublin,220,13:15,15.0,10.0,57.0,50,Late Aircraft,0,190.0,49.0,3.7
FL11785,2023-04-08,4,Spring,Saturday,AeroSwift,Boeing 777,London Heathrow,Dubai,London Heathrow → Dubai,5490,13:35,1.0,6.0,421.0,415,Crew Availability,0,,272.39,3.4
FL13349,2023-04-09,4,Spring,Sunday,PolarAir,Embraer E190,London Stansted,Warsaw Chopin,London Stansted → Warsaw Chopin,1470,05:15,0.0,0.0,144.0,135,On Time,0,189.0,72.49,4.2
FL12713,2023-04-09,4,Spring,Sunday,CloudJet,Airbus A380,London Gatwick,Rome Fiumicino,London Gatwick → Rome Fiumicino,1430,11:10,21.0,28.0,159.0,135,Weather,0,396.0,89.09,3.2
FL10575,2023-04-09,4,Spring,Sunday,Atlantic Wings,Airbus A380,Manchester,Barcelona,Manchester → Barcelona,1440,08:00,39.0,34.0,169.0,130,Air Traffic Control,0,347.0,141.26,2.9
FL14631,2023-04-09,4,Spring,Sunday,CloudJet,Boeing 777,Manchester,Barcelona,Manchester → Barcelona,1440,07:30,48.0,50.0,178.0,130,Security,0,245.0,93.6,2.6
FL11105,2023-04-09,4,Spring,Sunday,SkyWing Air,Boeing 737,Leeds Bradford,Alicante,Leeds Bradford → Alicante,1590,07:00,20.0,18.0,164.0,145,Weather,0,244.0,143.04,3.6
FL14542,2023-04-09,4,Spring,Sunday,NovaStar,Boeing 777,Leeds Bradford,Alicante,Leeds Bradford → Alicante,1590,05:55,5.0,14.0,160.0,145,Technical,0,203.0,128.2,4.4
FL12823,2023-04-09,4,Spring,Sunday,AeroSwift,Airbus A320,Edinburgh,Amsterdam,Edinburgh → Amsterdam,700,15:50,0.0,0.0,92.0,85,On Time,0,146.0,49.0,4.2
FL10126,2023-04-10,4,Spring,Monday,PolarAir,Embraer E190,Birmingham,Istanbul,Birmingham → Istanbul,2680,19:25,2.0,5.0,216.0,210,Technical,0,368.0,157.62,3.8
FL13998,2023-04-10,4,Spring,Monday,CloudJet,Airbus A320,London Heathrow,Singapore Changi,London Heathrow → Singapore Changi,10840,07:45,102.0,112.0,858.0,745,Crew Availability,0,320.0,640.45,1.9
FL14018,2023-04-10,4,Spring,Monday,SkyWing Air,Airbus A320,Edinburgh,Amsterdam,Edinburgh → Amsterdam,700,11:55,0.0,10.0,95.0,85,On Time,0,75.0,68.89,4.2
FL11073,2023-04-10,4,Spring,Monday,SkyWing Air,Boeing 737,London Gatwick,Rome Fiumicino,London Gatwick → Rome Fiumicino,1430,22:45,0.0,0.0,144.0,135,On Time,0,167.0,157.28,3.9
FL13378,2023-04-11,4,Spring,Tuesday,NovaStar,Boeing 737,London Gatwick,Rome Fiumicino,London Gatwick → Rome Fiumicino,1430,09:10,0.0,0.0,138.0,135,On Time,0,268.0,93.88,3.9
FL13421,2023-04-11,4,Spring,Tuesday,AeroSwift,Boeing 777,Bristol,Malaga,Bristol → Malaga,1620,19:45,7.0,6.0,161.0,145,Crew Availability,0,375.0,130.49,4.0
FL13551,2023-04-11,4,Spring,Tuesday,CloudJet,Boeing 737,London Stansted,Warsaw Chopin,London Stansted → Warsaw Chopin,1470,14:30,24.0,20.0,158.0,135,Crew Availability,0,311.0,77.62,3.7
FL11822,2023-04-11,4,Spring,Tuesday,AeroSwift,Airbus A380,Leeds Bradford,Alicante,Leeds Bradford → Alicante,1590,11:20,0.0,0.0,150.0,145,On Time,0,259.0,49.32,4.1
FL10833,2023-04-11,4,Spring,Tuesday,PolarAir,Boeing 777,London Stansted,Warsaw Chopin,London Stansted → Warsaw Chopin,1470,06:30,8.0,20.0,157.0,135,Weather,0,130.0,86.72,3.9
FL11912,2023-04-11,4,Spring,Tuesday,PolarAir,Boeing 737,Leeds Bradford,Alicante,Leeds Bradford → Alicante,1590,11:55,18.0,28.0,181.0,145,Technical,0,287.0,107.83,3.6
FL12920,2023-04-11,4,Spring,Tuesday,AeroSwift,Airbus A380,London Heathrow,Toronto Pearson,London Heathrow → Toronto Pearson,5730,09:15,0.0,1.0,431.0,430,On Time,0,121.0,313.39,4.8
FL14486,2023-04-11,4,Spring,Tuesday,SkyWing Air,Boeing 737,London Heathrow,Singapore Changi,London Heathrow → Singapore Changi,10840,22:45,29.0,44.0,798.0,745,Security,0,93.0,680.16,3.8
FL12497,2023-04-11,4,Spring,Tuesday,Atlantic Wings,Airbus A320,Bristol,Malaga,Bristol → Malaga,1620,07:25,0.0,10.0,150.0,145,On Time,0,63.0,148.5,4.6
FL10064,2023-04-11,4,Spring,Tuesday,Atlantic Wings,Embraer E190,Leeds Bradford,Alicante,Leeds Bradford → Alicante,1590,05:35,16.0,17.0,158.0,145,Weather,0,226.0,95.98,4.2
FL13823,2023-04-11,4,Spring,Tuesday,CloudJet,Boeing 777,London Heathrow,Dubai,London Heathrow → Dubai,5490,19:35,165.0,165.0,579.0,415,Air Traffic Control,0,194.0,346.52,1.6
FL14594,2023-04-11,4,Spring,Tuesday,NovaStar,Boeing 777,Manchester,Barcelona,Manchester → Barcelona,1440,05:25,1.0,0.0,125.0,130,Weather,0,125.0,91.41,3.9
FL11085,2023-04-11,4,Spring,Tuesday,PolarAir,Boeing 777,Glasgow,Dublin,Glasgow → Dublin,220,20:00,18.0,33.0,78.0,50,Security,0,136.0,49.0,4.5
FL10518,2023-04-11,4,Spring,Tuesday,AeroSwift,Airbus A320,Leeds Bradford,Alicante,Leeds Bradford → Alicante,1590,13:30,24.0,17.0,161.0,145,Late Aircraft,0,303.0,68.64,3.3
FL14987,2023-04-12,4,Spring,Wednesday,CloudJet,Airbus A320,Glasgow,Dublin,Glasgow → Dublin,220,11:50,26.0,30.0,85.0,50,Crew Availability,0,194.0,49.0,3.1
FL14093,2023-04-12,4,Spring,Wednesday,CloudJet,Boeing 737,Leeds Bradford,Alicante,Leeds Bradford → Alicante,1590,17:00,40.0,41.0,186.0,145,Technical,0,321.0,99.5,2.8
FL13919,2023-04-12,4,Spring,Wednesday,AeroSwift,Embraer E190,Birmingham,Istanbul,Birmingham → Istanbul,2680,15:10,3.0,3.0,213.0,210,Technical,0,83.0,102.77,3.8
FL10912,2023-04-12,4,Spring,Wednesday,NovaStar,Boeing 777,London Heathrow,Dubai,London Heathrow → Dubai,5490,06:25,13.0,23.0,445.0,415,Security,0,339.0,261.52,4.0
FL14061,2023-04-12,4,Spring,Wednesday,NovaStar,Boeing 777,Birmingham,Istanbul,Birmingham → Istanbul,2680,08:55,10.0,2.0,209.0,210,Air Traffic Control,0,189.0,159.09,3.4
FL13486,2023-04-12,4,Spring,Wednesday,CloudJet,Boeing 737,London Heathrow,Dubai,London Heathrow → Dubai,5490,08:05,10.0,18.0,440.0,415,Weather,0,138.0,335.61,3.3
FL11641,2023-04-12,4,Spring,Wednesday,AeroSwift,Embraer E190,London Gatwick,Rome Fiumicino,London Gatwick → Rome Fiumicino,1430,12:50,0.0,14.0,145.0,135,On Time,0,362.0,98.22,4.1
FL12048,2023-04-12,4,Spring,Wednesday,Atlantic Wings,Airbus A380,Leeds Bradford,Alicante,Leeds Bradford → Alicante,1590,18:05,37.0,34.0,184.0,145,Crew Availability,0,250.0,82.66,2.2
FL12377,2023-04-12,4,Spring,Wednesday,SkyWing Air,Airbus A320,London Stansted,Warsaw Chopin,London Stansted → Warsaw Chopin,1470,07:20,0.0,13.0,150.0,135,On Time,0,,148.26,4.1
FL14801,2023-04-13,4,Spring,Thursday,SkyWing Air,Boeing 737,Glasgow,Dublin,Glasgow → Dublin,220,10:10,0.0,0.0,52.0,50,On Time,0,276.0,83.45,4.0
FL11056,2023-04-13,4,Spring,Thursday,CloudJet,Boeing 737,London Heathrow,Dubai,London Heathrow → Dubai,5490,10:20,21.0,23.0,438.0,415,Weather,0,355.0,360.69,3.3
FL10062,2023-04-13,4,Spring,Thursday,NovaStar,Boeing 737,Bristol,Malaga,Bristol → Malaga,1620,08:10,0.0,12.0,156.0,145,On Time,0,98.0,124.81,4.4
FL13922,2023-04-13,4,Spring,Thursday,NovaStar,Embraer E190,London Gatwick,Rome Fiumicino,London Gatwick → Rome Fiumicino,1430,07:05,0.0,0.0,138.0,135,On Time,0,378.0,85.8,4.7
FL13736,2023-04-13,4,Spring,Thursday,SkyWing Air,Boeing 737,Bristol,Malaga,Bristol → Malaga,1620,08:00,7.0,12.0,153.0,145,Air Traffic Control,0,266.0,136.36,3.8
FL11421,2023-04-13,4,Spring,Thursday,SkyWing Air,Embraer E190,Glasgow,Dublin,Glasgow → Dublin,220,09:00,,,,50,Air Traffic Control,1,255.0,49.0,
FL11237,2023-04-13,4,Spring,Thursday,PolarAir,Embraer E190,London Stansted,Warsaw Chopin,London Stansted → Warsaw Chopin,1470,05:45,10.0,21.0,152.0,135,Late Aircraft,0,327.0,93.72,3.9
FL13640,2023-04-13,4,Spring,Thursday,CloudJet,Boeing 777,London Heathrow,Dubai,London Heathrow → Dubai,5490,20:40,0.0,1.0,420.0,415,On Time,0,140.0,346.34,4.0
FL14096,2023-04-13,4,Spring,Thursday,AeroSwift,Embraer E190,London Heathrow,Toronto Pearson,London Heathrow → Toronto Pearson,5730,07:35,0.0,0.0,435.0,430,On Time,0,157.0,308.13,5.0
FL12982,2023-04-13,4,Spring,Thursday,Atlantic Wings,Embraer E190,Birmingham,Istanbul,Birmingham → Istanbul,2680,15:05,34.0,43.0,259.0,210,Air Traffic Control,0,,235.28,2.2
FL11799,2023-04-13,4,Spring,Thursday,NovaStar,Boeing 737,London Gatwick,Rome Fiumicino,London Gatwick → Rome Fiumicino,1430,22:00,8.0,17.0,152.0,135,Crew Availability,0,245.0,71.56,4.2
FL14837,2023-04-14,4,Spring,Friday,NovaStar,Boeing 737,London Heathrow,Singapore Changi,London Heathrow → Singapore Changi,10840,08:15,6.0,10.0,758.0,745,Technical,0,407.0,534.26,3.8
FL11032,2023-04-14,4,Spring,Friday,SkyWing Air,Embraer E190,London Heathrow,Dubai,London Heathrow → Dubai,5490,05:00,0.0,5.0,430.0,415,On Time,0,107.0,415.8,4.9
FL13774,2023-04-14,4,Spring,Friday,CloudJet,Airbus A320,London Heathrow,Singapore Changi,London Heathrow → Singapore Changi,10840,08:00,54.0,65.0,819.0,745,Weather,0,120.0,632.49,2.7
FL13637,2023-04-14,4,Spring,Friday,Atlantic Wings,Boeing 777,Birmingham,Istanbul,Birmingham → Istanbul,2680,07:05,10.0,22.0,234.0,210,Technical,0,120.0,171.1,3.7
FL11633,2023-04-15,4,Spring,Saturday,AeroSwift,Boeing 787,Edinburgh,Amsterdam,Edinburgh → Amsterdam,700,10:25,1.0,0.0,94.0,85,Late Aircraft,0,118.0,80.34,3.5
FL13873,2023-04-15,4,Spring,Saturday,PolarAir,Boeing 737,Birmingham,Istanbul,Birmingham → Istanbul,2680,11:35,20.0,25.0,242.0,210,Crew Availability,0,285.0,193.5,3.8
FL14608,2023-04-15,4,Spring,Saturday,AeroSwift,Boeing 777,Glasgow,Dublin,Glasgow → Dublin,220,08:40,0.0,0.0,55.0,50,On Time,0,286.0,49.0,4.5
FL13918,2023-04-15,4,Spring,Saturday,NovaStar,Boeing 737,Edinburgh,Amsterdam,Edinburgh → Amsterdam,700,08:30,0.0,8.0,97.0,85,On Time,0,208.0,73.54,4.1
FL10385,2023-04-16,4,Spring,Sunday,PolarAir,Embraer E190,Leeds Bradford,Alicante,Leeds Bradford → Alicante,1590,07:25,34.0,28.0,182.0,145,Air Traffic Control,0,265.0,76.62,2.9
FL14518,2023-04-16,4,Spring,Sunday,CloudJet,Airbus A320,London Stansted,Warsaw Chopin,London Stansted → Warsaw Chopin,1470,10:00,19.0,12.0,152.0,135,Technical,0,,146.32,4.0
FL12719,2023-04-16,4,Spring,Sunday,SkyWing Air,Boeing 787,London Heathrow,Dubai,London Heathrow → Dubai,5490,20:25,41.0,34.0,445.0,415,Security,0,336.0,361.67,2.7
FL13023,2023-04-16,4,Spring,Sunday,SkyWing Air,Boeing 737,Glasgow,Dublin,Glasgow → Dublin,220,10:45,0.0,13.0,69.0,50,On Time,0,282.0,49.0,4.9
FL13136,2023-04-16,4,Spring,Sunday,Atlantic Wings,Boeing 777,London Stansted,Warsaw Chopin,London Stansted → Warsaw Chopin,1470,07:00,0.0,1.0,145.0,135,On Time,0,173.0,144.88,4.5
FL10852,2023-04-16,4,Spring,Sunday,Atlantic Wings,Boeing 787,London Gatwick,Rome Fiumicino,London Gatwick → Rome Fiumicino,1430,19:15,3.0,0.0,135.0,135,Air Traffic Control,0,158.0,153.27,4.1
FL14950,2023-04-16,4,Spring,Sunday,PolarAir,Embraer E190,London Stansted,Warsaw Chopin,London Stansted → Warsaw Chopin,1470,09:25,0.0,14.0,152.0,135,On Time,0,221.0,78.12,4.2
FL10406,2023-04-16,4,Spring,Sunday,SkyWing Air,Boeing 737,London Heathrow,Dubai,London Heathrow → Dubai,5490,19:55,50.0,56.0,481.0,415,Weather,0,136.0,310.94,3.0
FL14809,2023-04-17,4,Spring,Monday,PolarAir,Boeing 737,Glasgow,Dublin,Glasgow → Dublin,220,10:25,40.0,52.0,97.0,50,Air Traffic Control,0,156.0,69.18,2.5
FL13294,2023-04-17,4,Spring,Monday,SkyWing Air,Boeing 777,Leeds Bradford,Alicante,Leeds Bradford → Alicante,1590,22:50,21.0,23.0,170.0,145,Air Traffic Control,0,418.0,100.08,3.9
FL14553,2023-04-17,4,Spring,Monday,Atlantic Wings,Airbus A320,Glasgow,Dublin,Glasgow → Dublin,220,18:45,30.0,36.0,92.0,50,Technical,0,68.0,49.0,4.2
FL11051,2023-04-17,4,Spring,Monday,NovaStar,Boeing 737,London Heathrow,Singapore Changi,London Heathrow → Singapore Changi,10840,12:15,0.0,7.0,749.0,745,On Time,0,176.0,610.01,4.8
FL12819,2023-04-17,4,Spring,Monday,AeroSwift,Boeing 737,Edinburgh,Amsterdam,Edinburgh → Amsterdam,700,07:55,3.0,2.0,83.0,85,Technical,0,345.0,49.0,3.7
FL11895,2023-04-17,4,Spring,Monday,CloudJet,Airbus A320,Birmingham,Istanbul,Birmingham → Istanbul,2680,15:30,4.0,7.0,216.0,210,Technical,0,261.0,210.33,3.1
FL13246,2023-04-17,4,Spring,Monday,NovaStar,Embraer E190,London Heathrow,New York JFK,London Heathrow → New York JFK,5570,12:55,0.0,7.0,435.0,420,On Time,0,71.0,271.75,3.9
FL14348,2023-04-17,4,Spring,Monday,NovaStar,Boeing 737,Glasgow,Dublin,Glasgow → Dublin,220,21:55,5.0,11.0,57.0,50,Late Aircraft,0,225.0,61.2,4.0
FL12925,2023-04-17,4,Spring,Monday,AeroSwift,Boeing 737,Glasgow,Dublin,Glasgow → Dublin,220,07:55,36.0,35.0,93.0,50,Security,0,403.0,49.0,2.8
FL10508,2023-04-17,4,Spring,Monday,Atlantic Wings,Boeing 787,London Heathrow,New York JFK,London Heathrow → New York JFK,5570,22:35,12.0,7.0,425.0,420,Weather,0,347.0,350.25,3.1
FL14116,2023-04-17,4,Spring,Monday,AeroSwift,Airbus A320,Manchester,Barcelona,Manchester → Barcelona,1440,17:15,0.0,3.0,136.0,130,On Time,0,390.0,92.87,4.7
FL12766,2023-04-18,4,Spring,Tuesday,Atlantic Wings,Boeing 737,Edinburgh,Amsterdam,Edinburgh → Amsterdam,700,22:35,90.0,89.0,173.0,85,Technical,0,269.0,66.31,2.2
FL10620,2023-04-18,4,Spring,Tuesday,SkyWing Air,Boeing 777,Manchester,Barcelona,Manchester → Barcelona,1440,08:20,0.0,7.0,135.0,130,On Time,0,330.0,109.96,4.2
FL14435,2023-04-18,4,Spring,Tuesday,SkyWing Air,Boeing 777,Glasgow,Dublin,Glasgow → Dublin,220,10:20,5.0,4.0,51.0,50,Weather,0,282.0,49.0,4.5
FL12771,2023-04-18,4,Spring,Tuesday,PolarAir,Airbus A320,London Heathrow,Singapore Changi,London Heathrow → Singapore Changi,10840,09:00,24.0,29.0,770.0,745,Technical,0,121.0,641.53,4.3
FL13278,2023-04-18,4,Spring,Tuesday,CloudJet,Embraer E190,London Heathrow,New York JFK,London Heathrow → New York JFK,5570,09:50,12.0,23.0,447.0,420,Air Traffic Control,0,310.0,313.63,4.5
FL14110,2023-04-18,4,Spring,Tuesday,AeroSwift,Boeing 737,London Gatwick,Rome Fiumicino,London Gatwick → Rome Fiumicino,1430,18:10,1.0,13.0,145.0,135,Security,0,64.0,114.58,3.4
FL14095,2023-04-18,4,Spring,Tuesday,AeroSwift,Airbus A320,London Heathrow,Toronto Pearson,London Heathrow → Toronto Pearson,5730,09:30,0.0,11.0,437.0,430,On Time,0,257.0,334.21,4.7
FL11848,2023-04-18,4,Spring,Tuesday,NovaStar,Boeing 777,London Heathrow,Dubai,London Heathrow → Dubai,5490,21:10,23.0,26.0,449.0,415,Late Aircraft,0,105.0,335.01,3.7
FL11311,2023-04-18,4,Spring,Tuesday,AeroSwift,Airbus A320,London Heathrow,New York JFK,London Heathrow → New York JFK,5570,22:25,3.0,12.0,430.0,420,Air Traffic Control,0,394.0,285.47,3.8
FL10576,2023-04-19,4,Spring,Wednesday,CloudJet,Boeing 737,Birmingham,Istanbul,Birmingham → Istanbul,2680,12:30,0.0,0.0,217.0,210,On Time,0,168.0,149.34,4.4
FL11155,2023-04-19,4,Spring,Wednesday,Atlantic Wings,Boeing 737,Manchester,Barcelona,Manchester → Barcelona,1440,06:05,67.0,78.0,203.0,130,Technical,0,,66.29,2.5
FL11484,2023-04-19,4,Spring,Wednesday,SkyWing Air,Embraer E190,Bristol,Malaga,Bristol → Malaga,1620,17:50,14.0,19.0,162.0,145,Security,0,311.0,101.37,3.2
FL14205,2023-04-19,4,Spring,Wednesday,SkyWing Air,Boeing 737,Glasgow,Dublin,Glasgow → Dublin,220,08:40,0.0,0.0,45.0,50,On Time,0,418.0,49.0,4.2
FL10734,2023-04-19,4,Spring,Wednesday,PolarAir,Airbus A320,London Heathrow,Toronto Pearson,London Heathrow → Toronto Pearson,5730,05:15,3.0,18.0,446.0,430,Technical,0,149.0,367.3,4.1
FL13522,2023-04-19,4,Spring,Wednesday,AeroSwift,Boeing 787,Birmingham,Istanbul,Birmingham → Istanbul,2680,09:40,18.0,25.0,238.0,210,Late Aircraft,0,80.0,126.78,4.3
FL10856,2023-04-20,4,Spring,Thursday,SkyWing Air,Boeing 737,Edinburgh,Amsterdam,Edinburgh → Amsterdam,700,20:55,31.0,46.0,141.0,85,Security,0,83.0,70.21,3.2
FL11445,2023-04-20,4,Spring,Thursday,NovaStar,Airbus A380,London Heathrow,Dubai,London Heathrow → Dubai,5490,12:05,0.0,12.0,432.0,415,On Time,0,237.0,291.09,4.5
FL10137,2023-04-20,4,Spring,Thursday,CloudJet,Airbus A320,London Gatwick,Rome Fiumicino,London Gatwick → Rome Fiumicino,1430,18:50,45.0,52.0,196.0,135,Technical,0,199.0,52.44,2.3
FL10032,2023-04-20,4,Spring,Thursday,PolarAir,Boeing 737,Edinburgh,Amsterdam,Edinburgh → Amsterdam,700,09:55,12.0,5.0,92.0,85,Security,0,122.0,90.83,3.7
FL11198,2023-04-20,4,Spring,Thursday,PolarAir,Embraer E190,London Stansted,Warsaw Chopin,London Stansted → Warsaw Chopin,1470,11:50,5.0,9.0,148.0,135,Technical,0,387.0,109.49,3.1
FL12818,2023-04-20,4,Spring,Thursday,SkyWing Air,Airbus A320,Bristol,Malaga,Bristol → Malaga,1620,12:25,1.0,14.0,159.0,145,Weather,0,193.0,149.21,3.6
FL14971,2023-04-20,4,Spring,Thursday,AeroSwift,Airbus A320,Glasgow,Dublin,Glasgow → Dublin,220,22:15,1.0,0.0,52.0,50,Technical,0,79.0,49.0,4.3
FL13512,2023-04-20,4,Spring,Thursday,Atlantic Wings,Airbus A320,Leeds Bradford,Alicante,Leeds Bradford → Alicante,1590,17:10,0.0,0.0,148.0,145,On Time,0,160.0,124.05,4.5
FL11393,2023-04-20,4,Spring,Thursday,CloudJet,Airbus A380,London Heathrow,Singapore Changi,London Heathrow → Singapore Changi,10840,09:15,20.0,24.0,766.0,745,Late Aircraft,0,305.0,641.0,3.7
FL14552,2023-04-21,4,Spring,Friday,CloudJet,Airbus A320,Manchester,Barcelona,Manchester → Barcelona,1440,09:10,,,,130,Crew Availability,1,407.0,120.98,2.2
FL13296,2023-04-21,4,Spring,Friday,PolarAir,Boeing 737,London Heathrow,Singapore Changi,London Heathrow → Singapore Changi,10840,16:05,66.0,67.0,814.0,745,Security,0,140.0,687.66,2.4
FL11203,2023-04-21,4,Spring,Friday,AeroSwift,Airbus A320,Edinburgh,Amsterdam,Edinburgh → Amsterdam,700,15:30,1.0,3.0,90.0,85,Technical,0,82.0,49.0,4.4
FL13813,2023-04-21,4,Spring,Friday,SkyWing Air,Boeing 737,London Heathrow,Singapore Changi,London Heathrow → Singapore Changi,10840,05:10,42.0,42.0,787.0,745,Technical,0,256.0,725.51,2.5
FL11037,2023-04-21,4,Spring,Friday,PolarAir,Boeing 737,Manchester,Barcelona,Manchester → Barcelona,1440,22:05,15.0,17.0,152.0,130,Crew Availability,0,356.0,96.14,3.4
FL12907,2023-04-22,4,Spring,Saturday,CloudJet,Airbus A380,London Heathrow,Singapore Changi,London Heathrow → Singapore Changi,10840,22:50,0.0,0.0,754.0,745,On Time,0,376.0,659.94,4.5
FL12318,2023-04-22,4,Spring,Saturday,PolarAir,Boeing 777,Glasgow,Dublin,Glasgow → Dublin,220,13:20,9.0,7.0,55.0,50,Late Aircraft,0,204.0,49.0,4.5
FL13592,2023-04-22,4,Spring,Saturday,PolarAir,Boeing 737,London Heathrow,New York JFK,London Heathrow → New York JFK,5570,08:40,2.0,0.0,424.0,420,Air Traffic Control,0,293.0,343.84,4.5
FL13171,2023-04-22,4,Spring,Saturday,NovaStar,Airbus A380,Leeds Bradford,Alicante,Leeds Bradford → Alicante,1590,07:25,0.0,1.0,144.0,145,On Time,0,147.0,133.67,4.7
FL14896,2023-04-22,4,Spring,Saturday,SkyWing Air,Boeing 787,London Heathrow,New York JFK,London Heathrow → New York JFK,5570,07:10,0.0,6.0,433.0,420,On Time,0,322.0,366.27,4.6
FL12015,2023-04-22,4,Spring,Saturday,PolarAir,Boeing 737,London Heathrow,Toronto Pearson,London Heathrow → Toronto Pearson,5730,07:15,0.0,3.0,435.0,430,On Time,0,60.0,374.39,4.9
FL12418,2023-04-22,4,Spring,Saturday,PolarAir,Embraer E190,Leeds Bradford,Alicante,Leeds Bradford → Alicante,1590,06:50,27.0,40.0,194.0,145,Technical,0,114.0,63.15,3.8
FL11453,2023-04-22,4,Spring,Saturday,NovaStar,Boeing 777,London Gatwick,Rome Fiumicino,London Gatwick → Rome Fiumicino,1430,07:35,0.0,0.0,134.0,135,On Time,0,180.0,56.61,4.2
FL13593,2023-04-23,4,Spring,Sunday,PolarAir,Boeing 737,London Heathrow,Singapore Changi,London Heathrow → Singapore Changi,10840,18:55,3.0,8.0,753.0,745,Security,0,147.0,676.22,3.5
FL10619,2023-04-23,4,Spring,Sunday,Atlantic Wings,Airbus A320,Glasgow,Dublin,Glasgow → Dublin,220,17:25,35.0,38.0,91.0,50,Air Traffic Control,0,134.0,49.0,3.3
FL14767,2023-04-23,4,Spring,Sunday,PolarAir,Embraer E190,Manchester,Barcelona,Manchester → Barcelona,1440,18:55,67.0,64.0,202.0,130,Late Aircraft,0,245.0,100.13,3.0
FL12524,2023-04-23,4,Spring,Sunday,CloudJet,Boeing 737,London Heathrow,Dubai,London Heathrow → Dubai,5490,11:05,7.0,12.0,437.0,415,Air Traffic Control,0,388.0,387.01,3.9
FL13405,2023-04-23,4,Spring,Sunday,AeroSwift,Boeing 777,Edinburgh,Amsterdam,Edinburgh → Amsterdam,700,20:10,0.0,13.0,102.0,85,On Time,0,195.0,58.93,4.6
FL14677,2023-04-23,4,Spring,Sunday,NovaStar,Boeing 777,Bristol,Malaga,Bristol → Malaga,1620,10:30,25.0,36.0,178.0,145,Late Aircraft,0,254.0,69.95,3.3
FL13810,2023-04-23,4,Spring,Sunday,Atlantic Wings,Airbus A320,London Heathrow,Toronto Pearson,London Heathrow → Toronto Pearson,5730,15:15,32.0,25.0,453.0,430,Late Aircraft,0,92.0,375.67,2.5
FL10880,2023-04-24,4,Spring,Monday,SkyWing Air,Airbus A380,Glasgow,Dublin,Glasgow → Dublin,220,15:10,69.0,70.0,128.0,50,Late Aircraft,0,343.0,49.0,3.5
FL11702,2023-04-24,4,Spring,Monday,Atlantic Wings,Airbus A320,Birmingham,Istanbul,Birmingham → Istanbul,2680,13:30,40.0,42.0,257.0,210,Security,0,,231.02,2.7
FL10336,2023-04-24,4,Spring,Monday,SkyWing Air,Boeing 777,Glasgow,Dublin,Glasgow → Dublin,220,10:00,13.0,9.0,55.0,50,Technical,0,163.0,49.0,3.2
FL12647,2023-04-24,4,Spring,Monday,AeroSwift,Airbus A320,London Heathrow,Singapore Changi,London Heathrow → Singapore Changi,10840,10:35,5.0,14.0,758.0,745,Weather,0,360.0,539.68,4.3
FL14488,2023-04-24,4,Spring,Monday,SkyWing Air,Airbus A380,Glasgow,Dublin,Glasgow → Dublin,220,08:05,7.0,16.0,69.0,50,Technical,0,410.0,61.76,3.4
FL12023,2023-04-24,4,Spring,Monday,Atlantic Wings,Boeing 737,Leeds Bradford,Alicante,Leeds Bradford → Alicante,1590,07:25,2.0,7.0,161.0,145,Weather,0,158.0,168.65,3.8
FL14613,2023-04-24,4,Spring,Monday,Atlantic Wings,Boeing 737,London Heathrow,Toronto Pearson,London Heathrow → Toronto Pearson,5730,12:30,33.0,47.0,485.0,430,Crew Availability,0,118.0,405.91,2.2
FL13890,2023-04-24,4,Spring,Monday,AeroSwift,Boeing 737,London Heathrow,Toronto Pearson,London Heathrow → Toronto Pearson,5730,16:55,3.0,16.0,443.0,430,Technical,0,193.0,286.13,3.5
FL12386,2023-04-24,4,Spring,Monday,AeroSwift,Boeing 737,London Heathrow,Dubai,London Heathrow → Dubai,5490,19:25,8.0,23.0,442.0,415,Late Aircraft,0,128.0,309.66,3.1
FL12821,2023-04-25,4,Spring,Tuesday,PolarAir,Boeing 777,Leeds Bradford,Alicante,Leeds Bradford → Alicante,1590,11:10,0.0,0.0,140.0,145,On Time,0,376.0,116.9,5.0
FL11578,2023-04-25,4,Spring,Tuesday,NovaStar,Embraer E190,London Heathrow,Toronto Pearson,London Heathrow → Toronto Pearson,5730,21:30,5.0,16.0,454.0,430,Crew Availability,0,82.0,334.66,3.2
FL14234,2023-04-25,4,Spring,Tuesday,Atlantic Wings,Boeing 737,London Stansted,Warsaw Chopin,London Stansted → Warsaw Chopin,1470,17:50,0.0,4.0,135.0,135,On Time,0,116.0,107.19,4.4
FL10449,2023-04-25,4,Spring,Tuesday,SkyWing Air,Airbus A380,London Heathrow,New York JFK,London Heathrow → New York JFK,5570,08:30,15.0,10.0,426.0,420,Weather,0,300.0,342.32,3.2
FL12140,2023-04-25,4,Spring,Tuesday,AeroSwift,Boeing 737,Leeds Bradford,Alicante,Leeds Bradford → Alicante,1590,15:10,8.0,7.0,155.0,145,Air Traffic Control,0,363.0,57.44,3.6
FL13681,2023-04-25,4,Spring,Tuesday,SkyWing Air,Boeing 737,London Heathrow,Dubai,London Heathrow → Dubai,5490,08:35,,,,415,Security,1,412.0,402.95,2.0
FL12998,2023-04-26,4,Spring,Wednesday,AeroSwift,Airbus A320,Manchester,Barcelona,Manchester → Barcelona,1440,10:55,12.0,19.0,150.0,130,Late Aircraft,0,346.0,82.76,4.2
FL10652,2023-04-26,4,Spring,Wednesday,PolarAir,Boeing 787,Manchester,Barcelona,Manchester → Barcelona,1440,08:15,89.0,90.0,217.0,130,Air Traffic Control,0,375.0,105.83,2.5
FL11359,2023-04-26,4,Spring,Wednesday,CloudJet,Airbus A320,Leeds Bradford,Alicante,Leeds Bradford → Alicante,1590,11:40,0.0,10.0,153.0,145,On Time,0,106.0,106.89,4.4
FL11736,2023-04-26,4,Spring,Wednesday,SkyWing Air,Boeing 777,London Stansted,Warsaw Chopin,London Stansted → Warsaw Chopin,1470,20:30,34.0,44.0,180.0,135,Crew Availability,0,399.0,104.05,2.3
FL14966,2023-04-26,4,Spring,Wednesday,PolarAir,Embraer E190,Edinburgh,Amsterdam,Edinburgh → Amsterdam,700,12:55,0.0,7.0,96.0,85,On Time,0,241.0,70.79,4.6
FL13342,2023-04-26,4,Spring,Wednesday,CloudJet,Boeing 777,London Heathrow,Toronto Pearson,London Heathrow → Toronto Pearson,5730,07:30,1.0,5.0,430.0,430,Late Aircraft,0,337.0,351.89,4.4
FL13587,2023-04-27,4,Spring,Thursday,CloudJet,Airbus A320,London Gatwick,Rome Fiumicino,London Gatwick → Rome Fiumicino,1430,14:05,0.0,13.0,153.0,135,On Time,0,189.0,49.0,3.9
FL13619,2023-04-27,4,Spring,Thursday,CloudJet,Airbus A320,London Gatwick,Rome Fiumicino,London Gatwick → Rome Fiumicino,1430,21:35,13.0,25.0,163.0,135,Weather,0,224.0,110.95,3.2
FL11985,2023-04-27,4,Spring,Thursday,PolarAir,Airbus A320,Glasgow,Dublin,Glasgow → Dublin,220,20:40,12.0,6.0,62.0,50,Security,0,275.0,49.0,4.4
FL10058,2023-04-27,4,Spring,Thursday,PolarAir,Boeing 777,London Heathrow,Dubai,London Heathrow → Dubai,5490,18:10,0.0,14.0,433.0,415,On Time,0,320.0,336.09,4.6
FL10114,2023-04-27,4,Spring,Thursday,SkyWing Air,Boeing 737,Leeds Bradford,Alicante,Leeds Bradford → Alicante,1590,08:40,60.0,69.0,217.0,145,Weather,0,193.0,97.66,3.1
FL11999,2023-04-28,4,Spring,Friday,AeroSwift,Boeing 777,Edinburgh,Amsterdam,Edinburgh → Amsterdam,700,11:35,4.0,5.0,100.0,85,Air Traffic Control,0,385.0,50.12,3.9
FL11804,2023-04-28,4,Spring,Friday,NovaStar,Airbus A320,Manchester,Barcelona,Manchester → Barcelona,1440,08:35,0.0,6.0,145.0,130,On Time,0,410.0,107.61,4.8
FL10692,2023-04-28,4,Spring,Friday,AeroSwift,Airbus A320,London Heathrow,New York JFK,London Heathrow → New York JFK,5570,11:15,23.0,37.0,460.0,420,Technical,0,200.0,325.43,3.7
FL12748,2023-04-28,4,Spring,Friday,SkyWing Air,Boeing 777,Birmingham,Istanbul,Birmingham → Istanbul,2680,22:50,14.0,19.0,231.0,210,Weather,0,391.0,211.26,3.4
FL11062,2023-04-28,4,Spring,Friday,PolarAir,Boeing 737,London Stansted,Warsaw Chopin,London Stansted → Warsaw Chopin,1470,09:20,30.0,40.0,173.0,135,Technical,0,403.0,111.43,3.4
FL14329,2023-04-28,4,Spring,Friday,AeroSwift,Embraer E190,London Heathrow,New York JFK,London Heathrow → New York JFK,5570,19:50,0.0,11.0,437.0,420,On Time,0,157.0,322.86,3.9
FL11640,2023-04-28,4,Spring,Friday,PolarAir,Airbus A320,London Heathrow,Dubai,London Heathrow → Dubai,5490,13:25,,,,415,Technical,1,144.0,355.38,1.1
FL10550,2023-04-28,4,Spring,Friday,AeroSwift,Airbus A320,London Gatwick,Rome Fiumicino,London Gatwick → Rome Fiumicino,1430,17:50,0.0,3.0,134.0,135,On Time,0,75.0,57.92,4.0
FL12095,2023-04-28,4,Spring,Friday,Atlantic Wings,Boeing 787,London Heathrow,Toronto Pearson,London Heathrow → Toronto Pearson,5730,21:00,8.0,10.0,450.0,430,Air Traffic Control,0,105.0,394.45,4.2
FL13306,2023-04-29,4,Spring,Saturday,SkyWing Air,Boeing 737,Edinburgh,Amsterdam,Edinburgh → Amsterdam,700,19:30,114.0,115.0,197.0,85,Technical,0,204.0,76.86,1.4
FL14650,2023-04-29,4,Spring,Saturday,NovaStar,Boeing 777,Birmingham,Istanbul,Birmingham → Istanbul,2680,12:45,0.0,0.0,205.0,210,On Time,0,211.0,117.97,4.6
FL11152,2023-04-29,4,Spring,Saturday,CloudJet,Boeing 737,Birmingham,Istanbul,Birmingham → Istanbul,2680,19:00,16.0,23.0,234.0,210,Weather,0,384.0,168.09,3.9
FL14102,2023-04-29,4,Spring,Saturday,Atlantic Wings,Airbus A320,London Stansted,Warsaw Chopin,London Stansted → Warsaw Chopin,1470,17:10,5.0,12.0,154.0,135,Crew Availability,0,118.0,61.92,3.7
FL13851,2023-04-29,4,Spring,Saturday,AeroSwift,,Edinburgh,Amsterdam,Edinburgh → Amsterdam,700,21:25,20.0,23.0,107.0,85,Crew Availability,0,231.0,83.18,4.1
FL12573,2023-04-29,4,Spring,Saturday,NovaStar,Airbus A380,Glasgow,Dublin,Glasgow → Dublin,220,09:10,,,,50,Technical,1,336.0,64.49,1.0
FL13818,2023-04-29,4,Spring,Saturday,SkyWing Air,Airbus A320,London Heathrow,Singapore Changi,London Heathrow → Singapore Changi,10840,09:00,20.0,26.0,778.0,745,Security,0,249.0,781.8,3.1
FL10761,2023-04-29,4,Spring,Saturday,Atlantic Wings,Airbus A320,Edinburgh,Amsterdam,Edinburgh → Amsterdam,700,15:30,11.0,14.0,96.0,85,Security,0,245.0,71.08,4.0
FL12793,2023-04-29,4,Spring,Saturday,PolarAir,Boeing 777,Leeds Bradford,Alicante,Leeds Bradford → Alicante,1590,10:15,25.0,20.0,163.0,145,Air Traffic Control,0,107.0,70.55,3.1
FL11460,2023-04-30,4,Spring,Sunday,AeroSwift,Airbus A380,London Heathrow,Dubai,London Heathrow → Dubai,5490,17:35,0.0,10.0,434.0,415,On Time,0,393.0,267.95,4.5
FL13270,2023-04-30,4,Spring,Sunday,AeroSwift,Embraer E190,London Heathrow,Dubai,London Heathrow → Dubai,5490,20:30,7.0,8.0,425.0,415,Air Traffic Control,0,343.0,276.95,3.3
FL13285,2023-04-30,4,Spring,Sunday,CloudJet,Airbus A320,Edinburgh,Amsterdam,Edinburgh → Amsterdam,700,12:50,76.0,68.0,155.0,85,Air Traffic Control,0,151.0,49.0,3.2
FL13973,2023-04-30,4,Spring,Sunday,CloudJet,Boeing 737,London Heathrow,Singapore Changi,London Heathrow → Singapore Changi,10840,15:20,0.0,4.0,745.0,745,On Time,0,251.0,719.48,4.6
FL14077,2023-04-30,4,Spring,Sunday,SkyWing Air,Embraer E190,Birmingham,Istanbul,Birmingham → Istanbul,2680,18:50,0.0,0.0,214.0,210,On Time,0,213.0,178.39,4.7
FL12098,2023-04-30,4,Spring,Sunday,SkyWing Air,Boeing 787,Leeds Bradford,Alicante,Leeds Bradford → Alicante,1590,05:55,15.0,29.0,177.0,145,Weather,0,270.0,165.14,4.0
FL13367,2023-04-30,4,Spring,Sunday,NovaStar,Boeing 777,Manchester,Barcelona,Manchester → Barcelona,1440,10:25,2.0,0.0,135.0,130,Late Aircraft,0,227.0,81.39,4.2
FL13480,2023-05-01,5,Spring,Monday,AeroSwift,Embraer E190,Leeds Bradford,Alicante,Leeds Bradford → Alicante,1590,18:50,0.0,3.0,149.0,145,On Time,0,190.0,97.27,4.0
FL10520,2023-05-01,5,Spring,Monday,Atlantic Wings,Airbus A320,Edinburgh,Amsterdam,Edinburgh → Amsterdam,700,09:00,72.0,81.0,164.0,85,Air Traffic Control,0,368.0,49.0,3.3
FL11929,2023-05-01,5,Spring,Monday,CloudJet,Boeing 737,Edinburgh,Amsterdam,Edinburgh → Amsterdam,700,11:15,0.0,4.0,88.0,85,On Time,0,234.0,49.0,4.9
FL12292,2023-05-01,5,Spring,Monday,AeroSwift,Airbus A320,Birmingham,Istanbul,Birmingham → Istanbul,2680,13:15,0.0,0.0,210.0,210,On Time,0,,140.71,4.3
FL13027,2023-05-01,5,Spring,Monday,NovaStar,Embraer E190,London Heathrow,Dubai,London Heathrow → Dubai,5490,21:45,4.0,12.0,433.0,415,Weather,0,155.0,274.37,3.8
FL10744,2023-05-01,5,Spring,Monday,NovaStar,Airbus A320,Birmingham,Istanbul,Birmingham → Istanbul,2680,21:25,4.0,0.0,212.0,210,Technical,0,107.0,138.45,3.9
FL11566,2023-05-01,5,Spring,Monday,NovaStar,Boeing 787,London Gatwick,Rome Fiumicino,London Gatwick → Rome Fiumicino,1430,14:15,0.0,14.0,148.0,135,On Time,0,151.0,95.95,3.9
FL10935,2023-05-02,5,Spring,Tuesday,NovaStar,Airbus A320,London Stansted,Warsaw Chopin,London Stansted → Warsaw Chopin,1470,14:40,1.0,8.0,146.0,135,Crew Availability,0,413.0,53.08,4.3
FL10643,2023-05-02,5,Spring,Tuesday,AeroSwift,Boeing 737,Edinburgh,Amsterdam,Edinburgh → Amsterdam,700,13:15,0.0,12.0,96.0,85,On Time,0,202.0,49.0,4.9
FL14034,2023-05-02,5,Spring,Tuesday,CloudJet,Embraer E190,Manchester,Barcelona,Manchester → Barcelona,1440,20:40,14.0,7.0,145.0,130,Air Traffic Control,0,72.0,83.64,4.2
FL13280,2023-05-02,5,Spring,Tuesday,CloudJet,Boeing 787,Edinburgh,Amsterdam,Edinburgh → Amsterdam,700,19:30,,,,85,Air Traffic Control,1,312.0,49.0,1.4
FL11130,2023-05-02,5,Spring,Tuesday,PolarAir,Airbus A380,Bristol,Malaga,Bristol → Malaga,1620,22:30,0.0,7.0,154.0,145,On Time,0,,154.29,4.4
FL10844,2023-05-03,5,Spring,Wednesday,Atlantic Wings,Airbus A320,Edinburgh,Amsterdam,Edinburgh → Amsterdam,700,15:35,0.0,12.0,92.0,85,On Time,0,328.0,81.14,4.9
FL13008,2023-05-03,5,Spring,Wednesday,PolarAir,Boeing 737,Edinburgh,Amsterdam,Edinburgh → Amsterdam,700,18:25,6.0,21.0,104.0,85,Air Traffic Control,0,165.0,49.0,3.3
FL10703,2023-05-03,5,Spring,Wednesday,AeroSwift,Embraer E190,Birmingham,Istanbul,Birmingham → Istanbul,2680,19:45,2.0,7.0,226.0,210,Crew Availability,0,402.0,154.66,3.2
FL10455,2023-05-03,5,Spring,Wednesday,AeroSwift,Airbus A320,London Heathrow,Singapore Changi,London Heathrow → Singapore Changi,10840,18:45,1.0,16.0,758.0,745,Technical,0,246.0,557.04,4.5
FL14487,2023-05-03,5,Spring,Wednesday,PolarAir,Boeing 737,Edinburgh,Amsterdam,Edinburgh → Amsterdam,700,08:25,3.0,1.0,82.0,85,Security,0,364.0,49.0,4.2
FL12526,2023-05-03,5,Spring,Wednesday,CloudJet,Boeing 787,Birmingham,Istanbul,Birmingham → Istanbul,2680,17:50,36.0,44.0,257.0,210,Technical,0,305.0,154.26,3.3
FL12361,2023-05-04,5,Spring,Thursday,AeroSwift,Boeing 737,Leeds Bradford,Alicante,Leeds Bradford → Alicante,1590,19:35,18.0,11.0,152.0,145,Technical,0,377.0,113.13,4.4
FL11297,2023-05-04,5,Spring,Thursday,SkyWing Air,Airbus A380,Birmingham,Istanbul,Birmingham → Istanbul,2680,22:35,0.0,9.0,222.0,210,On Time,0,222.0,198.57,4.0
FL11527,2023-05-04,5,Spring,Thursday,NovaStar,Boeing 737,Manchester,Barcelona,Manchester → Barcelona,1440,15:10,23.0,30.0,163.0,130,Security,0,101.0,105.01,3.9
FL11890,2023-05-04,5,Spring,Thursday,Atlantic Wings,Boeing 737,London Heathrow,Toronto Pearson,London Heathrow → Toronto Pearson,5730,17:45,3.0,8.0,443.0,430,Air Traffic Control,0,174.0,396.88,3.4
FL13104,2023-05-04,5,Spring,Thursday,SkyWing Air,Boeing 737,Manchester,Barcelona,Manchester → Barcelona,1440,18:15,4.0,11.0,138.0,130,Technical,0,262.0,141.54,3.9
FL12338,2023-05-04,5,Spring,Thursday,AeroSwift,Airbus A320,Birmingham,Istanbul,Birmingham → Istanbul,2680,17:55,12.0,27.0,246.0,210,Crew Availability,0,204.0,175.43,4.1
FL13488,2023-05-04,5,Spring,Thursday,CloudJet,Boeing 737,London Heathrow,Dubai,London Heathrow → Dubai,5490,16:45,8.0,2.0,412.0,415,Weather,0,389.0,312.07,3.9
FL14768,2023-05-04,5,Spring,Thursday,PolarAir,Embraer E190,Edinburgh,Amsterdam,Edinburgh → Amsterdam,700,06:00,1.0,0.0,85.0,85,Air Traffic Control,0,102.0,49.0,4.4
FL11403,2023-05-05,5,Spring,Friday,SkyWing Air,Boeing 737,London Stansted,Warsaw Chopin,London Stansted → Warsaw Chopin,1470,17:45,93.0,92.0,226.0,135,Security,0,353.0,100.3,2.5
FL10954,2023-05-05,5,Spring,Friday,NovaStar,Boeing 777,Manchester,Barcelona,Manchester → Barcelona,1440,16:25,8.0,22.0,158.0,130,Technical,0,349.0,50.65,4.5
FL10457,2023-05-06,5,Spring,Saturday,CloudJet,Airbus A320,Bristol,Malaga,Bristol → Malaga,1620,09:50,60.0,52.0,193.0,145,Weather,0,94.0,56.77,2.7
FL11932,2023-05-06,5,Spring,Saturday,SkyWing Air,Airbus A380,Manchester,Barcelona,Manchester → Barcelona,1440,16:20,17.0,11.0,143.0,130,Technical,0,156.0,95.28,3.1
FL13212,2023-05-06,5,Spring,Saturday,SkyWing Air,Boeing 787,London Heathrow,Dubai,London Heathrow → Dubai,5490,09:30,16.0,31.0,444.0,415,Late Aircraft,0,191.0,353.66,3.3
FL11220,2023-05-07,5,Spring,Sunday,Atlantic Wings,Airbus A380,Glasgow,Dublin,Glasgow → Dublin,220,17:15,54.0,54.0,107.0,50,Air Traffic Control,0,84.0,65.21,2.0
FL11302,2023-05-07,5,Spring,Sunday,AeroSwift,Boeing 777,London Heathrow,Singapore Changi,London Heathrow → Singapore Changi,10840,07:50,14.0,21.0,762.0,745,Technical,0,161.0,550.1,3.2
FL11064,2023-05-07,5,Spring,Sunday,CloudJet,Boeing 787,Birmingham,Istanbul,Birmingham → Istanbul,2680,20:30,55.0,68.0,287.0,210,Air Traffic Control,0,399.0,176.23,2.3
FL10961,2023-05-07,5,Spring,Sunday,SkyWing Air,Boeing 777,Birmingham,Istanbul,Birmingham → Istanbul,2680,19:25,22.0,37.0,242.0,210,Late Aircraft,0,381.0,163.06,3.7
FL13076,2023-05-07,5,Spring,Sunday,CloudJet,Embraer E190,London Heathrow,Singapore Changi,London Heathrow → Singapore Changi,10840,12:15,0.0,0.0,740.0,745,On Time,0,176.0,671.42,4.2
FL12650,2023-05-07,5,Spring,Sunday,PolarAir,Embraer E190,London Stansted,Warsaw Chopin,London Stansted → Warsaw Chopin,1470,20:20,0.0,0.0,138.0,135,On Time,0,216.0,72.89,3.8
FL10629,2023-05-07,5,Spring,Sunday,PolarAir,Boeing 737,London Heathrow,New York JFK,London Heathrow → New York JFK,5570,05:50,21.0,28.0,454.0,420,Late Aircraft,0,213.0,385.95,3.5
FL14392,2023-05-08,5,Spring,Monday,Atlantic Wings,Boeing 737,London Heathrow,New York JFK,London Heathrow → New York JFK,5570,09:55,9.0,11.0,438.0,420,Technical,0,166.0,338.56,4.4
FL12403,2023-05-08,5,Spring,Monday,AeroSwift,Airbus A320,Bristol,Malaga,Bristol → Malaga,1620,06:05,8.0,15.0,155.0,145,Weather,0,185.0,124.65,3.4
FL14730,2023-05-08,5,Spring,Monday,Atlantic Wings,Airbus A320,London Heathrow,Singapore Changi,London Heathrow → Singapore Changi,10840,21:00,10.0,24.0,764.0,745,Weather,0,356.0,781.74,3.8
FL12513,2023-05-08,5,Spring,Monday,SkyWing Air,Embraer E190,London Gatwick,Rome Fiumicino,London Gatwick → Rome Fiumicino,1430,12:25,0.0,7.0,149.0,135,On Time,0,297.0,154.07,4.3
FL12003,2023-05-08,5,Spring,Monday,SkyWing Air,Embraer E190,London Stansted,Warsaw Chopin,London Stansted → Warsaw Chopin,1470,22:45,55.0,57.0,191.0,135,Late Aircraft,0,215.0,106.62,3.1
FL12341,2023-05-08,5,Spring,Monday,AeroSwift,Boeing 737,Birmingham,Istanbul,Birmingham → Istanbul,2680,14:00,27.0,38.0,244.0,210,Technical,0,416.0,136.24,3.6
FL14611,2023-05-08,5,Spring,Monday,PolarAir,Boeing 737,London Gatwick,Rome Fiumicino,London Gatwick → Rome Fiumicino,1430,22:10,0.0,9.0,148.0,135,On Time,0,180.0,104.57,5.0
FL13899,2023-05-08,5,Spring,Monday,Atlantic Wings,Airbus A320,London Heathrow,Singapore Changi,London Heathrow → Singapore Changi,10840,15:35,1.0,16.0,757.0,745,Crew Availability,0,180.0,690.3,3.0
FL11329,2023-05-09,5,Spring,Tuesday,SkyWing Air,Boeing 737,Edinburgh,Amsterdam,Edinburgh → Amsterdam,700,18:20,24.0,29.0,121.0,85,Air Traffic Control,0,92.0,76.35,3.2
FL13453,2023-05-09,5,Spring,Tuesday,AeroSwift,Boeing 787,London Heathrow,Singapore Changi,London Heathrow → Singapore Changi,10840,08:35,28.0,35.0,789.0,745,Air Traffic Control,0,361.0,608.7,3.0
FL10662,2023-05-09,5,Spring,Tuesday,Atlantic Wings,Airbus A320,Edinburgh,Amsterdam,Edinburgh → Amsterdam,700,08:00,0.0,0.0,82.0,85,On Time,0,414.0,49.88,4.4
FL14787,2023-05-09,5,Spring,Tuesday,CloudJet,Airbus A320,London Gatwick,Rome Fiumicino,London Gatwick → Rome Fiumicino,1430,14:00,88.0,98.0,243.0,135,Late Aircraft,0,193.0,93.89,2.5
FL12594,2023-05-09,5,Spring,Tuesday,Atlantic Wings,Boeing 777,Glasgow,Dublin,Glasgow → Dublin,220,05:50,19.0,16.0,63.0,50,Air Traffic Control,0,113.0,77.16,3.1
FL12118,2023-05-09,5,Spring,Tuesday,PolarAir,Airbus A380,Edinburgh,Amsterdam,Edinburgh → Amsterdam,700,15:50,12.0,9.0,100.0,85,Security,0,289.0,49.0,4.4
FL10762,2023-05-09,5,Spring,Tuesday,NovaStar,Airbus A380,Edinburgh,Amsterdam,Edinburgh → Amsterdam,700,11:30,0.0,13.0,97.0,85,On Time,0,370.0,49.0,4.1
FL13970,2023-05-10,5,Spring,Wednesday,NovaStar,Embraer E190,Glasgow,Dublin,Glasgow → Dublin,220,13:15,0.0,6.0,64.0,50,On Time,0,118.0,49.0,4.5
FL11918,2023-05-10,5,Spring,Wednesday,Atlantic Wings,Boeing 787,Manchester,Barcelona,Manchester → Barcelona,1440,15:10,10.0,22.0,152.0,130,Crew Availability,0,225.0,125.05,4.3
FL10079,2023-05-10,5,Spring,Wednesday,CloudJet,Boeing 777,London Stansted,Warsaw Chopin,London Stansted → Warsaw Chopin,1470,08:40,27.0,31.0,170.0,135,Security,0,292.0,108.64,3.8
FL11722,2023-05-10,5,Spring,Wednesday,PolarAir,Airbus A380,London Heathrow,Singapore Changi,London Heathrow → Singapore Changi,10840,08:10,56.0,55.0,805.0,745,Crew Availability,0,419.0,671.18,2.0
FL12228,2023-05-10,5,Spring,Wednesday,Atlantic Wings,Airbus A380,Leeds Bradford,Alicante,Leeds Bradford → Alicante,1590,08:00,24.0,20.0,168.0,145,Security,0,192.0,78.7,4.3
FL14602,2023-05-10,5,Spring,Wednesday,Atlantic Wings,Boeing 737,London Heathrow,Toronto Pearson,London Heathrow → Toronto Pearson,5730,09:05,37.0,32.0,470.0,430,Weather,0,84.0,416.85,3.3
FL11279,2023-05-10,5,Spring,Wednesday,Atlantic Wings,Airbus A380,London Heathrow,Toronto Pearson,London Heathrow → Toronto Pearson,5730,10:10,,,,430,Technical,1,85.0,401.88,1.4
FL14157,2023-05-10,5,Spring,Wednesday,SkyWing Air,Airbus A320,London Heathrow,New York JFK,London Heathrow → New York JFK,5570,16:40,0.0,6.0,426.0,420,On Time,0,276.0,451.35,4.4
FL10048,2023-05-10,5,Spring,Wednesday,Atlantic Wings,Boeing 737,Bristol,Malaga,Bristol → Malaga,1620,12:00,11.0,18.0,172.0,145,Late Aircraft,0,234.0,96.65,3.3
FL10421,2023-05-11,5,Spring,Thursday,SkyWing Air,Boeing 777,Leeds Bradford,Alicante,Leeds Bradford → Alicante,1590,21:20,2.0,8.0,161.0,145,Late Aircraft,0,147.0,85.51,4.1
FL13545,2023-05-11,5,Spring,Thursday,AeroSwift,Airbus A320,London Heathrow,Toronto Pearson,London Heathrow → Toronto Pearson,5730,07:30,0.0,15.0,448.0,430,On Time,0,216.0,320.19,4.2
FL14530,2023-05-11,5,Spring,Thursday,SkyWing Air,Boeing 737,London Heathrow,New York JFK,London Heathrow → New York JFK,5570,13:35,29.0,29.0,449.0,420,Air Traffic Control,0,84.0,385.68,4.1
FL10538,2023-05-11,5,Spring,Thursday,CloudJet,Embraer E190,London Stansted,Warsaw Chopin,London Stansted → Warsaw Chopin,1470,17:40,7.0,7.0,137.0,135,Technical,0,414.0,120.73,
FL13322,2023-05-11,5,Spring,Thursday,CloudJet,Airbus A320,London Heathrow,New York JFK,London Heathrow → New York JFK,5570,13:25,11.0,23.0,448.0,420,Technical,0,113.0,331.46,3.7
FL12572,2023-05-11,5,Spring,Thursday,CloudJet,Boeing 737,Glasgow,Dublin,Glasgow → Dublin,220,16:35,0.0,14.0,71.0,50,On Time,0,165.0,49.0,4.7
FL12470,2023-05-11,5,Spring,Thursday,NovaStar,Boeing 737,London Gatwick,Rome Fiumicino,London Gatwick → Rome Fiumicino,1430,17:55,5.0,1.0,142.0,135,Weather,0,90.0,70.33,4.4
FL10037,2023-05-11,5,Spring,Thursday,NovaStar,Boeing 737,Glasgow,Dublin,Glasgow → Dublin,220,15:30,5.0,18.0,65.0,50,Weather,0,389.0,49.0,3.6
FL10865,2023-05-11,5,Spring,Thursday,NovaStar,Boeing 787,Birmingham,Istanbul,Birmingham → Istanbul,2680,17:25,0.0,0.0,211.0,210,On Time,0,163.0,134.48,4.2
FL13831,2023-05-11,5,Spring,Thursday,PolarAir,Boeing 737,London Heathrow,Dubai,London Heathrow → Dubai,5490,09:50,32.0,28.0,438.0,415,Late Aircraft,0,102.0,401.94,3.0
FL14714,2023-05-12,5,Spring,Friday,PolarAir,Airbus A380,London Heathrow,Singapore Changi,London Heathrow → Singapore Changi,10840,19:10,0.0,2.0,745.0,745,On Time,0,88.0,643.1,4.1
FL14681,2023-05-12,5,Spring,Friday,SkyWing Air,Boeing 737,London Heathrow,Singapore Changi,London Heathrow → Singapore Changi,10840,16:55,10.0,17.0,772.0,745,Technical,0,66.0,715.88,3.2
FL12406,2023-05-12,5,Spring,Friday,AeroSwift,Boeing 787,London Heathrow,Dubai,London Heathrow → Dubai,5490,08:20,18.0,30.0,454.0,415,Late Aircraft,0,394.0,283.35,4.5
FL13311,2023-05-12,5,Spring,Friday,Atlantic Wings,Boeing 787,Birmingham,Istanbul,Birmingham → Istanbul,2680,09:55,5.0,17.0,226.0,210,Crew Availability,0,167.0,144.55,4.1
FL11549,2023-05-12,5,Spring,Friday,SkyWing Air,Airbus A320,London Heathrow,Singapore Changi,London Heathrow → Singapore Changi,10840,15:05,3.0,13.0,766.0,745,Security,0,150.0,720.98,3.3
FL11642,2023-05-12,5,Spring,Friday,NovaStar,Embraer E190,Leeds Bradford,Alicante,Leeds Bradford → Alicante,1590,19:40,5.0,18.0,165.0,145,Crew Availability,0,163.0,49.0,4.2
FL12908,2023-05-12,5,Spring,Friday,AeroSwift,Airbus A320,London Heathrow,New York JFK,London Heathrow → New York JFK,5570,13:15,0.0,0.0,422.0,420,On Time,0,113.0,298.88,4.6
FL10211,2023-05-12,5,Spring,Friday,SkyWing Air,Boeing 737,Birmingham,Istanbul,Birmingham → Istanbul,2680,11:35,2.0,12.0,229.0,210,Late Aircraft,0,314.0,198.43,3.0
FL13369,2023-05-13,5,Spring,Saturday,CloudJet,Airbus A380,London Heathrow,Toronto Pearson,London Heathrow → Toronto Pearson,5730,20:45,0.0,0.0,438.0,430,On Time,0,406.0,326.63,4.7
FL12383,2023-05-13,5,Spring,Saturday,SkyWing Air,Boeing 737,Glasgow,Dublin,Glasgow → Dublin,220,14:05,7.0,0.0,47.0,50,Security,0,289.0,51.68,3.1
FL14791,2023-05-13,5,Spring,Saturday,AeroSwift,Boeing 737,Leeds Bradford,Alicante,Leeds Bradford → Alicante,1590,06:45,,,,145,Crew Availability,1,301.0,85.4,1.1
FL13885,2023-05-13,5,Spring,Saturday,AeroSwift,Boeing 777,London Heathrow,Toronto Pearson,London Heathrow → Toronto Pearson,5730,16:00,29.0,21.0,451.0,430,Weather,0,364.0,272.9,3.7
FL11548,2023-05-13,5,Spring,Saturday,CloudJet,Airbus A320,London Stansted,Warsaw Chopin,London Stansted → Warsaw Chopin,1470,09:35,11.0,24.0,158.0,135,Technical,0,85.0,75.92,4.4
FL12126,2023-05-13,5,Spring,Saturday,Atlantic Wings,Airbus A320,London Heathrow,Toronto Pearson,London Heathrow → Toronto Pearson,5730,10:10,5.0,11.0,446.0,430,Weather,0,255.0,392.74,3.5
FL13751,2023-05-13,5,Spring,Saturday,SkyWing Air,Boeing 737,Leeds Bradford,Alicante,Leeds Bradford → Alicante,1590,06:35,89.0,94.0,241.0,145,Air Traffic Control,0,244.0,98.85,2.8
FL11429,2023-05-14,5,Spring,Sunday,PolarAir,Boeing 737,London Heathrow,Singapore Changi,London Heathrow → Singapore Changi,10840,08:35,76.0,77.0,817.0,745,Crew Availability,0,406.0,718.81,2.2
FL12426,2023-05-14,5,Spring,Sunday,NovaStar,Boeing 787,Bristol,Malaga,Bristol → Malaga,1620,08:20,0.0,15.0,164.0,145,On Time,0,324.0,136.18,4.2
FL10022,2023-05-14,5,Spring,Sunday,Atlantic Wings,Boeing 737,London Gatwick,Rome Fiumicino,London Gatwick → Rome Fiumicino,1430,08:35,32.0,37.0,167.0,135,Security,0,117.0,164.96,2.1
FL13200,2023-05-14,5,Spring,Sunday,Atlantic Wings,Airbus A320,London Heathrow,Toronto Pearson,London Heathrow → Toronto Pearson,5730,14:50,1.0,1.0,429.0,430,Crew Availability,0,116.0,361.35,4.1
FL12539,2023-05-14,5,Spring,Sunday,CloudJet,Boeing 777,Birmingham,Istanbul,Birmingham → Istanbul,2680,16:00,13.0,24.0,236.0,210,Crew Availability,0,224.0,138.74,3.6
FL12702,2023-05-14,5,Spring,Sunday,PolarAir,Boeing 777,Birmingham,Istanbul,Birmingham → Istanbul,2680,09:35,66.0,64.0,271.0,210,Crew Availability,0,64.0,186.54,
FL10257,2023-05-14,5,Spring,Sunday,PolarAir,Boeing 737,Bristol,Malaga,Bristol → Malaga,1620,12:30,4.0,0.0,150.0,145,Air Traffic Control,0,66.0,138.91,4.1
FL11344,2023-05-14,5,Spring,Sunday,SkyWing Air,Boeing 787,London Heathrow,Dubai,London Heathrow → Dubai,5490,09:05,27.0,35.0,452.0,415,Weather,0,416.0,394.12,3.5
FL11427,2023-05-15,5,Spring,Monday,AeroSwift,Boeing 737,Birmingham,Istanbul,Birmingham → Istanbul,2680,19:50,42.0,38.0,248.0,210,Air Traffic Control,0,169.0,115.12,3.4
FL14703,2023-05-15,5,Spring,Monday,SkyWing Air,Airbus A320,London Heathrow,Dubai,London Heathrow → Dubai,5490,06:10,0.0,0.0,420.0,415,On Time,0,249.0,340.57,4.8
FL14807,2023-05-15,5,Spring,Monday,CloudJet,Boeing 777,Leeds Bradford,Alicante,Leeds Bradford → Alicante,1590,20:45,0.0,9.0,149.0,145,On Time,0,394.0,65.74,4.7
FL14999,2023-05-15,5,Spring,Monday,CloudJet,Boeing 737,Manchester,Barcelona,Manchester → Barcelona,1440,15:20,34.0,40.0,179.0,130,Crew Availability,0,360.0,130.72,3.5
FL10069,2023-05-15,5,Spring,Monday,SkyWing Air,Airbus A320,London Gatwick,Rome Fiumicino,London Gatwick → Rome Fiumicino,1430,10:30,59.0,55.0,196.0,135,Security,0,331.0,74.94,2.8
FL10256,2023-05-16,5,Spring,Tuesday,Atlantic Wings,Boeing 737,Leeds Bradford,Alicante,Leeds Bradford → Alicante,1590,22:10,30.0,40.0,194.0,145,Late Aircraft,0,152.0,153.53,3.9
FL11609,2023-05-16,5,Spring,Tuesday,CloudJet,Boeing 737,London Heathrow,Toronto Pearson,London Heathrow → Toronto Pearson,5730,10:05,58.0,61.0,496.0,430,Air Traffic Control,0,114.0,408.52,2.2
FL14281,2023-05-16,5,Spring,Tuesday,NovaStar,Airbus A320,London Heathrow,New York JFK,London Heathrow → New York JFK,5570,09:15,0.0,0.0,424.0,420,On Time,0,148.0,312.44,4.4
FL10165,2023-05-16,5,Spring,Tuesday,SkyWing Air,Airbus A320,Manchester,Barcelona,Manchester → Barcelona,1440,16:40,9.0,14.0,139.0,130,Weather,0,105.0,75.18,3.5
FL11545,2023-05-16,5,Spring,Tuesday,CloudJet,Airbus A320,Edinburgh,Amsterdam,Edinburgh → Amsterdam,700,14:10,5.0,19.0,100.0,85,Air Traffic Control,0,240.0,71.85,3.5
FL10185,2023-05-16,5,Spring,Tuesday,AeroSwift,Airbus A380,Manchester,Barcelona,Manchester → Barcelona,1440,10:15,33.0,46.0,186.0,130,Late Aircraft,0,132.0,65.07,2.9
FL13832,2023-05-16,5,Spring,Tuesday,Atlantic Wings,Boeing 787,London Heathrow,Toronto Pearson,London Heathrow → Toronto Pearson,5730,06:00,56.0,69.0,495.0,430,Technical,0,201.0,427.21,
FL13275,2023-05-16,5,Spring,Tuesday,PolarAir,Airbus A380,Bristol,Malaga,Bristol → Malaga,1620,13:45,0.0,0.0,152.0,145,On Time,0,71.0,148.5,4.1
FL10189,2023-05-16,5,Spring,Tuesday,Atlantic Wings,Boeing 737,London Gatwick,Rome Fiumicino,London Gatwick → Rome Fiumicino,1430,15:20,0.0,3.0,141.0,135,On Time,0,102.0,137.48,4.2
FL14788,2023-05-17,5,Spring,Wednesday,PolarAir,,London Heathrow,Toronto Pearson,London Heathrow → Toronto Pearson,5730,09:25,8.0,20.0,455.0,430,Late Aircraft,0,287.0,358.52,3.6
FL14744,2023-05-17,5,Spring,Wednesday,CloudJet,Airbus A320,London Heathrow,New York JFK,London Heathrow → New York JFK,5570,08:05,4.0,0.0,424.0,420,Weather,0,83.0,389.27,3.7
FL10592,2023-05-18,5,Spring,Thursday,AeroSwift,Boeing 737,Bristol,Malaga,Bristol → Malaga,1620,09:05,11.0,9.0,155.0,145,Technical,0,90.0,106.7,4.1
FL10460,2023-05-18,5,Spring,Thursday,CloudJet,Airbus A320,Leeds Bradford,Alicante,Leeds Bradford → Alicante,1590,07:05,16.0,23.0,178.0,145,Crew Availability,0,303.0,61.7,3.8
FL12581,2023-05-18,5,Spring,Thursday,Atlantic Wings,Boeing 737,London Heathrow,Singapore Changi,London Heathrow → Singapore Changi,10840,14:45,15.0,28.0,768.0,745,Air Traffic Control,0,127.0,728.61,3.8
FL12043,2023-05-18,5,Spring,Thursday,AeroSwift,Airbus A320,Edinburgh,Amsterdam,Edinburgh → Amsterdam,700,08:10,11.0,19.0,99.0,85,Technical,0,157.0,77.52,4.0
FL12917,2023-05-19,5,Spring,Friday,PolarAir,Boeing 737,London Heathrow,New York JFK,London Heathrow → New York JFK,5570,17:15,4.0,12.0,427.0,420,Crew Availability,0,276.0,368.09,4.1
FL12761,2023-05-19,5,Spring,Friday,SkyWing Air,Boeing 737,London Stansted,Warsaw Chopin,London Stansted → Warsaw Chopin,1470,13:40,36.0,42.0,184.0,135,Technical,0,226.0,81.9,3.1
FL14636,2023-05-19,5,Spring,Friday,NovaStar,Boeing 777,Leeds Bradford,Alicante,Leeds Bradford → Alicante,1590,10:10,2.0,0.0,145.0,145,Air Traffic Control,0,137.0,132.58,4.2
FL12211,2023-05-19,5,Spring,Friday,SkyWing Air,Embraer E190,London Stansted,Warsaw Chopin,London Stansted → Warsaw Chopin,1470,15:20,8.0,1.0,146.0,135,Technical,0,406.0,155.82,3.1
FL12715,2023-05-19,5,Spring,Friday,Atlantic Wings,Boeing 787,London Stansted,Warsaw Chopin,London Stansted → Warsaw Chopin,1470,17:40,0.0,14.0,155.0,135,On Time,0,92.0,95.53,4.7
FL14779,2023-05-19,5,Spring,Friday,CloudJet,Boeing 737,London Heathrow,New York JFK,London Heathrow → New York JFK,5570,08:25,57.0,63.0,481.0,420,Technical,0,85.0,355.74,2.1
FL10722,2023-05-19,5,Spring,Friday,PolarAir,Boeing 737,Glasgow,Dublin,Glasgow → Dublin,220,07:20,2.0,12.0,71.0,50,Crew Availability,0,339.0,66.97,3.3
FL14579,2023-05-19,5,Spring,Friday,Atlantic Wings,Boeing 737,Glasgow,Dublin,Glasgow → Dublin,220,14:45,30.0,25.0,77.0,50,Technical,0,317.0,49.0,4.0
FL10115,2023-05-19,5,Spring,Friday,SkyWing Air,Boeing 737,Bristol,Malaga,Bristol → Malaga,1620,10:55,41.0,35.0,185.0,145,Crew Availability,0,401.0,82.04,2.5
FL14161,2023-05-19,5,Spring,Friday,Atlantic Wings,Boeing 737,London Heathrow,New York JFK,London Heathrow → New York JFK,5570,09:50,0.0,0.0,424.0,420,On Time,0,133.0,381.44,3.8
FL10601,2023-05-20,5,Spring,Saturday,NovaStar,Airbus A380,London Heathrow,Toronto Pearson,London Heathrow → Toronto Pearson,5730,07:05,8.0,10.0,437.0,430,Technical,0,389.0,346.08,3.5
FL12020,2023-05-20,5,Spring,Saturday,CloudJet,Airbus A320,London Heathrow,New York JFK,London Heathrow → New York JFK,5570,14:45,0.0,0.0,426.0,420,On Time,0,194.0,353.04,4.3
FL13416,2023-05-20,5,Spring,Saturday,PolarAir,Embraer E190,London Stansted,Warsaw Chopin,London Stansted → Warsaw Chopin,1470,17:05,5.0,9.0,147.0,135,Security,0,366.0,152.01,3.0
FL13801,2023-05-20,5,Spring,Saturday,CloudJet,Boeing 777,Bristol,Malaga,Bristol → Malaga,1620,10:45,12.0,20.0,170.0,145,Technical,0,373.0,123.75,4.0
FL11270,2023-05-20,5,Spring,Saturday,NovaStar,Airbus A320,London Heathrow,New York JFK,London Heathrow → New York JFK,5570,19:50,0.0,6.0,431.0,420,On Time,0,348.0,331.74,4.5
FL11591,2023-05-20,5,Spring,Saturday,AeroSwift,Boeing 737,London Heathrow,Toronto Pearson,London Heathrow → Toronto Pearson,5730,08:45,2.0,16.0,443.0,430,Weather,0,276.0,296.1,3.9
FL11072,2023-05-21,5,Spring,Sunday,AeroSwift,Embraer E190,London Heathrow,Singapore Changi,London Heathrow → Singapore Changi,10840,10:15,15.0,24.0,766.0,745,Crew Availability,0,112.0,599.65,4.0
FL14117,2023-05-21,5,Spring,Sunday,SkyWing Air,Boeing 777,Manchester,Barcelona,Manchester → Barcelona,1440,08:05,34.0,36.0,169.0,130,Air Traffic Control,0,218.0,106.97,3.0
FL10098,2023-05-21,5,Spring,Sunday,AeroSwift,Airbus A320,London Heathrow,Dubai,London Heathrow → Dubai,5490,09:05,0.0,9.0,420.0,415,On Time,0,398.0,298.35,4.2
FL13245,2023-05-21,5,Spring,Sunday,NovaStar,Airbus A320,Leeds Bradford,Alicante,Leeds Bradford → Alicante,1590,06:25,6.0,3.0,150.0,145,Crew Availability,0,,108.05,3.5
FL10773,2023-05-21,5,Spring,Sunday,NovaStar,Embraer E190,London Heathrow,Singapore Changi,London Heathrow → Singapore Changi,10840,16:15,23.0,23.0,767.0,745,Late Aircraft,0,308.0,574.76,4.2
FL10965,2023-05-21,5,Spring,Sunday,NovaStar,Airbus A320,Birmingham,Istanbul,Birmingham → Istanbul,2680,20:50,4.0,0.0,214.0,210,Security,0,312.0,162.46,3.0
FL10866,2023-05-21,5,Spring,Sunday,PolarAir,Embraer E190,London Heathrow,Dubai,London Heathrow → Dubai,5490,12:30,,,,415,Crew Availability,1,166.0,335.58,1.6
FL11573,2023-05-21,5,Spring,Sunday,Atlantic Wings,Boeing 737,Edinburgh,Amsterdam,Edinburgh → Amsterdam,700,15:05,37.0,52.0,142.0,85,Weather,0,184.0,66.61,2.9
FL13721,2023-05-22,5,Spring,Monday,SkyWing Air,Boeing 787,Manchester,Barcelona,Manchester → Barcelona,1440,09:05,9.0,4.0,140.0,130,Technical,0,100.0,93.78,3.3
FL11851,2023-05-22,5,Spring,Monday,NovaStar,Embraer E190,Birmingham,Istanbul,Birmingham → Istanbul,2680,10:35,0.0,0.0,205.0,210,On Time,0,182.0,149.11,4.4
FL14956,2023-05-22,5,Spring,Monday,AeroSwift,Boeing 777,London Heathrow,Singapore Changi,London Heathrow → Singapore Changi,10840,08:05,,,,745,Crew Availability,1,377.0,566.64,2.1
FL11993,2023-05-22,5,Spring,Monday,CloudJet,Airbus A320,London Gatwick,Rome Fiumicino,London Gatwick → Rome Fiumicino,1430,11:00,27.0,29.0,160.0,135,Air Traffic Control,0,319.0,127.23,4.5
FL10738,2023-05-22,5,Spring,Monday,SkyWing Air,Airbus A320,Bristol,Malaga,Bristol → Malaga,1620,11:30,31.0,41.0,185.0,145,Weather,0,324.0,74.82,2.4
FL14712,2023-05-22,5,Spring,Monday,Atlantic Wings,Boeing 777,Edinburgh,Amsterdam,Edinburgh → Amsterdam,700,20:20,0.0,1.0,94.0,85,On Time,0,420.0,99.52,4.5
FL11747,2023-05-22,5,Spring,Monday,Atlantic Wings,Airbus A380,London Heathrow,Singapore Changi,London Heathrow → Singapore Changi,10840,05:25,8.0,14.0,760.0,745,Security,0,415.0,768.56,3.3
FL10388,2023-05-23,5,Spring,Tuesday,NovaStar,Embraer E190,London Heathrow,Toronto Pearson,London Heathrow → Toronto Pearson,5730,07:10,0.0,6.0,440.0,430,On Time,0,259.0,289.16,4.5
FL13824,2023-05-23,5,Spring,Tuesday,CloudJet,Airbus A320,London Stansted,Warsaw Chopin,London Stansted → Warsaw Chopin,1470,14:30,7.0,1.0,141.0,135,Technical,0,191.0,81.76,3.4
FL13019,2023-05-23,5,Spring,Tuesday,NovaStar,Boeing 737,London Gatwick,Rome Fiumicino,London Gatwick → Rome Fiumicino,1430,08:50,14.0,25.0,160.0,135,Weather,0,193.0,81.43,3.5
FL11582,2023-05-23,5,Spring,Tuesday,CloudJet,Airbus A320,Glasgow,Dublin,Glasgow → Dublin,220,05:35,,,,50,Late Aircraft,1,,49.0,1.2
FL14266,2023-05-23,5,Spring,Tuesday,NovaStar,Boeing 777,London Gatwick,Rome Fiumicino,London Gatwick → Rome Fiumicino,1430,18:35,0.0,0.0,138.0,135,On Time,0,356.0,88.12,4.6
FL13643,2023-05-23,5,Spring,Tuesday,CloudJet,Boeing 737,London Heathrow,Toronto Pearson,London Heathrow → Toronto Pearson,5730,06:20,0.0,2.0,432.0,430,On Time,0,364.0,357.38,4.3
FL12961,2023-05-23,5,Spring,Tuesday,NovaStar,Airbus A320,London Heathrow,Toronto Pearson,London Heathrow → Toronto Pearson,5730,10:20,2.0,0.0,425.0,430,Air Traffic Control,0,281.0,325.42,3.8
FL10731,2023-05-23,5,Spring,Tuesday,PolarAir,Airbus A320,Leeds Bradford,Alicante,Leeds Bradford → Alicante,1590,19:00,8.0,11.0,157.0,145,Security,0,238.0,113.18,4.4
FL10885,2023-05-24,5,Spring,Wednesday,PolarAir,Airbus A380,London Heathrow,Dubai,London Heathrow → Dubai,5490,22:45,32.0,28.0,452.0,415,Technical,0,132.0,348.28,3.0
FL11387,2023-05-24,5,Spring,Wednesday,Atlantic Wings,Boeing 737,Birmingham,Istanbul,Birmingham → Istanbul,2680,05:05,39.0,41.0,257.0,210,Late Aircraft,0,374.0,143.91,2.1
FL13804,2023-05-24,5,Spring,Wednesday,Atlantic Wings,Airbus A320,Glasgow,Dublin,Glasgow → Dublin,220,09:30,1.0,0.0,59.0,50,Security,0,413.0,49.0,3.4
FL14898,2023-05-24,5,Spring,Wednesday,NovaStar,Embraer E190,London Gatwick,Rome Fiumicino,London Gatwick → Rome Fiumicino,1430,22:40,0.0,0.0,133.0,135,On Time,0,276.0,91.02,4.9
FL11743,2023-05-24,5,Spring,Wednesday,CloudJet,Airbus A380,Manchester,Barcelona,Manchester → Barcelona,1440,16:35,36.0,40.0,165.0,130,Technical,0,368.0,79.55,2.1
FL12900,2023-05-24,5,Spring,Wednesday,NovaStar,Boeing 737,Birmingham,Istanbul,Birmingham → Istanbul,2680,08:25,0.0,0.0,211.0,210,On Time,0,228.0,130.67,4.0
FL14679,2023-05-24,5,Spring,Wednesday,SkyWing Air,Boeing 737,Birmingham,Istanbul,Birmingham → Istanbul,2680,14:45,17.0,29.0,246.0,210,Weather,0,138.0,151.85,3.7
FL13533,2023-05-24,5,Spring,Wednesday,CloudJet,Boeing 737,London Heathrow,Dubai,London Heathrow → Dubai,5490,10:10,,,,415,Late Aircraft,1,268.0,320.23,1.6
FL11670,2023-05-24,5,Spring,Wednesday,PolarAir,Airbus A320,Leeds Bradford,Alicante,Leeds Bradford → Alicante,1590,20:15,0.0,0.0,149.0,145,On Time,0,263.0,110.61,4.7
FL14431,2023-05-24,5,Spring,Wednesday,Atlantic Wings,Boeing 777,London Heathrow,New York JFK,London Heathrow → New York JFK,5570,11:20,0.0,0.0,417.0,420,On Time,0,153.0,368.87,4.7
FL13861,2023-05-25,5,Spring,Thursday,SkyWing Air,Airbus A320,Edinburgh,Amsterdam,Edinburgh → Amsterdam,700,08:15,0.0,0.0,90.0,85,On Time,0,173.0,109.06,4.1
FL11475,2023-05-25,5,Spring,Thursday,SkyWing Air,Boeing 737,Birmingham,Istanbul,Birmingham → Istanbul,2680,11:05,,,,210,Technical,1,91.0,184.27,2.2
FL13773,2023-05-25,5,Spring,Thursday,Atlantic Wings,Airbus A380,Leeds Bradford,Alicante,Leeds Bradford → Alicante,1590,22:30,82.0,79.0,219.0,145,Air Traffic Control,0,318.0,94.76,2.9
FL14508,2023-05-25,5,Spring,Thursday,CloudJet,Airbus A380,Birmingham,Istanbul,Birmingham → Istanbul,2680,12:05,0.0,7.0,215.0,210,On Time,0,170.0,141.3,4.1
FL11245,2023-05-25,5,Spring,Thursday,AeroSwift,Airbus A320,Birmingham,Istanbul,Birmingham → Istanbul,2680,09:00,21.0,13.0,219.0,210,Crew Availability,0,92.0,136.14,3.9
FL13115,2023-05-25,5,Spring,Thursday,Atlantic Wings,Boeing 737,Edinburgh,Amsterdam,Edinburgh → Amsterdam,700,10:25,12.0,6.0,91.0,85,Late Aircraft,0,258.0,95.65,4.4
FL12957,2023-05-25,5,Spring,Thursday,PolarAir,Boeing 787,Bristol,Malaga,Bristol → Malaga,1620,16:05,0.0,6.0,153.0,145,On Time,0,400.0,94.94,4.6
FL10414,2023-05-25,5,Spring,Thursday,PolarAir,Airbus A380,Manchester,Barcelona,Manchester → Barcelona,1440,19:40,0.0,0.0,126.0,130,On Time,0,128.0,137.16,
FL13588,2023-05-25,5,Spring,Thursday,PolarAir,Airbus A320,London Heathrow,Singapore Changi,London Heathrow → Singapore Changi,10840,08:40,34.0,36.0,786.0,745,Crew Availability,0,180.0,673.4,3.2
FL13555,2023-05-26,5,Spring,Friday,AeroSwift,Boeing 737,Birmingham,Istanbul,Birmingham → Istanbul,2680,11:50,0.0,14.0,226.0,210,On Time,0,305.0,158.01,4.5
FL11382,2023-05-26,5,Spring,Friday,AeroSwift,,London Heathrow,Dubai,London Heathrow → Dubai,5490,11:25,40.0,45.0,459.0,415,Late Aircraft,0,221.0,300.62,3.4
FL10675,2023-05-26,5,Spring,Friday,SkyWing Air,Airbus A320,London Gatwick,Rome Fiumicino,London Gatwick → Rome Fiumicino,1430,07:20,37.0,43.0,179.0,135,Late Aircraft,0,402.0,61.75,3.3
FL11174,2023-05-26,5,Spring,Friday,CloudJet,Airbus A320,Edinburgh,Amsterdam,Edinburgh → Amsterdam,700,11:25,1.0,10.0,102.0,85,Air Traffic Control,0,217.0,49.0,4.1
FL11468,2023-05-26,5,Spring,Friday,SkyWing Air,Boeing 737,Birmingham,Istanbul,Birmingham → Istanbul,2680,22:05,13.0,14.0,231.0,210,Technical,0,97.0,224.43,3.0
FL13474,2023-05-26,5,Spring,Friday,CloudJet,Boeing 777,London Gatwick,Rome Fiumicino,London Gatwick → Rome Fiumicino,1430,10:00,13.0,19.0,159.0,135,Air Traffic Control,0,61.0,56.82,4.5
FL10174,2023-05-26,5,Spring,Friday,CloudJet,Airbus A320,London Gatwick,Rome Fiumicino,London Gatwick → Rome Fiumicino,1430,11:15,9.0,12.0,145.0,135,Late Aircraft,0,284.0,79.21,4.1
FL13011,2023-05-26,5,Spring,Friday,Atlantic Wings,Airbus A320,London Heathrow,Singapore Changi,London Heathrow → Singapore Changi,10840,11:00,2.0,3.0,750.0,745,Late Aircraft,0,391.0,701.4,
FL13343,2023-05-27,5,Spring,Saturday,PolarAir,Boeing 737,Birmingham,Istanbul,Birmingham → Istanbul,2680,08:15,34.0,47.0,260.0,210,Weather,0,300.0,188.9,3.3
FL12325,2023-05-27,5,Spring,Saturday,Atlantic Wings,Airbus A320,London Heathrow,New York JFK,London Heathrow → New York JFK,5570,15:50,50.0,52.0,476.0,420,Crew Availability,0,338.0,395.69,2.8
FL13017,2023-05-27,5,Spring,Saturday,Atlantic Wings,Embraer E190,Leeds Bradford,Alicante,Leeds Bradford → Alicante,1590,13:35,18.0,28.0,177.0,145,Late Aircraft,0,232.0,151.97,
FL11622,2023-05-28,5,Spring,Sunday,AeroSwift,Airbus A320,London Heathrow,Toronto Pearson,London Heathrow → Toronto Pearson,5730,12:35,31.0,41.0,470.0,430,Weather,0,147.0,321.63,2.3
FL12558,2023-05-28,5,Spring,Sunday,AeroSwift,Boeing 737,London Stansted,Warsaw Chopin,London Stansted → Warsaw Chopin,1470,11:20,21.0,24.0,163.0,135,Technical,0,139.0,126.2,4.5
FL10904,2023-05-28,5,Spring,Sunday,NovaStar,Boeing 777,London Heathrow,Toronto Pearson,London Heathrow → Toronto Pearson,5730,07:00,0.0,0.0,436.0,430,On Time,0,360.0,346.05,3.9
FL13984,2023-05-28,5,Spring,Sunday,SkyWing Air,Embraer E190,Leeds Bradford,Alicante,Leeds Bradford → Alicante,1590,09:40,3.0,8.0,156.0,145,Technical,0,211.0,127.95,3.3
FL11009,2023-05-28,5,Spring,Sunday,Atlantic Wings,Boeing 777,London Heathrow,Dubai,London Heathrow → Dubai,5490,08:55,10.0,7.0,423.0,415,Late Aircraft,0,171.0,359.4,3.5
FL12103,2023-05-28,5,Spring,Sunday,NovaStar,Airbus A320,Manchester,Barcelona,Manchester → Barcelona,1440,13:30,2.0,10.0,149.0,130,Security,0,361.0,105.71,4.5
FL11131,2023-05-28,5,Spring,Sunday,SkyWing Air,Embraer E190,London Heathrow,Toronto Pearson,London Heathrow → Toronto Pearson,5730,10:10,0.0,3.0,438.0,430,On Time,0,405.0,450.55,
FL12324,2023-05-29,5,Spring,Monday,SkyWing Air,Boeing 777,Leeds Bradford,Alicante,Leeds Bradford → Alicante,1590,05:00,13.0,10.0,158.0,145,Late Aircraft,0,271.0,154.69,4.1
FL10302,2023-05-29,5,Spring,Monday,PolarAir,Airbus A320,London Stansted,Warsaw Chopin,London Stansted → Warsaw Chopin,1470,14:05,0.0,3.0,135.0,135,On Time,0,371.0,112.17,3.8
FL14601,2023-05-29,5,Spring,Monday,AeroSwift,Airbus A320,Leeds Bradford,Alicante,Leeds Bradford → Alicante,1590,16:30,7.0,1.0,156.0,145,Weather,0,135.0,124.87,4.1
FL14731,2023-05-29,5,Spring,Monday,SkyWing Air,Airbus A380,Birmingham,Istanbul,Birmingham → Istanbul,2680,20:40,3.0,15.0,229.0,210,Late Aircraft,0,192.0,142.74,4.2
FL14482,2023-05-29,5,Spring,Monday,SkyWing Air,Boeing 777,London Heathrow,Dubai,London Heathrow → Dubai,5490,07:55,0.0,2.0,425.0,415,On Time,0,102.0,360.99,4.2
FL10547,2023-05-29,5,Spring,Monday,SkyWing Air,Boeing 777,Edinburgh,Amsterdam,Edinburgh → Amsterdam,700,22:40,5.0,10.0,96.0,85,Air Traffic Control,0,162.0,49.0,4.0
FL12980,2023-05-29,5,Spring,Monday,PolarAir,Airbus A380,Bristol,Malaga,Bristol → Malaga,1620,12:35,35.0,37.0,186.0,145,Security,0,407.0,102.15,2.2
FL14107,2023-05-30,5,Spring,Tuesday,NovaStar,Airbus A320,Leeds Bradford,Alicante,Leeds Bradford → Alicante,1590,11:40,2.0,13.0,160.0,145,Crew Availability,0,121.0,128.34,3.6
FL11687,2023-05-30,5,Spring,Tuesday,AeroSwift,Boeing 777,Bristol,Malaga,Bristol → Malaga,1620,12:05,36.0,40.0,184.0,145,Late Aircraft,0,394.0,75.55,2.5
FL14709,2023-05-30,5,Spring,Tuesday,NovaStar,Boeing 737,London Heathrow,Toronto Pearson,London Heathrow → Toronto Pearson,5730,15:40,5.0,0.0,426.0,430,Late Aircraft,0,364.0,287.77,4.5
FL14438,2023-05-30,5,Spring,Tuesday,Atlantic Wings,Boeing 737,Glasgow,Dublin,Glasgow → Dublin,220,11:50,10.0,14.0,70.0,50,Technical,0,302.0,49.0,4.3
FL14982,2023-05-30,5,Spring,Tuesday,AeroSwift,Airbus A380,London Gatwick,Rome Fiumicino,London Gatwick → Rome Fiumicino,1430,19:30,0.0,5.0,145.0,135,On Time,0,246.0,74.99,4.3
FL14493,2023-05-30,5,Spring,Tuesday,SkyWing Air,Airbus A320,Glasgow,Dublin,Glasgow → Dublin,220,10:35,0.0,11.0,59.0,50,On Time,0,352.0,49.0,4.9
FL11221,2023-05-30,5,Spring,Tuesday,AeroSwift,Boeing 737,London Heathrow,Dubai,London Heathrow → Dubai,5490,19:15,24.0,38.0,457.0,415,Late Aircraft,0,335.0,329.92,3.9
FL14748,2023-05-30,5,Spring,Tuesday,AeroSwift,Boeing 777,Edinburgh,Amsterdam,Edinburgh → Amsterdam,700,11:20,3.0,14.0,108.0,85,Crew Availability,0,78.0,49.0,4.4
FL12800,2023-05-30,5,Spring,Tuesday,AeroSwift,Boeing 787,Edinburgh,Amsterdam,Edinburgh → Amsterdam,700,19:00,17.0,18.0,100.0,85,Technical,0,100.0,49.0,3.6
FL11798,2023-05-30,5,Spring,Tuesday,AeroSwift,Boeing 777,London Heathrow,Singapore Changi,London Heathrow → Singapore Changi,10840,09:05,0.0,0.0,744.0,745,On Time,0,288.0,541.06,4.0
FL10133,2023-05-30,5,Spring,Tuesday,CloudJet,Airbus A320,London Heathrow,New York JFK,London Heathrow → New York JFK,5570,12:55,47.0,53.0,476.0,420,Crew Availability,0,305.0,369.56,2.3
FL13967,2023-05-31,5,Spring,Wednesday,AeroSwift,Boeing 787,London Heathrow,Dubai,London Heathrow → Dubai,5490,06:25,6.0,4.0,428.0,415,Technical,0,162.0,343.64,3.9
FL11847,2023-05-31,5,Spring,Wednesday,SkyWing Air,Airbus A380,Edinburgh,Amsterdam,Edinburgh → Amsterdam,700,18:15,1.0,14.0,100.0,85,Air Traffic Control,0,381.0,64.33,3.9
FL10755,2023-05-31,5,Spring,Wednesday,NovaStar,Boeing 737,London Heathrow,Toronto Pearson,London Heathrow → Toronto Pearson,5730,18:05,6.0,3.0,442.0,430,Crew Availability,0,356.0,298.18,3.5
FL11991,2023-05-31,5,Spring,Wednesday,SkyWing Air,Boeing 737,Leeds Bradford,Alicante,Leeds Bradford → Alicante,1590,10:25,20.0,23.0,173.0,145,Late Aircraft,0,169.0,117.52,
FL10436,2023-05-31,5,Spring,Wednesday,NovaStar,Boeing 787,Leeds Bradford,Alicante,Leeds Bradford → Alicante,1590,08:35,0.0,0.0,155.0,145,On Time,0,80.0,90.06,4.0
FL11953,2023-05-31,5,Spring,Wednesday,Atlantic Wings,Airbus A380,Manchester,Barcelona,Manchester → Barcelona,1440,08:50,20.0,14.0,154.0,130,Crew Availability,0,244.0,138.48,3.4
FL10707,2023-05-31,5,Spring,Wednesday,PolarAir,Airbus A380,London Heathrow,Dubai,London Heathrow → Dubai,5490,08:15,,,,415,Late Aircraft,1,155.0,343.5,1.4
FL13741,2023-05-31,5,Spring,Wednesday,CloudJet,Boeing 787,Leeds Bradford,Alicante,Leeds Bradford → Alicante,1590,07:50,90.0,89.0,244.0,145,Technical,0,278.0,152.41,3.2
FL10488,2023-06-01,6,Summer,Thursday,SkyWing Air,Boeing 737,Birmingham,Istanbul,Birmingham → Istanbul,2680,07:20,23.0,20.0,233.0,210,Crew Availability,0,348.0,255.67,4.3
FL14903,2023-06-01,6,Summer,Thursday,NovaStar,Embraer E190,London Gatwick,Rome Fiumicino,London Gatwick → Rome Fiumicino,1430,13:45,12.0,12.0,147.0,135,Late Aircraft,0,315.0,99.87,3.2
FL10023,2023-06-01,6,Summer,Thursday,PolarAir,Boeing 737,Manchester,Barcelona,Manchester → Barcelona,1440,09:25,14.0,7.0,138.0,130,Air Traffic Control,0,409.0,93.27,3.4
FL10960,2023-06-01,6,Summer,Thursday,PolarAir,Airbus A320,London Heathrow,Toronto Pearson,London Heathrow → Toronto Pearson,5730,08:10,13.0,15.0,448.0,430,Weather,0,293.0,469.84,3.4
FL13356,2023-06-01,6,Summer,Thursday,AeroSwift,Boeing 737,Manchester,Barcelona,Manchester → Barcelona,1440,12:10,0.0,0.0,128.0,130,On Time,0,362.0,78.79,4.8
FL11181,2023-06-01,6,Summer,Thursday,NovaStar,Embraer E190,London Heathrow,New York JFK,London Heathrow → New York JFK,5570,12:05,0.0,14.0,430.0,420,On Time,0,297.0,368.17,3.9
FL11029,2023-06-01,6,Summer,Thursday,NovaStar,Embraer E190,Edinburgh,Amsterdam,Edinburgh → Amsterdam,700,08:15,8.0,7.0,91.0,85,Late Aircraft,0,110.0,57.63,4.0
FL12037,2023-06-01,6,Summer,Thursday,CloudJet,,London Heathrow,Singapore Changi,London Heathrow → Singapore Changi,10840,18:35,44.0,39.0,784.0,745,Weather,0,246.0,822.32,3.4
FL10060,2023-06-02,6,Summer,Friday,PolarAir,Airbus A320,Glasgow,Dublin,Glasgow → Dublin,220,18:25,63.0,72.0,131.0,50,Late Aircraft,0,224.0,78.89,3.3
FL12651,2023-06-02,6,Summer,Friday,AeroSwift,Boeing 737,London Heathrow,Dubai,London Heathrow → Dubai,5490,12:30,35.0,28.0,453.0,415,Late Aircraft,0,141.0,354.68,2.9
FL10212,2023-06-02,6,Summer,Friday,SkyWing Air,Boeing 777,London Stansted,Warsaw Chopin,London Stansted → Warsaw Chopin,1470,09:15,22.0,29.0,174.0,135,Late Aircraft,0,91.0,124.19,3.1
FL12332,2023-06-02,6,Summer,Friday,Atlantic Wings,Boeing 777,Birmingham,Istanbul,Birmingham → Istanbul,2680,09:25,82.0,95.0,312.0,210,Late Aircraft,0,,199.34,2.0
FL12398,2023-06-02,6,Summer,Friday,PolarAir,Airbus A380,Manchester,Barcelona,Manchester → Barcelona,1440,10:20,7.0,14.0,147.0,130,Weather,0,,107.98,3.8
FL13049,2023-06-02,6,Summer,Friday,AeroSwift,Boeing 737,Manchester,Barcelona,Manchester → Barcelona,1440,06:10,11.0,19.0,147.0,130,Late Aircraft,0,407.0,116.79,3.1
FL11450,2023-06-02,6,Summer,Friday,CloudJet,Airbus A320,Edinburgh,Amsterdam,Edinburgh → Amsterdam,700,16:30,0.0,5.0,90.0,85,On Time,0,143.0,110.13,4.9
FL12040,2023-06-02,6,Summer,Friday,AeroSwift,Airbus A320,London Heathrow,New York JFK,London Heathrow → New York JFK,5570,06:00,4.0,10.0,434.0,420,Weather,0,130.0,354.38,3.8
FL14366,2023-06-02,6,Summer,Friday,NovaStar,Boeing 777,Leeds Bradford,Alicante,Leeds Bradford → Alicante,1590,11:25,15.0,20.0,163.0,145,Late Aircraft,0,213.0,135.7,3.5
FL11984,2023-06-02,6,Summer,Friday,PolarAir,Boeing 777,Glasgow,Dublin,Glasgow → Dublin,220,10:40,0.0,11.0,62.0,50,On Time,0,79.0,84.18,4.1
FL14654,2023-06-02,6,Summer,Friday,PolarAir,Airbus A320,Manchester,Barcelona,Manchester → Barcelona,1440,11:45,7.0,0.0,131.0,130,Late Aircraft,0,236.0,81.4,3.9
FL11959,2023-06-02,6,Summer,Friday,NovaStar,Embraer E190,Bristol,Malaga,Bristol → Malaga,1620,11:20,2.0,0.0,150.0,145,Late Aircraft,0,318.0,152.12,3.2
FL14218,2023-06-02,6,Summer,Friday,AeroSwift,Airbus A380,London Heathrow,New York JFK,London Heathrow → New York JFK,5570,08:35,4.0,11.0,432.0,420,Weather,0,259.0,369.79,4.1
FL11646,2023-06-03,6,Summer,Saturday,Atlantic Wings,Airbus A320,London Gatwick,Rome Fiumicino,London Gatwick → Rome Fiumicino,1430,15:30,3.0,4.0,139.0,135,Weather,0,168.0,165.45,3.4
FL12284,2023-06-03,6,Summer,Saturday,CloudJet,Airbus A320,Leeds Bradford,Alicante,Leeds Bradford → Alicante,1590,07:50,97.0,105.0,256.0,145,Weather,0,103.0,150.81,1.8
FL10296,2023-06-03,6,Summer,Saturday,NovaStar,Boeing 737,London Heathrow,Dubai,London Heathrow → Dubai,5490,08:45,1.0,10.0,423.0,415,Security,0,107.0,334.71,3.7
FL12790,2023-06-03,6,Summer,Saturday,Atlantic Wings,Embraer E190,Manchester,Barcelona,Manchester → Barcelona,1440,14:40,27.0,31.0,159.0,130,Late Aircraft,0,87.0,114.9,3.6
FL11621,2023-06-03,6,Summer,Saturday,CloudJet,Embraer E190,Manchester,Barcelona,Manchester → Barcelona,1440,12:25,0.0,10.0,144.0,130,On Time,0,272.0,118.23,4.5
FL14680,2023-06-03,6,Summer,Saturday,NovaStar,Boeing 737,London Gatwick,Rome Fiumicino,London Gatwick → Rome Fiumicino,1430,22:35,0.0,15.0,147.0,135,On Time,0,289.0,79.0,4.4
FL13075,2023-06-04,6,Summer,Sunday,PolarAir,Airbus A320,Glasgow,Dublin,Glasgow → Dublin,220,07:00,94.0,94.0,144.0,50,Late Aircraft,0,341.0,79.05,1.7
FL11666,2023-06-04,6,Summer,Sunday,CloudJet,Airbus A320,London Heathrow,Dubai,London Heathrow → Dubai,5490,07:05,27.0,33.0,456.0,415,Crew Availability,0,160.0,424.78,4.1
FL13374,2023-06-04,6,Summer,Sunday,NovaStar,Airbus A320,Birmingham,Istanbul,Birmingham → Istanbul,2680,06:50,7.0,13.0,224.0,210,Security,0,418.0,214.4,4.2
FL10245,2023-06-04,6,Summer,Sunday,AeroSwift,,Edinburgh,Amsterdam,Edinburgh → Amsterdam,700,22:45,7.0,13.0,103.0,85,Technical,0,152.0,64.62,4.2
FL10092,2023-06-04,6,Summer,Sunday,PolarAir,Airbus A320,London Heathrow,Dubai,London Heathrow → Dubai,5490,20:50,4.0,4.0,415.0,415,Security,0,240.0,407.25,3.8
FL13020,2023-06-04,6,Summer,Sunday,AeroSwift,Boeing 737,London Heathrow,Singapore Changi,London Heathrow → Singapore Changi,10840,09:20,45.0,38.0,778.0,745,Late Aircraft,0,145.0,668.33,2.3
FL13495,2023-06-05,6,Summer,Monday,SkyWing Air,Boeing 737,London Heathrow,New York JFK,London Heathrow → New York JFK,5570,11:20,10.0,21.0,439.0,420,Late Aircraft,0,116.0,519.65,4.1
FL12892,2023-06-05,6,Summer,Monday,NovaStar,Embraer E190,London Heathrow,Singapore Changi,London Heathrow → Singapore Changi,10840,13:25,0.0,4.0,750.0,745,On Time,0,257.0,675.59,4.8
FL11301,2023-06-05,6,Summer,Monday,PolarAir,Boeing 737,London Heathrow,Toronto Pearson,London Heathrow → Toronto Pearson,5730,18:10,30.0,27.0,466.0,430,Air Traffic Control,0,399.0,411.19,4.3
FL13595,2023-06-05,6,Summer,Monday,NovaStar,Airbus A320,London Heathrow,Toronto Pearson,London Heathrow → Toronto Pearson,5730,19:55,0.0,5.0,440.0,430,On Time,0,284.0,402.03,4.4
FL13385,2023-06-05,6,Summer,Monday,SkyWing Air,Embraer E190,London Heathrow,Toronto Pearson,London Heathrow → Toronto Pearson,5730,07:10,0.0,4.0,429.0,430,On Time,0,282.0,520.35,4.6
FL10783,2023-06-05,6,Summer,Monday,SkyWing Air,Boeing 777,Leeds Bradford,Alicante,Leeds Bradford → Alicante,1590,14:30,22.0,33.0,183.0,145,Air Traffic Control,0,277.0,83.79,3.8
FL12618,2023-06-05,6,Summer,Monday,NovaStar,Boeing 737,London Heathrow,New York JFK,London Heathrow → New York JFK,5570,11:15,1.0,5.0,421.0,420,Air Traffic Control,0,323.0,365.82,4.2
FL10858,2023-06-05,6,Summer,Monday,AeroSwift,Airbus A320,London Stansted,Warsaw Chopin,London Stansted → Warsaw Chopin,1470,09:15,0.0,6.0,143.0,135,On Time,0,227.0,125.21,4.5
FL14187,2023-06-05,6,Summer,Monday,Atlantic Wings,Airbus A320,London Heathrow,Dubai,London Heathrow → Dubai,5490,11:00,7.0,20.0,438.0,415,Late Aircraft,0,334.0,425.67,3.5
FL14992,2023-06-06,6,Summer,Tuesday,Atlantic Wings,Airbus A380,London Heathrow,Singapore Changi,London Heathrow → Singapore Changi,10840,16:35,17.0,14.0,757.0,745,Late Aircraft,0,179.0,901.02,3.6
FL12293,2023-06-06,6,Summer,Tuesday,PolarAir,Boeing 777,Manchester,Barcelona,Manchester → Barcelona,1440,16:30,0.0,0.0,134.0,130,On Time,0,248.0,136.59,4.9
FL11015,2023-06-06,6,Summer,Tuesday,NovaStar,Boeing 737,Manchester,Barcelona,Manchester → Barcelona,1440,20:00,12.0,9.0,134.0,130,Air Traffic Control,0,316.0,50.76,3.8
FL12289,2023-06-06,6,Summer,Tuesday,PolarAir,Airbus A380,Bristol,Malaga,Bristol → Malaga,1620,10:20,18.0,24.0,179.0,145,Crew Availability,0,312.0,135.82,3.4
FL13379,2023-06-06,6,Summer,Tuesday,NovaStar,Boeing 737,Manchester,Barcelona,Manchester → Barcelona,1440,19:45,8.0,10.0,141.0,130,Weather,0,376.0,84.6,3.0
FL10197,2023-06-06,6,Summer,Tuesday,CloudJet,Airbus A320,London Heathrow,Dubai,London Heathrow → Dubai,5490,16:40,44.0,40.0,460.0,415,Security,0,260.0,466.11,2.9
FL12119,2023-06-06,6,Summer,Tuesday,CloudJet,Airbus A320,Birmingham,Istanbul,Birmingham → Istanbul,2680,09:30,0.0,15.0,227.0,210,On Time,0,356.0,283.21,4.8
FL13503,2023-06-06,6,Summer,Tuesday,Atlantic Wings,Airbus A320,Leeds Bradford,Alicante,Leeds Bradford → Alicante,1590,07:25,11.0,10.0,164.0,145,Late Aircraft,0,130.0,177.38,3.1
FL12007,2023-06-06,6,Summer,Tuesday,PolarAir,Boeing 777,Birmingham,Istanbul,Birmingham → Istanbul,2680,10:35,35.0,28.0,241.0,210,Late Aircraft,0,73.0,277.5,2.3
FL12515,2023-06-06,6,Summer,Tuesday,Atlantic Wings,Boeing 777,Edinburgh,Amsterdam,Edinburgh → Amsterdam,700,09:20,11.0,14.0,103.0,85,Technical,0,291.0,49.0,3.8
FL12018,2023-06-07,6,Summer,Wednesday,PolarAir,Embraer E190,London Heathrow,Toronto Pearson,London Heathrow → Toronto Pearson,5730,10:40,0.0,0.0,433.0,430,On Time,0,419.0,486.01,3.9
FL13185,2023-06-07,6,Summer,Wednesday,NovaStar,Boeing 737,London Heathrow,Singapore Changi,London Heathrow → Singapore Changi,10840,18:10,0.0,9.0,762.0,745,On Time,0,,736.93,4.8
FL13557,2023-06-07,6,Summer,Wednesday,Atlantic Wings,Airbus A320,Manchester,Barcelona,Manchester → Barcelona,1440,09:50,55.0,64.0,190.0,130,Weather,0,290.0,153.33,2.6
FL13180,2023-06-07,6,Summer,Wednesday,NovaStar,Embraer E190,London Gatwick,Rome Fiumicino,London Gatwick → Rome Fiumicino,1430,22:45,0.0,6.0,145.0,135,On Time,0,331.0,96.43,4.7
FL11657,2023-06-07,6,Summer,Wednesday,SkyWing Air,Airbus A320,London Heathrow,Singapore Changi,London Heathrow → Singapore Changi,10840,06:00,5.0,0.0,750.0,745,Air Traffic Control,0,361.0,874.74,3.8
FL11309,2023-06-07,6,Summer,Wednesday,CloudJet,Boeing 787,Glasgow,Dublin,Glasgow → Dublin,220,07:55,44.0,58.0,108.0,50,Crew Availability,0,151.0,49.0,3.1
FL12909,2023-06-07,6,Summer,Wednesday,PolarAir,Airbus A320,London Heathrow,New York JFK,London Heathrow → New York JFK,5570,16:00,0.0,0.0,428.0,420,On Time,0,254.0,395.97,4.3
FL13878,2023-06-07,6,Summer,Wednesday,CloudJet,Airbus A380,Bristol,Malaga,Bristol → Malaga,1620,16:40,15.0,30.0,171.0,145,Late Aircraft,0,359.0,153.67,3.3
FL13883,2023-06-07,6,Summer,Wednesday,PolarAir,Boeing 737,Glasgow,Dublin,Glasgow → Dublin,220,16:55,0.0,4.0,57.0,50,On Time,0,376.0,49.0,4.9
FL11550,2023-06-08,6,Summer,Thursday,NovaStar,Boeing 777,Leeds Bradford,Alicante,Leeds Bradford → Alicante,1590,06:55,0.0,0.0,150.0,145,On Time,0,343.0,148.21,4.7
FL10273,2023-06-08,6,Summer,Thursday,SkyWing Air,Boeing 787,Manchester,Barcelona,Manchester → Barcelona,1440,13:45,26.0,38.0,172.0,130,Security,0,311.0,128.55,4.2
FL12541,2023-06-08,6,Summer,Thursday,CloudJet,Boeing 737,London Heathrow,Dubai,London Heathrow → Dubai,5490,16:25,89.0,104.0,523.0,415,Security,0,274.0,446.52,2.7
FL10024,2023-06-08,6,Summer,Thursday,AeroSwift,Boeing 787,Manchester,Barcelona,Manchester → Barcelona,1440,13:10,0.0,0.0,130.0,130,On Time,0,230.0,106.09,4.7
FL13192,2023-06-09,6,Summer,Friday,SkyWing Air,Airbus A320,London Gatwick,Rome Fiumicino,London Gatwick → Rome Fiumicino,1430,10:45,16.0,13.0,150.0,135,Technical,0,160.0,161.91,3.8
FL11048,2023-06-09,6,Summer,Friday,SkyWing Air,Boeing 787,London Heathrow,New York JFK,London Heathrow → New York JFK,5570,12:05,0.0,0.0,420.0,420,On Time,0,118.0,460.06,4.7
FL11175,2023-06-09,6,Summer,Friday,SkyWing Air,Boeing 787,Manchester,Barcelona,Manchester → Barcelona,1440,14:00,3.0,6.0,136.0,130,Security,0,305.0,121.2,3.3
FL13295,2023-06-09,6,Summer,Friday,Atlantic Wings,Airbus A380,Leeds Bradford,Alicante,Leeds Bradford → Alicante,1590,08:55,31.0,40.0,181.0,145,Late Aircraft,0,92.0,84.8,3.4
FL10932,2023-06-09,6,Summer,Friday,Atlantic Wings,Boeing 777,London Heathrow,Singapore Changi,London Heathrow → Singapore Changi,10840,10:15,4.0,6.0,753.0,745,Late Aircraft,0,126.0,917.69,4.1
FL13992,2023-06-09,6,Summer,Friday,NovaStar,Boeing 737,Edinburgh,Amsterdam,Edinburgh → Amsterdam,700,13:50,3.0,16.0,99.0,85,Late Aircraft,0,263.0,49.0,4.4
FL14351,2023-06-09,6,Summer,Friday,SkyWing Air,Embraer E190,London Heathrow,Singapore Changi,London Heathrow → Singapore Changi,10840,07:55,36.0,41.0,793.0,745,Technical,0,404.0,928.44,3.3
FL13473,2023-06-09,6,Summer,Friday,CloudJet,Embraer E190,London Gatwick,Rome Fiumicino,London Gatwick → Rome Fiumicino,1430,22:45,0.0,2.0,133.0,135,On Time,0,140.0,159.92,4.6
FL11461,2023-06-09,6,Summer,Friday,CloudJet,Airbus A380,London Heathrow,Toronto Pearson,London Heathrow → Toronto Pearson,5730,13:00,10.0,10.0,444.0,430,Weather,0,385.0,465.88,3.7
FL14448,2023-06-10,6,Summer,Saturday,AeroSwift,Boeing 737,London Heathrow,Singapore Changi,London Heathrow → Singapore Changi,10840,07:55,0.0,0.0,746.0,745,On Time,0,190.0,705.05,4.8
FL14172,2023-06-10,6,Summer,Saturday,NovaStar,Boeing 787,London Heathrow,Singapore Changi,London Heathrow → Singapore Changi,10840,05:55,0.0,0.0,749.0,745,On Time,0,123.0,751.67,3.9
FL11792,2023-06-10,6,Summer,Saturday,Atlantic Wings,Airbus A320,London Stansted,Warsaw Chopin,London Stansted → Warsaw Chopin,1470,08:05,50.0,45.0,175.0,135,Air Traffic Control,0,268.0,170.31,2.2
FL14947,2023-06-10,6,Summer,Saturday,PolarAir,Airbus A320,Bristol,Malaga,Bristol → Malaga,1620,10:20,28.0,34.0,179.0,145,Security,0,147.0,165.56,3.7
FL12476,2023-06-10,6,Summer,Saturday,PolarAir,Boeing 737,Glasgow,Dublin,Glasgow → Dublin,220,22:50,8.0,14.0,69.0,50,Security,0,402.0,49.0,3.7
FL12005,2023-06-10,6,Summer,Saturday,CloudJet,Boeing 737,London Heathrow,Toronto Pearson,London Heathrow → Toronto Pearson,5730,09:45,33.0,34.0,473.0,430,Air Traffic Control,0,79.0,441.73,2.8
FL12733,2023-06-10,6,Summer,Saturday,NovaStar,Airbus A380,Manchester,Barcelona,Manchester → Barcelona,1440,21:05,0.0,0.0,140.0,130,On Time,0,346.0,125.41,4.4
FL12428,2023-06-10,6,Summer,Saturday,SkyWing Air,Boeing 777,Glasgow,Dublin,Glasgow → Dublin,220,09:20,9.0,8.0,63.0,50,Security,0,351.0,49.0,3.6
FL14109,2023-06-11,6,Summer,Sunday,SkyWing Air,Boeing 737,London Heathrow,Dubai,London Heathrow → Dubai,5490,12:45,40.0,38.0,460.0,415,Weather,0,116.0,510.7,2.5
FL14072,2023-06-11,6,Summer,Sunday,PolarAir,Airbus A320,Leeds Bradford,Alicante,Leeds Bradford → Alicante,1590,16:05,76.0,70.0,212.0,145,Security,0,271.0,118.04,2.6
FL11078,2023-06-11,6,Summer,Sunday,AeroSwift,Boeing 737,London Heathrow,Dubai,London Heathrow → Dubai,5490,12:05,0.0,14.0,429.0,415,On Time,0,196.0,401.72,4.7
FL10135,2023-06-11,6,Summer,Sunday,PolarAir,Boeing 787,London Heathrow,Toronto Pearson,London Heathrow → Toronto Pearson,5730,15:35,8.0,6.0,441.0,430,Air Traffic Control,0,206.0,477.97,4.0
FL14184,2023-06-11,6,Summer,Sunday,Atlantic Wings,Embraer E190,Bristol,Malaga,Bristol → Malaga,1620,11:55,,,,145,Late Aircraft,1,331.0,100.7,2.2
FL14031,2023-06-11,6,Summer,Sunday,PolarAir,Airbus A320,Glasgow,Dublin,Glasgow → Dublin,220,09:05,8.0,14.0,72.0,50,Late Aircraft,0,404.0,49.0,4.4
FL12832,2023-06-12,6,Summer,Monday,Atlantic Wings,Boeing 737,Leeds Bradford,Alicante,Leeds Bradford → Alicante,1590,12:25,0.0,13.0,153.0,145,On Time,0,179.0,203.45,4.2
FL11886,2023-06-12,6,Summer,Monday,NovaStar,Airbus A380,Manchester,Barcelona,Manchester → Barcelona,1440,15:00,3.0,0.0,131.0,130,Security,0,138.0,77.45,3.4
FL12865,2023-06-12,6,Summer,Monday,CloudJet,Boeing 787,London Heathrow,New York JFK,London Heathrow → New York JFK,5570,06:25,102.0,99.0,528.0,420,Late Aircraft,0,376.0,425.19,1.9
FL10686,2023-06-12,6,Summer,Monday,PolarAir,Boeing 737,Edinburgh,Amsterdam,Edinburgh → Amsterdam,700,19:10,29.0,41.0,133.0,85,Security,0,381.0,95.56,4.4
FL10841,2023-06-12,6,Summer,Monday,NovaStar,Airbus A320,London Heathrow,Toronto Pearson,London Heathrow → Toronto Pearson,5730,14:55,0.0,1.0,430.0,430,On Time,0,415.0,405.87,4.0
FL12614,2023-06-12,6,Summer,Monday,NovaStar,Airbus A320,Manchester,Barcelona,Manchester → Barcelona,1440,17:15,27.0,28.0,153.0,130,Security,0,217.0,125.55,4.5
FL10964,2023-06-12,6,Summer,Monday,SkyWing Air,Boeing 737,London Gatwick,Rome Fiumicino,London Gatwick → Rome Fiumicino,1430,13:00,20.0,29.0,160.0,135,Weather,0,389.0,86.33,4.3
FL10007,2023-06-13,6,Summer,Tuesday,Atlantic Wings,Boeing 777,London Heathrow,Singapore Changi,London Heathrow → Singapore Changi,10840,08:30,2.0,8.0,756.0,745,Security,0,343.0,863.3,4.3
FL14136,2023-06-13,6,Summer,Tuesday,CloudJet,Boeing 737,Bristol,Malaga,Bristol → Malaga,1620,18:30,3.0,7.0,153.0,145,Security,0,382.0,173.89,4.3
FL12448,2023-06-13,6,Summer,Tuesday,SkyWing Air,Boeing 777,Birmingham,Istanbul,Birmingham → Istanbul,2680,09:00,,,,210,Crew Availability,1,,306.34,1.3
FL12114,2023-06-13,6,Summer,Tuesday,SkyWing Air,Embraer E190,Edinburgh,Amsterdam,Edinburgh → Amsterdam,700,08:30,0.0,1.0,85.0,85,On Time,0,286.0,110.99,4.9
FL14674,2023-06-13,6,Summer,Tuesday,PolarAir,Airbus A380,Bristol,Malaga,Bristol → Malaga,1620,21:05,47.0,44.0,194.0,145,Late Aircraft,0,419.0,173.67,2.0
FL14585,2023-06-14,6,Summer,Wednesday,AeroSwift,Airbus A380,Glasgow,Dublin,Glasgow → Dublin,220,17:15,33.0,44.0,104.0,50,Technical,0,194.0,49.0,2.9
FL13194,2023-06-14,6,Summer,Wednesday,AeroSwift,Boeing 787,London Stansted,Warsaw Chopin,London Stansted → Warsaw Chopin,1470,07:20,1.0,5.0,135.0,135,Late Aircraft,0,327.0,112.34,4.0
FL10667,2023-06-14,6,Summer,Wednesday,NovaStar,Boeing 787,Glasgow,Dublin,Glasgow → Dublin,220,19:45,7.0,9.0,58.0,50,Late Aircraft,0,233.0,59.38,3.4
FL12590,2023-06-14,6,Summer,Wednesday,CloudJet,Boeing 787,Edinburgh,Amsterdam,Edinburgh → Amsterdam,700,21:10,15.0,12.0,105.0,85,Late Aircraft,0,125.0,136.84,3.5
FL12910,2023-06-14,6,Summer,Wednesday,PolarAir,Airbus A320,Birmingham,Istanbul,Birmingham → Istanbul,2680,08:40,13.0,18.0,236.0,210,Technical,0,317.0,206.4,3.0
FL13630,2023-06-14,6,Summer,Wednesday,AeroSwift,Airbus A320,London Heathrow,Dubai,London Heathrow → Dubai,5490,17:20,3.0,0.0,413.0,415,Crew Availability,0,146.0,418.61,3.5
FL10269,2023-06-14,6,Summer,Wednesday,CloudJet,Airbus A320,London Heathrow,Toronto Pearson,London Heathrow → Toronto Pearson,5730,11:00,11.0,12.0,438.0,430,Technical,0,243.0,418.5,4.2
FL10572,2023-06-15,6,Summer,Thursday,AeroSwift,Boeing 777,London Heathrow,New York JFK,London Heathrow → New York JFK,5570,15:10,6.0,15.0,442.0,420,Crew Availability,0,146.0,403.33,3.1
FL13188,2023-06-15,6,Summer,Thursday,NovaStar,Boeing 787,Birmingham,Istanbul,Birmingham → Istanbul,2680,15:05,0.0,7.0,225.0,210,On Time,0,154.0,232.34,4.5
FL12162,2023-06-16,6,Summer,Friday,PolarAir,Boeing 787,London Gatwick,Rome Fiumicino,London Gatwick → Rome Fiumicino,1430,16:40,8.0,22.0,153.0,135,Weather,0,87.0,73.43,3.1
FL10366,2023-06-16,6,Summer,Friday,AeroSwift,Airbus A380,Manchester,Barcelona,Manchester → Barcelona,1440,18:00,50.0,51.0,190.0,130,Crew Availability,0,207.0,56.43,2.9
FL12455,2023-06-16,6,Summer,Friday,SkyWing Air,Boeing 737,London Gatwick,Rome Fiumicino,London Gatwick → Rome Fiumicino,1430,07:15,0.0,14.0,150.0,135,On Time,0,350.0,119.14,4.8
FL14821,2023-06-16,6,Summer,Friday,SkyWing Air,Boeing 737,London Stansted,Warsaw Chopin,London Stansted → Warsaw Chopin,1470,05:20,23.0,32.0,171.0,135,Weather,0,345.0,156.02,3.2
FL14193,2023-06-17,6,Summer,Saturday,CloudJet,Airbus A320,Manchester,Barcelona,Manchester → Barcelona,1440,22:30,6.0,12.0,143.0,130,Weather,0,91.0,179.3,3.6
FL12944,2023-06-17,6,Summer,Saturday,SkyWing Air,Boeing 737,London Heathrow,Toronto Pearson,London Heathrow → Toronto Pearson,5730,22:05,100.0,101.0,530.0,430,Crew Availability,0,108.0,487.47,2.5
FL13756,2023-06-17,6,Summer,Saturday,PolarAir,Boeing 777,Bristol,Malaga,Bristol → Malaga,1620,06:15,1.0,8.0,154.0,145,Security,0,130.0,158.02,4.4
FL10263,2023-06-18,6,Summer,Sunday,PolarAir,Embraer E190,Manchester,Barcelona,Manchester → Barcelona,1440,19:55,0.0,0.0,133.0,130,On Time,0,372.0,98.17,4.0
FL12751,2023-06-18,6,Summer,Sunday,CloudJet,Airbus A320,Birmingham,Istanbul,Birmingham → Istanbul,2680,09:40,14.0,9.0,215.0,210,Late Aircraft,0,328.0,172.6,4.1
FL12724,2023-06-18,6,Summer,Sunday,SkyWing Air,Airbus A320,London Stansted,Warsaw Chopin,London Stansted → Warsaw Chopin,1470,22:25,0.0,0.0,138.0,135,On Time,0,302.0,136.57,4.0
FL12690,2023-06-18,6,Summer,Sunday,SkyWing Air,Embraer E190,London Heathrow,Toronto Pearson,London Heathrow → Toronto Pearson,5730,06:40,44.0,41.0,469.0,430,Weather,0,204.0,466.33,2.8
FL10512,2023-06-18,6,Summer,Sunday,PolarAir,Airbus A320,London Heathrow,New York JFK,London Heathrow → New York JFK,5570,15:00,52.0,64.0,480.0,420,Technical,0,383.0,485.18,3.5
FL11040,2023-06-18,6,Summer,Sunday,CloudJet,Boeing 737,London Heathrow,Singapore Changi,London Heathrow → Singapore Changi,10840,16:25,132.0,128.0,883.0,745,Technical,0,202.0,853.3,2.4
FL11124,2023-06-18,6,Summer,Sunday,Atlantic Wings,Boeing 737,London Heathrow,Dubai,London Heathrow → Dubai,5490,15:10,,,,415,Weather,1,172.0,441.66,2.1
FL12133,2023-06-18,6,Summer,Sunday,CloudJet,Boeing 777,Bristol,Malaga,Bristol → Malaga,1620,06:45,8.0,22.0,171.0,145,Weather,0,304.0,97.9,3.9
FL12280,2023-06-19,6,Summer,Monday,AeroSwift,Embraer E190,Birmingham,Istanbul,Birmingham → Istanbul,2680,10:30,5.0,0.0,205.0,210,Technical,0,285.0,207.83,3.9
FL12345,2023-06-19,6,Summer,Monday,AeroSwift,Boeing 777,Manchester,Barcelona,Manchester → Barcelona,1440,07:05,11.0,17.0,155.0,130,Security,0,231.0,50.47,4.4
FL12099,2023-06-19,6,Summer,Monday,SkyWing Air,Airbus A320,Edinburgh,Amsterdam,Edinburgh → Amsterdam,700,10:45,12.0,20.0,106.0,85,Crew Availability,0,86.0,80.46,4.2
FL14532,2023-06-19,6,Summer,Monday,AeroSwift,Embraer E190,Leeds Bradford,Alicante,Leeds Bradford → Alicante,1590,05:00,13.0,8.0,162.0,145,Technical,0,229.0,115.15,3.1
FL11901,2023-06-19,6,Summer,Monday,CloudJet,Boeing 777,Edinburgh,Amsterdam,Edinburgh → Amsterdam,700,14:30,133.0,144.0,229.0,85,Security,0,326.0,101.19,2.1
FL11204,2023-06-19,6,Summer,Monday,CloudJet,Airbus A380,London Gatwick,Rome Fiumicino,London Gatwick → Rome Fiumicino,1430,13:35,0.0,0.0,133.0,135,On Time,0,279.0,61.03,4.2
FL13916,2023-06-19,6,Summer,Monday,AeroSwift,Airbus A320,Bristol,Malaga,Bristol → Malaga,1620,05:40,3.0,18.0,164.0,145,Security,0,75.0,131.77,3.8
FL11110,2023-06-19,6,Summer,Monday,PolarAir,Airbus A380,London Stansted,Warsaw Chopin,London Stansted → Warsaw Chopin,1470,14:45,6.0,11.0,153.0,135,Security,0,396.0,139.11,3.4
FL14212,2023-06-19,6,Summer,Monday,AeroSwift,Airbus A380,Manchester,Barcelona,Manchester → Barcelona,1440,09:55,14.0,18.0,144.0,130,Late Aircraft,0,88.0,105.54,
FL10679,2023-06-20,6,Summer,Tuesday,NovaStar,Boeing 737,London Heathrow,Singapore Changi,London Heathrow → Singapore Changi,10840,12:15,2.0,15.0,755.0,745,Security,0,249.0,676.59,4.2
FL14845,2023-06-20,6,Summer,Tuesday,CloudJet,Airbus A380,London Heathrow,Dubai,London Heathrow → Dubai,5490,22:45,32.0,27.0,448.0,415,Weather,0,398.0,424.69,2.6
FL11948,2023-06-20,6,Summer,Tuesday,CloudJet,Boeing 787,Birmingham,Istanbul,Birmingham → Istanbul,2680,22:10,11.0,3.0,215.0,210,Air Traffic Control,0,287.0,294.08,3.6
FL12571,2023-06-20,6,Summer,Tuesday,NovaStar,Airbus A320,Glasgow,Dublin,Glasgow → Dublin,220,06:05,,,,50,Air Traffic Control,1,64.0,49.0,2.3
FL12501,2023-06-21,6,Summer,Wednesday,SkyWing Air,Boeing 777,London Heathrow,Singapore Changi,London Heathrow → Singapore Changi,10840,06:00,,,,745,Security,1,169.0,941.27,1.3
FL12954,2023-06-21,6,Summer,Wednesday,Atlantic Wings,Airbus A320,Bristol,Malaga,Bristol → Malaga,1620,06:30,6.0,3.0,158.0,145,Late Aircraft,0,222.0,117.16,3.3
FL13942,2023-06-21,6,Summer,Wednesday,Atlantic Wings,Airbus A320,London Heathrow,Singapore Changi,London Heathrow → Singapore Changi,10840,06:05,71.0,63.0,815.0,745,Security,0,191.0,938.55,2.5
FL14004,2023-06-21,6,Summer,Wednesday,AeroSwift,Boeing 777,Glasgow,Dublin,Glasgow → Dublin,220,11:40,0.0,0.0,59.0,50,On Time,0,75.0,49.0,4.5
FL13477,2023-06-21,6,Summer,Wednesday,AeroSwift,Airbus A380,Glasgow,Dublin,Glasgow → Dublin,220,20:40,,,,50,Technical,1,374.0,86.18,1.1
FL11581,2023-06-21,6,Summer,Wednesday,NovaStar,Airbus A320,London Heathrow,Toronto Pearson,London Heathrow → Toronto Pearson,5730,15:05,0.0,7.0,433.0,430,On Time,0,221.0,359.13,4.6
FL12630,2023-06-22,6,Summer,Thursday,PolarAir,Boeing 777,London Gatwick,Rome Fiumicino,London Gatwick → Rome Fiumicino,1430,06:10,25.0,24.0,161.0,135,Security,0,318.0,113.36,4.4
FL11361,2023-06-22,6,Summer,Thursday,Atlantic Wings,Boeing 737,London Heathrow,New York JFK,London Heathrow → New York JFK,5570,06:25,47.0,62.0,487.0,420,Technical,0,159.0,425.46,2.8
FL11970,2023-06-22,6,Summer,Thursday,AeroSwift,Airbus A380,London Heathrow,Singapore Changi,London Heathrow → Singapore Changi,10840,16:10,0.0,6.0,753.0,745,On Time,0,266.0,651.37,
FL11619,2023-06-22,6,Summer,Thursday,PolarAir,Airbus A380,London Heathrow,New York JFK,London Heathrow → New York JFK,5570,09:25,10.0,14.0,437.0,420,Crew Availability,0,144.0,466.3,3.7
FL13759,2023-06-22,6,Summer,Thursday,Atlantic Wings,Airbus A320,London Heathrow,Dubai,London Heathrow → Dubai,5490,08:40,66.0,66.0,478.0,415,Weather,0,107.0,536.09,3.1
FL13141,2023-06-22,6,Summer,Thursday,AeroSwift,Embraer E190,Glasgow,Dublin,Glasgow → Dublin,220,17:25,6.0,11.0,56.0,50,Weather,0,343.0,49.0,3.0
FL13358,2023-06-22,6,Summer,Thursday,PolarAir,Boeing 737,London Heathrow,Dubai,London Heathrow → Dubai,5490,12:25,18.0,20.0,436.0,415,Weather,0,222.0,475.97,4.0
FL10873,2023-06-23,6,Summer,Friday,AeroSwift,Boeing 737,London Heathrow,Dubai,London Heathrow → Dubai,5490,12:15,4.0,0.0,425.0,415,Weather,0,297.0,401.45,4.5
FL13013,2023-06-23,6,Summer,Friday,SkyWing Air,Airbus A320,London Heathrow,Dubai,London Heathrow → Dubai,5490,22:25,11.0,19.0,429.0,415,Security,0,267.0,500.49,4.1
FL12542,2023-06-23,6,Summer,Friday,AeroSwift,Boeing 777,Bristol,Malaga,Bristol → Malaga,1620,10:50,5.0,16.0,169.0,145,Air Traffic Control,0,227.0,96.35,4.3
FL10802,2023-06-23,6,Summer,Friday,NovaStar,Boeing 787,Leeds Bradford,Alicante,Leeds Bradford → Alicante,1590,06:40,,,,145,Crew Availability,1,266.0,115.8,1.6
FL13366,2023-06-23,6,Summer,Friday,NovaStar,,Edinburgh,Amsterdam,Edinburgh → Amsterdam,700,13:05,0.0,6.0,100.0,85,On Time,0,220.0,97.66,4.7
FL10925,2023-06-23,6,Summer,Friday,Atlantic Wings,Airbus A320,Birmingham,Istanbul,Birmingham → Istanbul,2680,17:10,39.0,52.0,257.0,210,Technical,0,255.0,182.58,2.0
FL11047,2023-06-23,6,Summer,Friday,Atlantic Wings,Boeing 777,London Gatwick,Rome Fiumicino,London Gatwick → Rome Fiumicino,1430,19:30,29.0,34.0,169.0,135,Technical,0,245.0,184.41,3.1
FL10729,2023-06-24,6,Summer,Saturday,NovaStar,Airbus A380,Leeds Bradford,Alicante,Leeds Bradford → Alicante,1590,22:15,0.0,1.0,150.0,145,On Time,0,401.0,120.48,3.9
FL13454,2023-06-24,6,Summer,Saturday,Atlantic Wings,Airbus A320,London Heathrow,New York JFK,London Heathrow → New York JFK,5570,07:30,0.0,0.0,426.0,420,On Time,0,207.0,479.18,4.5
FL10807,2023-06-24,6,Summer,Saturday,SkyWing Air,Airbus A320,London Stansted,Warsaw Chopin,London Stansted → Warsaw Chopin,1470,05:40,20.0,34.0,175.0,135,Late Aircraft,0,390.0,166.86,4.2
FL10422,2023-06-24,6,Summer,Saturday,NovaStar,Embraer E190,Glasgow,Dublin,Glasgow → Dublin,220,09:05,9.0,17.0,68.0,50,Late Aircraft,0,362.0,49.0,3.7
FL14186,2023-06-24,6,Summer,Saturday,Atlantic Wings,Boeing 737,Edinburgh,Amsterdam,Edinburgh → Amsterdam,700,18:20,,,,85,Air Traffic Control,1,344.0,146.26,
FL10902,2023-06-25,6,Summer,Sunday,SkyWing Air,Airbus A320,Glasgow,Dublin,Glasgow → Dublin,220,11:50,41.0,44.0,93.0,50,Late Aircraft,0,92.0,49.0,3.0
FL13633,2023-06-25,6,Summer,Sunday,PolarAir,Airbus A320,London Gatwick,Rome Fiumicino,London Gatwick → Rome Fiumicino,1430,14:25,6.0,20.0,155.0,135,Technical,0,,146.17,3.5
FL14663,2023-06-25,6,Summer,Sunday,PolarAir,Airbus A320,Manchester,Barcelona,Manchester → Barcelona,1440,06:25,78.0,75.0,206.0,130,Security,0,136.0,147.52,2.4
FL11160,2023-06-25,6,Summer,Sunday,SkyWing Air,Airbus A320,Leeds Bradford,Alicante,Leeds Bradford → Alicante,1590,17:25,17.0,27.0,176.0,145,Weather,0,180.0,123.6,3.8
FL12952,2023-06-25,6,Summer,Sunday,PolarAir,Airbus A320,Glasgow,Dublin,Glasgow → Dublin,220,07:50,58.0,68.0,127.0,50,Air Traffic Control,0,88.0,49.0,3.2
FL11246,2023-06-25,6,Summer,Sunday,AeroSwift,Airbus A320,Manchester,Barcelona,Manchester → Barcelona,1440,14:35,24.0,32.0,167.0,130,Technical,0,203.0,69.24,3.0
FL12517,2023-06-25,6,Summer,Sunday,NovaStar,Embraer E190,London Stansted,Warsaw Chopin,London Stansted → Warsaw Chopin,1470,22:15,9.0,24.0,169.0,135,Air Traffic Control,0,410.0,93.51,3.9
FL14083,2023-06-25,6,Summer,Sunday,NovaStar,Boeing 737,London Heathrow,Toronto Pearson,London Heathrow → Toronto Pearson,5730,20:40,39.0,36.0,470.0,430,Technical,0,210.0,393.73,3.3
FL12039,2023-06-25,6,Summer,Sunday,SkyWing Air,Embraer E190,London Heathrow,New York JFK,London Heathrow → New York JFK,5570,18:50,61.0,69.0,486.0,420,Technical,0,147.0,443.75,3.0
FL14616,2023-06-25,6,Summer,Sunday,SkyWing Air,Boeing 737,London Heathrow,New York JFK,London Heathrow → New York JFK,5570,13:35,12.0,20.0,446.0,420,Technical,0,141.0,510.88,4.5
FL12682,2023-06-26,6,Summer,Monday,SkyWing Air,Boeing 777,London Heathrow,Singapore Changi,London Heathrow → Singapore Changi,10840,15:25,0.0,0.0,745.0,745,On Time,0,249.0,939.45,4.6
FL11603,2023-06-26,6,Summer,Monday,Atlantic Wings,Airbus A320,Manchester,Barcelona,Manchester → Barcelona,1440,22:55,60.0,68.0,208.0,130,Crew Availability,0,92.0,174.43,3.3
FL12668,2023-06-26,6,Summer,Monday,PolarAir,Airbus A320,Edinburgh,Amsterdam,Edinburgh → Amsterdam,700,07:20,72.0,74.0,154.0,85,Security,0,402.0,123.7,2.1
FL10871,2023-06-26,6,Summer,Monday,AeroSwift,Boeing 787,Glasgow,Dublin,Glasgow → Dublin,220,22:55,3.0,16.0,72.0,50,Technical,0,116.0,49.0,4.2
FL10610,2023-06-26,6,Summer,Monday,Atlantic Wings,Airbus A320,Leeds Bradford,Alicante,Leeds Bradford → Alicante,1590,19:55,125.0,138.0,280.0,145,Crew Availability,0,297.0,161.41,2.3
FL11507,2023-06-26,6,Summer,Monday,SkyWing Air,Boeing 777,Leeds Bradford,Alicante,Leeds Bradford → Alicante,1590,22:30,0.0,13.0,158.0,145,On Time,0,245.0,127.95,4.2
FL14630,2023-06-26,6,Summer,Monday,NovaStar,Airbus A320,London Heathrow,New York JFK,London Heathrow → New York JFK,5570,11:15,7.0,22.0,445.0,420,Late Aircraft,0,202.0,359.45,3.4
FL11001,2023-06-27,6,Summer,Tuesday,SkyWing Air,Airbus A380,Leeds Bradford,Alicante,Leeds Bradford → Alicante,1590,06:20,0.0,0.0,150.0,145,On Time,0,153.0,185.11,4.9
FL10661,2023-06-27,6,Summer,Tuesday,NovaStar,Boeing 737,Manchester,Barcelona,Manchester → Barcelona,1440,15:30,10.0,16.0,149.0,130,Security,0,352.0,124.7,3.8
FL14943,2023-06-27,6,Summer,Tuesday,PolarAir,Boeing 777,London Gatwick,Rome Fiumicino,London Gatwick → Rome Fiumicino,1430,05:45,10.0,9.0,146.0,135,Security,0,375.0,158.34,4.4
FL14570,2023-06-28,6,Summer,Wednesday,NovaStar,Airbus A320,London Heathrow,Dubai,London Heathrow → Dubai,5490,12:05,11.0,15.0,434.0,415,Security,0,199.0,382.34,3.5
FL10254,2023-06-28,6,Summer,Wednesday,SkyWing Air,Airbus A320,London Gatwick,Rome Fiumicino,London Gatwick → Rome Fiumicino,1430,09:50,13.0,28.0,161.0,135,Weather,0,83.0,99.74,3.0
FL10077,2023-06-28,6,Summer,Wednesday,CloudJet,Boeing 737,London Heathrow,New York JFK,London Heathrow → New York JFK,5570,22:30,3.0,18.0,448.0,420,Weather,0,289.0,422.35,4.2
FL14038,2023-06-28,6,Summer,Wednesday,PolarAir,Boeing 777,London Gatwick,Rome Fiumicino,London Gatwick → Rome Fiumicino,1430,06:55,11.0,14.0,145.0,135,Late Aircraft,0,320.0,169.39,4.4
FL13694,2023-06-28,6,Summer,Wednesday,NovaStar,Airbus A380,London Heathrow,Toronto Pearson,London Heathrow → Toronto Pearson,5730,07:05,2.0,3.0,437.0,430,Weather,0,259.0,376.31,3.3
FL13413,2023-06-28,6,Summer,Wednesday,CloudJet,Boeing 737,Birmingham,Istanbul,Birmingham → Istanbul,2680,09:25,20.0,22.0,228.0,210,Weather,0,353.0,203.0,
FL14335,2023-06-28,6,Summer,Wednesday,PolarAir,Boeing 777,Edinburgh,Amsterdam,Edinburgh → Amsterdam,700,22:55,5.0,16.0,106.0,85,Late Aircraft,0,268.0,137.94,3.0
FL10977,2023-06-28,6,Summer,Wednesday,NovaStar,Airbus A320,London Heathrow,Singapore Changi,London Heathrow → Singapore Changi,10840,08:25,25.0,21.0,776.0,745,Crew Availability,0,405.0,690.9,3.8
FL12860,2023-06-29,6,Summer,Thursday,CloudJet,Airbus A320,London Stansted,Warsaw Chopin,London Stansted → Warsaw Chopin,1470,15:40,,,,135,Crew Availability,1,254.0,160.91,2.0
FL11638,2023-06-29,6,Summer,Thursday,CloudJet,Airbus A320,London Heathrow,Dubai,London Heathrow → Dubai,5490,21:55,57.0,66.0,484.0,415,Air Traffic Control,0,335.0,418.51,2.4
FL14030,2023-06-29,6,Summer,Thursday,AeroSwift,Boeing 787,London Gatwick,Rome Fiumicino,London Gatwick → Rome Fiumicino,1430,22:00,0.0,0.0,139.0,135,On Time,0,133.0,97.56,4.2
FL10923,2023-06-29,6,Summer,Thursday,CloudJet,Boeing 737,Bristol,Malaga,Bristol → Malaga,1620,09:50,,,,145,Late Aircraft,1,138.0,129.89,2.4
FL13538,2023-06-29,6,Summer,Thursday,CloudJet,Boeing 787,London Heathrow,Dubai,London Heathrow → Dubai,5490,06:35,,,,415,Late Aircraft,1,188.0,401.3,1.3
FL11510,2023-06-29,6,Summer,Thursday,NovaStar,Embraer E190,London Heathrow,New York JFK,London Heathrow → New York JFK,5570,17:45,0.0,5.0,432.0,420,On Time,0,147.0,350.99,4.8
FL14047,2023-06-29,6,Summer,Thursday,SkyWing Air,Airbus A320,Birmingham,Istanbul,Birmingham → Istanbul,2680,08:50,41.0,52.0,267.0,210,Late Aircraft,0,163.0,286.63,2.2
FL12813,2023-06-29,6,Summer,Thursday,Atlantic Wings,Airbus A380,Bristol,Malaga,Bristol → Malaga,1620,09:20,18.0,18.0,173.0,145,Technical,0,394.0,103.8,4.1
FL11831,2023-06-29,6,Summer,Thursday,SkyWing Air,Boeing 787,London Heathrow,Toronto Pearson,London Heathrow → Toronto Pearson,5730,20:15,5.0,19.0,457.0,430,Late Aircraft,0,358.0,559.1,4.0
FL13709,2023-06-29,6,Summer,Thursday,AeroSwift,Airbus A320,London Heathrow,Dubai,London Heathrow → Dubai,5490,11:20,0.0,2.0,414.0,415,On Time,0,332.0,410.99,4.7
FL14785,2023-06-30,6,Summer,Friday,SkyWing Air,Boeing 777,London Heathrow,Dubai,London Heathrow → Dubai,5490,11:35,26.0,40.0,455.0,415,Weather,0,352.0,482.46,3.4
FL10709,2023-06-30,6,Summer,Friday,NovaStar,Boeing 777,London Gatwick,Rome Fiumicino,London Gatwick → Rome Fiumicino,1430,17:35,0.0,0.0,131.0,135,On Time,0,390.0,54.52,4.1
FL12432,2023-06-30,6,Summer,Friday,AeroSwift,Airbus A320,London Heathrow,Singapore Changi,London Heathrow → Singapore Changi,10840,11:20,69.0,65.0,810.0,745,Late Aircraft,0,316.0,693.21,2.6
FL10647,2023-06-30,6,Summer,Friday,AeroSwift,Airbus A320,London Stansted,Warsaw Chopin,London Stansted → Warsaw Chopin,1470,11:55,10.0,11.0,150.0,135,Weather,0,143.0,147.51,4.3
FL11835,2023-06-30,6,Summer,Friday,PolarAir,Boeing 787,London Stansted,Warsaw Chopin,London Stansted → Warsaw Chopin,1470,10:40,54.0,46.0,184.0,135,Late Aircraft,0,164.0,169.55,2.5
FL14781,2023-06-30,6,Summer,Friday,NovaStar,Boeing 787,London Heathrow,Dubai,London Heathrow → Dubai,5490,08:40,26.0,35.0,446.0,415,Air Traffic Control,0,294.0,389.32,3.4
FL12204,2023-07-01,7,Summer,Saturday,SkyWing Air,Boeing 737,Birmingham,Istanbul,Birmingham → Istanbul,2680,17:15,4.0,17.0,232.0,210,Late Aircraft,0,239.0,230.54,3.8
FL10909,2023-07-01,7,Summer,Saturday,PolarAir,Embraer E190,Leeds Bradford,Alicante,Leeds Bradford → Alicante,1590,17:10,8.0,14.0,155.0,145,Weather,0,335.0,155.85,4.3
FL12968,2023-07-01,7,Summer,Saturday,PolarAir,Boeing 787,London Gatwick,Rome Fiumicino,London Gatwick → Rome Fiumicino,1430,17:10,0.0,0.0,130.0,135,On Time,0,78.0,135.26,4.5
FL14225,2023-07-01,7,Summer,Saturday,NovaStar,Boeing 737,Birmingham,Istanbul,Birmingham → Istanbul,2680,09:50,9.0,19.0,236.0,210,Technical,0,338.0,157.42,3.3
FL10870,2023-07-01,7,Summer,Saturday,NovaStar,Boeing 737,London Heathrow,New York JFK,London Heathrow → New York JFK,5570,22:10,5.0,12.0,428.0,420,Weather,0,365.0,412.49,4.2
FL10836,2023-07-01,7,Summer,Saturday,PolarAir,Boeing 777,Glasgow,Dublin,Glasgow → Dublin,220,21:45,4.0,1.0,60.0,50,Technical,0,95.0,49.0,3.0
FL14461,2023-07-01,7,Summer,Saturday,AeroSwift,Airbus A320,Leeds Bradford,Alicante,Leeds Bradford → Alicante,1590,12:10,21.0,20.0,166.0,145,Air Traffic Control,0,182.0,123.19,3.6
FL13002,2023-07-01,7,Summer,Saturday,Atlantic Wings,Embraer E190,Edinburgh,Amsterdam,Edinburgh → Amsterdam,700,05:35,21.0,29.0,111.0,85,Security,0,100.0,78.79,3.8
FL14667,2023-07-01,7,Summer,Saturday,CloudJet,Boeing 737,London Stansted,Warsaw Chopin,London Stansted → Warsaw Chopin,1470,09:30,1.0,12.0,151.0,135,Technical,0,294.0,157.62,4.0
FL14174,2023-07-01,7,Summer,Saturday,Atlantic Wings,Boeing 737,Manchester,Barcelona,Manchester → Barcelona,1440,08:45,31.0,35.0,168.0,130,Crew Availability,0,336.0,155.78,2.6
FL10322,2023-07-01,7,Summer,Saturday,NovaStar,Airbus A320,London Stansted,Warsaw Chopin,London Stansted → Warsaw Chopin,1470,08:55,11.0,21.0,160.0,135,Late Aircraft,0,237.0,67.14,3.7
FL13903,2023-07-01,7,Summer,Saturday,Atlantic Wings,Boeing 737,London Stansted,Warsaw Chopin,London Stansted → Warsaw Chopin,1470,10:35,8.0,19.0,153.0,135,Security,0,327.0,185.71,3.4
FL14408,2023-07-02,7,Summer,Sunday,Atlantic Wings,Boeing 777,London Gatwick,Rome Fiumicino,London Gatwick → Rome Fiumicino,1430,16:40,90.0,91.0,233.0,135,Weather,0,370.0,104.81,3.2
FL13802,2023-07-02,7,Summer,Sunday,AeroSwift,Boeing 737,London Gatwick,Rome Fiumicino,London Gatwick → Rome Fiumicino,1430,08:00,28.0,34.0,165.0,135,Late Aircraft,0,66.0,117.29,3.3
FL13696,2023-07-02,7,Summer,Sunday,SkyWing Air,Boeing 787,Leeds Bradford,Alicante,Leeds Bradford → Alicante,1590,08:00,3.0,14.0,163.0,145,Air Traffic Control,0,367.0,141.21,3.6
FL14320,2023-07-02,7,Summer,Sunday,NovaStar,Boeing 737,London Heathrow,Dubai,London Heathrow → Dubai,5490,08:40,6.0,19.0,441.0,415,Security,0,289.0,387.5,3.4
FL14702,2023-07-02,7,Summer,Sunday,Atlantic Wings,Airbus A320,London Heathrow,New York JFK,London Heathrow → New York JFK,5570,19:25,0.0,0.0,415.0,420,On Time,0,137.0,451.41,4.4
FL13329,2023-07-02,7,Summer,Sunday,AeroSwift,Airbus A320,London Heathrow,New York JFK,London Heathrow → New York JFK,5570,22:00,0.0,0.0,417.0,420,On Time,0,410.0,353.5,3.9
FL10609,2023-07-03,7,Summer,Monday,SkyWing Air,Boeing 787,London Heathrow,Dubai,London Heathrow → Dubai,5490,14:50,0.0,5.0,419.0,415,On Time,0,381.0,426.75,4.7
FL10364,2023-07-03,7,Summer,Monday,PolarAir,Embraer E190,London Stansted,Warsaw Chopin,London Stansted → Warsaw Chopin,1470,11:15,11.0,5.0,145.0,135,Air Traffic Control,0,414.0,139.35,4.0
FL12825,2023-07-03,7,Summer,Monday,NovaStar,Airbus A380,London Heathrow,Toronto Pearson,London Heathrow → Toronto Pearson,5730,17:40,0.0,0.0,429.0,430,On Time,0,333.0,398.44,4.1
FL13438,2023-07-03,7,Summer,Monday,PolarAir,Boeing 737,Edinburgh,Amsterdam,Edinburgh → Amsterdam,700,20:05,0.0,0.0,91.0,85,On Time,0,111.0,71.5,4.7
FL14344,2023-07-03,7,Summer,Monday,NovaStar,Airbus A320,Birmingham,Istanbul,Birmingham → Istanbul,2680,15:30,0.0,15.0,226.0,210,On Time,0,100.0,154.91,4.8
FL10340,2023-07-04,7,Summer,Tuesday,NovaStar,Boeing 777,London Heathrow,Singapore Changi,London Heathrow → Singapore Changi,10840,07:50,0.0,11.0,765.0,745,On Time,0,240.0,731.65,4.9
FL11358,2023-07-04,7,Summer,Tuesday,SkyWing Air,Boeing 737,London Stansted,Warsaw Chopin,London Stansted → Warsaw Chopin,1470,12:30,9.0,6.0,142.0,135,Weather,0,153.0,147.25,3.0
FL11517,2023-07-04,7,Summer,Tuesday,NovaStar,Embraer E190,London Heathrow,New York JFK,London Heathrow → New York JFK,5570,09:30,13.0,20.0,445.0,420,Air Traffic Control,0,111.0,385.34,3.8
FL14249,2023-07-04,7,Summer,Tuesday,AeroSwift,Airbus A320,Bristol,Malaga,Bristol → Malaga,1620,15:20,0.0,13.0,161.0,145,On Time,0,251.0,100.65,4.8
FL12281,2023-07-04,7,Summer,Tuesday,Atlantic Wings,Boeing 737,Bristol,Malaga,Bristol → Malaga,1620,22:10,,,,145,Technical,1,381.0,121.34,
FL10065,2023-07-04,7,Summer,Tuesday,AeroSwift,Boeing 737,Manchester,Barcelona,Manchester → Barcelona,1440,10:30,0.0,0.0,140.0,130,On Time,0,358.0,94.18,
FL14543,2023-07-04,7,Summer,Tuesday,NovaStar,Embraer E190,Leeds Bradford,Alicante,Leeds Bradford → Alicante,1590,10:45,4.0,10.0,164.0,145,Late Aircraft,0,105.0,124.68,3.3
FL14734,2023-07-04,7,Summer,Tuesday,AeroSwift,Airbus A320,London Heathrow,Toronto Pearson,London Heathrow → Toronto Pearson,5730,11:35,17.0,18.0,451.0,430,Security,0,183.0,339.44,4.1
FL12701,2023-07-04,7,Summer,Tuesday,Atlantic Wings,Embraer E190,Edinburgh,Amsterdam,Edinburgh → Amsterdam,700,08:20,2.0,1.0,88.0,85,Air Traffic Control,0,281.0,107.29,3.7
FL12941,2023-07-04,7,Summer,Tuesday,CloudJet,Boeing 777,Glasgow,Dublin,Glasgow → Dublin,220,13:00,57.0,60.0,107.0,50,Late Aircraft,0,245.0,82.0,3.2
FL13866,2023-07-04,7,Summer,Tuesday,NovaStar,Airbus A320,Birmingham,Istanbul,Birmingham → Istanbul,2680,10:20,0.0,0.0,215.0,210,On Time,0,149.0,207.4,4.6
FL11701,2023-07-04,7,Summer,Tuesday,CloudJet,Boeing 777,London Heathrow,New York JFK,London Heathrow → New York JFK,5570,06:50,45.0,60.0,483.0,420,Technical,0,149.0,448.55,2.3
FL14879,2023-07-04,7,Summer,Tuesday,AeroSwift,Embraer E190,London Gatwick,Rome Fiumicino,London Gatwick → Rome Fiumicino,1430,06:30,15.0,29.0,174.0,135,Late Aircraft,0,136.0,159.94,3.7
FL12372,2023-07-04,7,Summer,Tuesday,Atlantic Wings,Airbus A320,Edinburgh,Amsterdam,Edinburgh → Amsterdam,700,22:35,10.0,9.0,100.0,85,Weather,0,356.0,127.07,3.4
FL11195,2023-07-04,7,Summer,Tuesday,AeroSwift,Boeing 777,London Heathrow,Singapore Changi,London Heathrow → Singapore Changi,10840,08:20,0.0,0.0,742.0,745,On Time,0,140.0,719.64,4.4
FL13935,2023-07-05,7,Summer,Wednesday,SkyWing Air,Boeing 777,Bristol,Malaga,Bristol → Malaga,1620,16:40,79.0,80.0,234.0,145,Air Traffic Control,0,206.0,205.19,3.3
FL11392,2023-07-05,7,Summer,Wednesday,SkyWing Air,Airbus A380,Bristol,Malaga,Bristol → Malaga,1620,10:30,0.0,13.0,159.0,145,On Time,0,227.0,164.36,4.7
FL14264,2023-07-05,7,Summer,Wednesday,Atlantic Wings,Boeing 737,Bristol,Malaga,Bristol → Malaga,1620,15:10,4.0,0.0,152.0,145,Late Aircraft,0,,129.61,3.6
FL13590,2023-07-05,7,Summer,Wednesday,AeroSwift,Airbus A320,London Heathrow,Singapore Changi,London Heathrow → Singapore Changi,10840,10:20,7.0,8.0,751.0,745,Security,0,329.0,663.82,4.0
FL14866,2023-07-05,7,Summer,Wednesday,AeroSwift,Airbus A380,Manchester,Barcelona,Manchester → Barcelona,1440,08:30,0.0,0.0,137.0,130,On Time,0,416.0,102.45,4.2
FL12051,2023-07-05,7,Summer,Wednesday,PolarAir,Airbus A380,Bristol,Malaga,Bristol → Malaga,1620,10:40,30.0,34.0,181.0,145,Weather,0,102.0,118.59,
FL12641,2023-07-05,7,Summer,Wednesday,NovaStar,Embraer E190,Glasgow,Dublin,Glasgow → Dublin,220,08:15,5.0,0.0,47.0,50,Weather,0,190.0,53.19,3.9
FL14137,2023-07-06,7,Summer,Thursday,SkyWing Air,Airbus A320,Birmingham,Istanbul,Birmingham → Istanbul,2680,14:25,17.0,25.0,245.0,210,Weather,0,316.0,271.36,3.6
FL10108,2023-07-06,7,Summer,Thursday,AeroSwift,Airbus A380,London Heathrow,Dubai,London Heathrow → Dubai,5490,08:35,15.0,13.0,429.0,415,Weather,0,81.0,343.69,3.5
FL11878,2023-07-06,7,Summer,Thursday,CloudJet,Airbus A320,London Heathrow,New York JFK,London Heathrow → New York JFK,5570,05:25,15.0,22.0,451.0,420,Air Traffic Control,0,264.0,442.18,4.0
FL12307,2023-07-06,7,Summer,Thursday,AeroSwift,Embraer E190,London Stansted,Warsaw Chopin,London Stansted → Warsaw Chopin,1470,14:10,8.0,20.0,154.0,135,Crew Availability,0,196.0,96.19,3.6
FL12741,2023-07-06,7,Summer,Thursday,SkyWing Air,Boeing 777,Manchester,Barcelona,Manchester → Barcelona,1440,22:25,3.0,2.0,141.0,130,Security,0,74.0,114.82,4.2
FL12247,2023-07-06,7,Summer,Thursday,AeroSwift,Boeing 777,London Gatwick,Rome Fiumicino,London Gatwick → Rome Fiumicino,1430,22:20,26.0,28.0,166.0,135,Security,0,356.0,97.57,4.3
FL11499,2023-07-06,7,Summer,Thursday,NovaStar,Boeing 777,London Gatwick,Rome Fiumicino,London Gatwick → Rome Fiumicino,1430,18:45,0.0,6.0,146.0,135,On Time,0,378.0,53.94,5.0
FL14104,2023-07-06,7,Summer,Thursday,PolarAir,Airbus A380,Edinburgh,Amsterdam,Edinburgh → Amsterdam,700,19:00,13.0,26.0,116.0,85,Weather,0,88.0,82.67,4.4
FL10295,2023-07-06,7,Summer,Thursday,NovaStar,Boeing 777,London Heathrow,Toronto Pearson,London Heathrow → Toronto Pearson,5730,21:10,2.0,4.0,431.0,430,Late Aircraft,0,177.0,326.72,3.6
FL14661,2023-07-07,7,Summer,Friday,PolarAir,Airbus A320,Birmingham,Istanbul,Birmingham → Istanbul,2680,12:05,67.0,78.0,288.0,210,Weather,0,250.0,240.4,2.5
FL11952,2023-07-07,7,Summer,Friday,NovaStar,Boeing 777,Glasgow,Dublin,Glasgow → Dublin,220,14:35,,,,50,Air Traffic Control,1,100.0,49.0,2.1
FL13913,2023-07-07,7,Summer,Friday,AeroSwift,Boeing 737,Birmingham,Istanbul,Birmingham → Istanbul,2680,22:40,16.0,14.0,223.0,210,Technical,0,142.0,228.51,3.7
FL11253,2023-07-07,7,Summer,Friday,SkyWing Air,Embraer E190,Bristol,Malaga,Bristol → Malaga,1620,18:15,11.0,26.0,180.0,145,Air Traffic Control,0,191.0,191.14,3.8
FL14701,2023-07-07,7,Summer,Friday,Atlantic Wings,Boeing 737,London Heathrow,Dubai,London Heathrow → Dubai,5490,09:50,10.0,12.0,432.0,415,Technical,0,169.0,492.24,3.9
FL10487,2023-07-07,7,Summer,Friday,SkyWing Air,Airbus A320,Bristol,Malaga,Bristol → Malaga,1620,12:55,0.0,0.0,155.0,145,On Time,0,80.0,217.2,4.3
FL14805,2023-07-07,7,Summer,Friday,Atlantic Wings,Boeing 737,Edinburgh,Amsterdam,Edinburgh → Amsterdam,700,17:40,,,,85,Weather,1,301.0,100.25,2.1
FL12409,2023-07-07,7,Summer,Friday,AeroSwift,Boeing 737,Manchester,Barcelona,Manchester → Barcelona,1440,16:40,8.0,7.0,133.0,130,Air Traffic Control,0,415.0,141.28,3.3
FL11333,2023-07-07,7,Summer,Friday,CloudJet,Boeing 737,London Heathrow,Singapore Changi,London Heathrow → Singapore Changi,10840,09:05,,,,745,Technical,1,399.0,840.87,1.7
FL12622,2023-07-07,7,Summer,Friday,PolarAir,Airbus A320,London Heathrow,New York JFK,London Heathrow → New York JFK,5570,21:45,,,,420,Weather,1,286.0,442.48,1.4
FL13404,2023-07-07,7,Summer,Friday,NovaStar,Boeing 737,Birmingham,Istanbul,Birmingham → Istanbul,2680,17:20,3.0,0.0,215.0,210,Late Aircraft,0,60.0,185.7,4.3
FL14780,2023-07-07,7,Summer,Friday,CloudJet,Boeing 737,Bristol,Malaga,Bristol → Malaga,1620,14:50,17.0,26.0,178.0,145,Security,0,303.0,92.74,4.3
FL12752,2023-07-08,7,Summer,Saturday,CloudJet,Boeing 777,London Gatwick,Rome Fiumicino,London Gatwick → Rome Fiumicino,1430,17:45,21.0,35.0,177.0,135,Late Aircraft,0,419.0,148.91,3.4
FL12853,2023-07-08,7,Summer,Saturday,SkyWing Air,Boeing 787,Leeds Bradford,Alicante,Leeds Bradford → Alicante,1590,06:25,,,,145,Security,1,234.0,193.93,2.4
FL14708,2023-07-08,7,Summer,Saturday,PolarAir,Embraer E190,Birmingham,Istanbul,Birmingham → Istanbul,2680,15:35,,,,210,Weather,1,237.0,214.01,1.6
FL10824,2023-07-08,7,Summer,Saturday,Atlantic Wings,Airbus A380,London Gatwick,Rome Fiumicino,London Gatwick → Rome Fiumicino,1430,20:55,45.0,50.0,186.0,135,Weather,0,352.0,114.81,2.4
FL14270,2023-07-08,7,Summer,Saturday,Atlantic Wings,Embraer E190,Birmingham,Istanbul,Birmingham → Istanbul,2680,11:50,69.0,65.0,270.0,210,Late Aircraft,0,361.0,207.7,2.8
FL14945,2023-07-08,7,Summer,Saturday,PolarAir,Boeing 737,London Heathrow,New York JFK,London Heathrow → New York JFK,5570,12:55,8.0,9.0,426.0,420,Crew Availability,0,181.0,402.45,3.6
FL14025,2023-07-08,7,Summer,Saturday,AeroSwift,Boeing 737,Edinburgh,Amsterdam,Edinburgh → Amsterdam,700,10:45,5.0,13.0,103.0,85,Security,0,406.0,74.07,3.8
FL12300,2023-07-09,7,Summer,Sunday,SkyWing Air,Boeing 777,London Heathrow,Toronto Pearson,London Heathrow → Toronto Pearson,5730,10:15,21.0,33.0,463.0,430,Late Aircraft,0,395.0,440.54,4.5
FL13925,2023-07-09,7,Summer,Sunday,PolarAir,Airbus A320,Manchester,Barcelona,Manchester → Barcelona,1440,15:20,17.0,27.0,162.0,130,Air Traffic Control,0,380.0,145.22,3.0
FL14048,2023-07-09,7,Summer,Sunday,Atlantic Wings,Airbus A320,Manchester,Barcelona,Manchester → Barcelona,1440,13:00,7.0,19.0,145.0,130,Crew Availability,0,76.0,148.33,3.2
FL10227,2023-07-09,7,Summer,Sunday,CloudJet,Airbus A320,London Heathrow,Singapore Changi,London Heathrow → Singapore Changi,10840,10:35,,,,745,Late Aircraft,1,298.0,872.24,1.4
FL12960,2023-07-09,7,Summer,Sunday,PolarAir,Airbus A320,London Heathrow,Toronto Pearson,London Heathrow → Toronto Pearson,5730,08:35,32.0,33.0,469.0,430,Late Aircraft,0,274.0,500.93,3.3
FL10813,2023-07-09,7,Summer,Sunday,AeroSwift,Airbus A320,Edinburgh,Amsterdam,Edinburgh → Amsterdam,700,11:55,19.0,32.0,123.0,85,Security,0,62.0,49.0,3.7
FL14297,2023-07-09,7,Summer,Sunday,CloudJet,Airbus A320,Edinburgh,Amsterdam,Edinburgh → Amsterdam,700,22:50,11.0,25.0,109.0,85,Late Aircraft,0,369.0,49.0,3.2
FL11684,2023-07-09,7,Summer,Sunday,PolarAir,Airbus A320,London Heathrow,Dubai,London Heathrow → Dubai,5490,18:20,77.0,79.0,499.0,415,Technical,0,149.0,422.62,3.1
FL13695,2023-07-09,7,Summer,Sunday,AeroSwift,Boeing 777,London Heathrow,Singapore Changi,London Heathrow → Singapore Changi,10840,07:35,47.0,46.0,786.0,745,Weather,0,183.0,725.83,2.5
FL12680,2023-07-10,7,Summer,Monday,PolarAir,Embraer E190,London Heathrow,Dubai,London Heathrow → Dubai,5490,10:50,16.0,19.0,444.0,415,Air Traffic Control,0,,419.06,3.5
FL13269,2023-07-10,7,Summer,Monday,AeroSwift,Boeing 777,London Heathrow,Dubai,London Heathrow → Dubai,5490,18:45,52.0,58.0,468.0,415,Weather,0,290.0,358.57,3.2
FL13348,2023-07-10,7,Summer,Monday,PolarAir,Boeing 777,Birmingham,Istanbul,Birmingham → Istanbul,2680,20:10,75.0,74.0,294.0,210,Technical,0,151.0,192.14,2.3
FL11877,2023-07-10,7,Summer,Monday,Atlantic Wings,Airbus A320,London Heathrow,New York JFK,London Heathrow → New York JFK,5570,19:40,2.0,14.0,433.0,420,Weather,0,383.0,479.95,4.4
FL13635,2023-07-10,7,Summer,Monday,PolarAir,Boeing 777,London Heathrow,Singapore Changi,London Heathrow → Singapore Changi,10840,21:10,,,,745,Weather,1,340.0,773.08,2.0
FL11013,2023-07-10,7,Summer,Monday,AeroSwift,Airbus A320,London Heathrow,Singapore Changi,London Heathrow → Singapore Changi,10840,09:40,42.0,36.0,777.0,745,Security,0,353.0,752.32,3.0
FL10810,2023-07-10,7,Summer,Monday,SkyWing Air,Embraer E190,Bristol,Malaga,Bristol → Malaga,1620,13:35,12.0,26.0,178.0,145,Late Aircraft,0,302.0,118.58,4.3
FL12242,2023-07-10,7,Summer,Monday,AeroSwift,Airbus A320,London Stansted,Warsaw Chopin,London Stansted → Warsaw Chopin,1470,20:40,8.0,14.0,153.0,135,Weather,0,290.0,65.58,3.3
FL10899,2023-07-10,7,Summer,Monday,NovaStar,Airbus A320,London Stansted,Warsaw Chopin,London Stansted → Warsaw Chopin,1470,22:45,13.0,17.0,155.0,135,Crew Availability,0,246.0,81.85,4.2
FL12110,2023-07-10,7,Summer,Monday,NovaStar,Boeing 777,Bristol,Malaga,Bristol → Malaga,1620,15:00,20.0,25.0,175.0,145,Weather,0,416.0,119.03,4.3
FL13703,2023-07-10,7,Summer,Monday,CloudJet,Boeing 787,London Heathrow,Dubai,London Heathrow → Dubai,5490,21:20,97.0,93.0,504.0,415,Late Aircraft,0,309.0,433.17,1.7
FL13096,2023-07-10,7,Summer,Monday,Atlantic Wings,Boeing 737,London Stansted,Warsaw Chopin,London Stansted → Warsaw Chopin,1470,15:30,54.0,56.0,197.0,135,Crew Availability,0,248.0,205.26,3.1
FL11551,2023-07-11,7,Summer,Tuesday,CloudJet,Boeing 737,London Heathrow,Singapore Changi,London Heathrow → Singapore Changi,10840,21:05,30.0,38.0,779.0,745,Technical,0,327.0,882.15,4.4
FL13337,2023-07-11,7,Summer,Tuesday,CloudJet,Boeing 777,London Heathrow,Singapore Changi,London Heathrow → Singapore Changi,10840,15:25,0.0,4.0,744.0,745,On Time,0,210.0,870.73,4.4
FL11215,2023-07-11,7,Summer,Tuesday,SkyWing Air,Boeing 737,Manchester,Barcelona,Manchester → Barcelona,1440,14:10,42.0,48.0,188.0,130,Late Aircraft,0,415.0,101.36,3.0
FL12509,2023-07-11,7,Summer,Tuesday,NovaStar,Boeing 737,London Heathrow,New York JFK,London Heathrow → New York JFK,5570,07:55,32.0,31.0,446.0,420,Technical,0,244.0,377.59,2.2
FL14599,2023-07-11,7,Summer,Tuesday,AeroSwift,Boeing 737,London Heathrow,Singapore Changi,London Heathrow → Singapore Changi,10840,06:00,4.0,12.0,761.0,745,Security,0,397.0,701.08,3.3
FL10110,2023-07-11,7,Summer,Tuesday,PolarAir,Airbus A320,Leeds Bradford,Alicante,Leeds Bradford → Alicante,1590,16:40,27.0,21.0,174.0,145,Crew Availability,0,100.0,180.92,3.6
FL12202,2023-07-11,7,Summer,Tuesday,SkyWing Air,Airbus A320,London Heathrow,Toronto Pearson,London Heathrow → Toronto Pearson,5730,06:00,11.0,19.0,446.0,430,Late Aircraft,0,62.0,430.25,3.8
FL13130,2023-07-11,7,Summer,Tuesday,CloudJet,Boeing 737,Glasgow,Dublin,Glasgow → Dublin,220,21:50,126.0,135.0,192.0,50,Late Aircraft,0,266.0,49.0,1.3
FL13965,2023-07-11,7,Summer,Tuesday,AeroSwift,Airbus A320,London Heathrow,Dubai,London Heathrow → Dubai,5490,14:00,36.0,39.0,455.0,415,Technical,0,320.0,415.76,3.2
FL10806,2023-07-12,7,Summer,Wednesday,CloudJet,Boeing 737,Edinburgh,Amsterdam,Edinburgh → Amsterdam,700,08:20,0.0,6.0,94.0,85,On Time,0,107.0,74.06,4.4
FL12898,2023-07-12,7,Summer,Wednesday,SkyWing Air,Boeing 787,London Heathrow,Toronto Pearson,London Heathrow → Toronto Pearson,5730,15:00,44.0,56.0,484.0,430,Weather,0,379.0,565.77,2.8
FL12893,2023-07-12,7,Summer,Wednesday,AeroSwift,Boeing 777,London Heathrow,New York JFK,London Heathrow → New York JFK,5570,05:10,17.0,17.0,433.0,420,Air Traffic Control,0,341.0,406.07,4.5
FL10216,2023-07-12,7,Summer,Wednesday,PolarAir,Airbus A320,Glasgow,Dublin,Glasgow → Dublin,220,13:35,,,,50,Weather,1,179.0,49.0,1.9
FL14185,2023-07-12,7,Summer,Wednesday,NovaStar,Embraer E190,Birmingham,Istanbul,Birmingham → Istanbul,2680,08:05,13.0,27.0,240.0,210,Late Aircraft,0,188.0,212.92,3.8
FL14053,2023-07-13,7,Summer,Thursday,Atlantic Wings,Boeing 737,Leeds Bradford,Alicante,Leeds Bradford → Alicante,1590,12:20,84.0,95.0,238.0,145,Air Traffic Control,0,245.0,159.98,3.4
FL14091,2023-07-13,7,Summer,Thursday,NovaStar,Airbus A320,London Heathrow,Singapore Changi,London Heathrow → Singapore Changi,10840,11:25,12.0,26.0,769.0,745,Air Traffic Control,0,287.0,698.38,4.2
FL14568,2023-07-13,7,Summer,Thursday,PolarAir,Boeing 777,London Heathrow,Singapore Changi,London Heathrow → Singapore Changi,10840,19:45,2.0,13.0,757.0,745,Air Traffic Control,0,313.0,822.72,3.8
FL12376,2023-07-13,7,Summer,Thursday,Atlantic Wings,Airbus A380,London Heathrow,New York JFK,London Heathrow → New York JFK,5570,20:45,,,,420,Air Traffic Control,1,109.0,451.59,1.9
FL12547,2023-07-13,7,Summer,Thursday,Atlantic Wings,Airbus A380,Edinburgh,Amsterdam,Edinburgh → Amsterdam,700,06:00,153.0,167.0,249.0,85,Security,0,306.0,121.32,1.1
FL11518,2023-07-13,7,Summer,Thursday,AeroSwift,Airbus A380,London Gatwick,Rome Fiumicino,London Gatwick → Rome Fiumicino,1430,08:00,2.0,3.0,140.0,135,Security,0,287.0,116.17,3.5
FL12066,2023-07-13,7,Summer,Thursday,PolarAir,Boeing 777,London Stansted,Warsaw Chopin,London Stansted → Warsaw Chopin,1470,17:25,28.0,37.0,168.0,135,Air Traffic Control,0,155.0,177.29,3.3
FL13601,2023-07-13,7,Summer,Thursday,NovaStar,Embraer E190,Bristol,Malaga,Bristol → Malaga,1620,06:30,41.0,47.0,199.0,145,Technical,0,278.0,152.89,3.1
FL13268,2023-07-13,7,Summer,Thursday,CloudJet,Boeing 737,London Heathrow,Dubai,London Heathrow → Dubai,5490,06:35,42.0,44.0,458.0,415,Air Traffic Control,0,206.0,482.59,2.7
FL13388,2023-07-13,7,Summer,Thursday,CloudJet,Boeing 787,London Gatwick,Rome Fiumicino,London Gatwick → Rome Fiumicino,1430,17:35,4.0,12.0,149.0,135,Late Aircraft,0,363.0,135.16,4.5
FL10625,2023-07-14,7,Summer,Friday,Atlantic Wings,Airbus A380,London Heathrow,New York JFK,London Heathrow → New York JFK,5570,14:55,19.0,22.0,438.0,420,Technical,0,370.0,456.34,3.7
FL12208,2023-07-14,7,Summer,Friday,PolarAir,Embraer E190,London Heathrow,Toronto Pearson,London Heathrow → Toronto Pearson,5730,06:25,,,,430,Air Traffic Control,1,232.0,415.44,1.2
FL10586,2023-07-14,7,Summer,Friday,SkyWing Air,Embraer E190,London Heathrow,New York JFK,London Heathrow → New York JFK,5570,19:55,29.0,36.0,464.0,420,Late Aircraft,0,262.0,464.03,4.5
FL14972,2023-07-14,7,Summer,Friday,SkyWing Air,Boeing 777,Manchester,Barcelona,Manchester → Barcelona,1440,10:50,,,,130,Air Traffic Control,1,317.0,86.94,1.7
FL14382,2023-07-14,7,Summer,Friday,Atlantic Wings,Boeing 777,London Heathrow,Toronto Pearson,London Heathrow → Toronto Pearson,5730,06:05,113.0,124.0,560.0,430,Late Aircraft,0,320.0,524.09,1.6
FL14764,2023-07-14,7,Summer,Friday,SkyWing Air,Airbus A320,London Heathrow,Toronto Pearson,London Heathrow → Toronto Pearson,5730,13:00,17.0,10.0,440.0,430,Security,0,407.0,467.11,4.1
FL13370,2023-07-14,7,Summer,Friday,SkyWing Air,Boeing 737,Edinburgh,Amsterdam,Edinburgh → Amsterdam,700,15:45,68.0,75.0,161.0,85,Security,0,218.0,68.89,2.3
FL14850,2023-07-15,7,Summer,Saturday,NovaStar,Boeing 737,London Gatwick,Rome Fiumicino,London Gatwick → Rome Fiumicino,1430,08:40,1.0,0.0,134.0,135,Air Traffic Control,0,106.0,77.07,3.3
FL10059,2023-07-15,7,Summer,Saturday,NovaStar,Airbus A380,Glasgow,Dublin,Glasgow → Dublin,220,20:10,4.0,4.0,59.0,50,Late Aircraft,0,319.0,49.0,3.4
FL14228,2023-07-16,7,Summer,Sunday,PolarAir,Embraer E190,Manchester,Barcelona,Manchester → Barcelona,1440,21:15,131.0,143.0,270.0,130,Technical,0,417.0,60.75,1.2
FL13238,2023-07-16,7,Summer,Sunday,Atlantic Wings,Airbus A320,London Stansted,Warsaw Chopin,London Stansted → Warsaw Chopin,1470,13:20,45.0,56.0,187.0,135,Weather,0,150.0,114.05,2.3
FL11482,2023-07-16,7,Summer,Sunday,Atlantic Wings,Airbus A380,London Heathrow,Toronto Pearson,London Heathrow → Toronto Pearson,5730,18:30,82.0,97.0,536.0,430,Late Aircraft,0,315.0,460.43,3.1
FL13299,2023-07-16,7,Summer,Sunday,PolarAir,Airbus A320,Glasgow,Dublin,Glasgow → Dublin,220,13:20,0.0,1.0,58.0,50,On Time,0,146.0,49.0,4.0
FL13582,2023-07-16,7,Summer,Sunday,Atlantic Wings,Boeing 737,Glasgow,Dublin,Glasgow → Dublin,220,05:15,136.0,135.0,187.0,50,Weather,0,110.0,49.0,2.5
FL13218,2023-07-16,7,Summer,Sunday,CloudJet,Airbus A320,Leeds Bradford,Alicante,Leeds Bradford → Alicante,1590,08:00,65.0,70.0,215.0,145,Air Traffic Control,0,305.0,184.48,2.4
FL10504,2023-07-16,7,Summer,Sunday,PolarAir,Airbus A320,Birmingham,Istanbul,Birmingham → Istanbul,2680,17:40,37.0,50.0,269.0,210,Air Traffic Control,0,127.0,240.45,3.3
FL14309,2023-07-16,7,Summer,Sunday,Atlantic Wings,Boeing 777,London Heathrow,Dubai,London Heathrow → Dubai,5490,12:40,18.0,22.0,437.0,415,Air Traffic Control,0,303.0,477.99,3.9
FL11892,2023-07-16,7,Summer,Sunday,SkyWing Air,Airbus A380,London Heathrow,Dubai,London Heathrow → Dubai,5490,22:25,26.0,38.0,452.0,415,Crew Availability,0,148.0,430.54,4.4
FL12149,2023-07-17,7,Summer,Monday,AeroSwift,Boeing 777,Edinburgh,Amsterdam,Edinburgh → Amsterdam,700,14:00,26.0,25.0,113.0,85,Late Aircraft,0,284.0,49.0,3.5
FL14848,2023-07-17,7,Summer,Monday,Atlantic Wings,Airbus A320,London Stansted,Warsaw Chopin,London Stansted → Warsaw Chopin,1470,07:25,,,,135,Weather,1,150.0,174.48,1.0
FL10945,2023-07-17,7,Summer,Monday,PolarAir,Airbus A380,Edinburgh,Amsterdam,Edinburgh → Amsterdam,700,11:35,12.0,9.0,98.0,85,Late Aircraft,0,406.0,109.55,3.9
FL10339,2023-07-17,7,Summer,Monday,NovaStar,Boeing 737,London Heathrow,Toronto Pearson,London Heathrow → Toronto Pearson,5730,08:50,0.0,9.0,447.0,430,On Time,0,114.0,395.53,4.7
FL11620,2023-07-17,7,Summer,Monday,Atlantic Wings,Airbus A320,London Heathrow,New York JFK,London Heathrow → New York JFK,5570,05:10,10.0,8.0,425.0,420,Crew Availability,0,250.0,535.69,3.1
FL10333,2023-07-17,7,Summer,Monday,SkyWing Air,Airbus A320,Leeds Bradford,Alicante,Leeds Bradford → Alicante,1590,12:55,17.0,10.0,164.0,145,Late Aircraft,0,346.0,163.77,3.4
FL11466,2023-07-18,7,Summer,Tuesday,AeroSwift,Embraer E190,Edinburgh,Amsterdam,Edinburgh → Amsterdam,700,05:10,0.0,0.0,92.0,85,On Time,0,359.0,111.83,3.8
FL11070,2023-07-18,7,Summer,Tuesday,AeroSwift,Airbus A380,London Heathrow,Dubai,London Heathrow → Dubai,5490,12:55,0.0,0.0,418.0,415,On Time,0,360.0,370.23,4.0
FL13028,2023-07-19,7,Summer,Wednesday,SkyWing Air,Airbus A320,London Heathrow,Singapore Changi,London Heathrow → Singapore Changi,10840,10:00,13.0,22.0,763.0,745,Technical,0,176.0,899.05,3.8
FL12948,2023-07-19,7,Summer,Wednesday,PolarAir,Embraer E190,London Stansted,Warsaw Chopin,London Stansted → Warsaw Chopin,1470,10:40,25.0,25.0,158.0,135,Air Traffic Control,0,407.0,123.08,4.2
FL11656,2023-07-19,7,Summer,Wednesday,SkyWing Air,Boeing 787,Manchester,Barcelona,Manchester → Barcelona,1440,14:30,2.0,14.0,149.0,130,Crew Availability,0,416.0,131.18,3.0
FL14447,2023-07-19,7,Summer,Wednesday,PolarAir,Airbus A380,Birmingham,Istanbul,Birmingham → Istanbul,2680,16:30,18.0,18.0,236.0,210,Late Aircraft,0,270.0,273.29,3.5
FL11112,2023-07-19,7,Summer,Wednesday,AeroSwift,Boeing 737,Edinburgh,Amsterdam,Edinburgh → Amsterdam,700,22:15,11.0,7.0,99.0,85,Late Aircraft,0,348.0,98.71,3.8
FL11867,2023-07-20,7,Summer,Thursday,NovaStar,Embraer E190,London Heathrow,Dubai,London Heathrow → Dubai,5490,11:30,1.0,0.0,415.0,415,Crew Availability,0,219.0,332.27,4.4
FL14150,2023-07-20,7,Summer,Thursday,NovaStar,Boeing 777,London Heathrow,Singapore Changi,London Heathrow → Singapore Changi,10840,10:20,0.0,14.0,754.0,745,On Time,0,401.0,693.39,4.3
FL10743,2023-07-20,7,Summer,Thursday,NovaStar,Embraer E190,London Stansted,Warsaw Chopin,London Stansted → Warsaw Chopin,1470,13:50,0.0,0.0,145.0,135,On Time,0,86.0,82.92,4.3
FL13901,2023-07-20,7,Summer,Thursday,NovaStar,Boeing 737,London Heathrow,Toronto Pearson,London Heathrow → Toronto Pearson,5730,08:15,0.0,0.0,431.0,430,On Time,0,249.0,360.36,4.1
FL12142,2023-07-20,7,Summer,Thursday,Atlantic Wings,Boeing 787,Bristol,Malaga,Bristol → Malaga,1620,14:40,0.0,0.0,141.0,145,On Time,0,221.0,175.37,4.7
FL10608,2023-07-20,7,Summer,Thursday,Atlantic Wings,Boeing 737,London Heathrow,Toronto Pearson,London Heathrow → Toronto Pearson,5730,13:55,12.0,7.0,436.0,430,Crew Availability,0,252.0,498.0,4.4
FL12067,2023-07-20,7,Summer,Thursday,AeroSwift,Boeing 737,Bristol,Malaga,Bristol → Malaga,1620,13:55,28.0,30.0,179.0,145,Weather,0,379.0,104.1,3.7
FL11973,2023-07-21,7,Summer,Friday,CloudJet,Airbus A380,Edinburgh,Amsterdam,Edinburgh → Amsterdam,700,15:30,0.0,0.0,90.0,85,On Time,0,168.0,105.19,4.7
FL13179,2023-07-21,7,Summer,Friday,CloudJet,Boeing 777,London Heathrow,New York JFK,London Heathrow → New York JFK,5570,14:00,0.0,5.0,427.0,420,On Time,0,172.0,483.2,4.2
FL11516,2023-07-21,7,Summer,Friday,PolarAir,Airbus A320,Manchester,Barcelona,Manchester → Barcelona,1440,16:50,65.0,73.0,213.0,130,Air Traffic Control,0,275.0,151.99,3.3
FL13752,2023-07-22,7,Summer,Saturday,SkyWing Air,Boeing 777,London Gatwick,Rome Fiumicino,London Gatwick → Rome Fiumicino,1430,06:10,25.0,35.0,168.0,135,Late Aircraft,0,324.0,90.58,4.0
FL13528,2023-07-22,7,Summer,Saturday,Atlantic Wings,Boeing 787,Leeds Bradford,Alicante,Leeds Bradford → Alicante,1590,21:00,124.0,137.0,290.0,145,Weather,0,263.0,209.53,1.6
FL13068,2023-07-22,7,Summer,Saturday,CloudJet,Airbus A320,Leeds Bradford,Alicante,Leeds Bradford → Alicante,1590,05:35,26.0,37.0,178.0,145,Weather,0,303.0,138.14,3.3
FL10789,2023-07-22,7,Summer,Saturday,PolarAir,Boeing 737,London Heathrow,Dubai,London Heathrow → Dubai,5490,13:30,5.0,17.0,442.0,415,Security,0,131.0,431.77,4.1
FL11515,2023-07-22,7,Summer,Saturday,PolarAir,Boeing 737,London Heathrow,Dubai,London Heathrow → Dubai,5490,21:45,37.0,51.0,474.0,415,Weather,0,213.0,380.72,2.2
FL14227,2023-07-22,7,Summer,Saturday,CloudJet,Boeing 737,London Stansted,Warsaw Chopin,London Stansted → Warsaw Chopin,1470,21:30,59.0,62.0,202.0,135,Crew Availability,0,312.0,103.0,2.7
FL11651,2023-07-22,7,Summer,Saturday,AeroSwift,,Birmingham,Istanbul,Birmingham → Istanbul,2680,07:20,0.0,10.0,229.0,210,On Time,0,329.0,188.03,4.4
FL12549,2023-07-23,7,Summer,Sunday,SkyWing Air,Airbus A320,Edinburgh,Amsterdam,Edinburgh → Amsterdam,700,19:40,18.0,33.0,115.0,85,Technical,0,76.0,130.98,3.9
FL10031,2023-07-23,7,Summer,Sunday,AeroSwift,Boeing 737,London Heathrow,New York JFK,London Heathrow → New York JFK,5570,18:35,3.0,0.0,428.0,420,Late Aircraft,0,382.0,387.26,3.9
FL10252,2023-07-23,7,Summer,Sunday,NovaStar,Airbus A380,Edinburgh,Amsterdam,Edinburgh → Amsterdam,700,14:40,0.0,3.0,96.0,85,On Time,0,211.0,81.58,4.0
FL10677,2023-07-23,7,Summer,Sunday,SkyWing Air,Boeing 777,Leeds Bradford,Alicante,Leeds Bradford → Alicante,1590,09:45,0.0,13.0,163.0,145,On Time,0,67.0,132.58,4.0
FL12981,2023-07-23,7,Summer,Sunday,Atlantic Wings,Airbus A320,London Gatwick,Rome Fiumicino,London Gatwick → Rome Fiumicino,1430,11:10,,,,135,Security,1,384.0,97.58,1.0
FL10009,2023-07-23,7,Summer,Sunday,AeroSwift,Airbus A380,Birmingham,Istanbul,Birmingham → Istanbul,2680,11:40,1.0,9.0,224.0,210,Weather,0,310.0,242.97,3.0
FL14052,2023-07-23,7,Summer,Sunday,NovaStar,Embraer E190,London Heathrow,Toronto Pearson,London Heathrow → Toronto Pearson,5730,10:10,,,,430,Air Traffic Control,1,101.0,419.62,2.3
FL10896,2023-07-23,7,Summer,Sunday,SkyWing Air,Airbus A380,London Heathrow,Dubai,London Heathrow → Dubai,5490,17:50,0.0,0.0,414.0,415,On Time,0,234.0,477.62,4.4
FL12379,2023-07-23,7,Summer,Sunday,Atlantic Wings,Boeing 737,Manchester,Barcelona,Manchester → Barcelona,1440,19:40,18.0,26.0,165.0,130,Weather,0,92.0,198.25,4.3
FL13492,2023-07-23,7,Summer,Sunday,NovaStar,Boeing 737,Leeds Bradford,Alicante,Leeds Bradford → Alicante,1590,11:55,0.0,15.0,157.0,145,On Time,0,271.0,122.63,4.4
FL13508,2023-07-23,7,Summer,Sunday,SkyWing Air,Airbus A320,London Heathrow,New York JFK,London Heathrow → New York JFK,5570,08:20,10.0,23.0,453.0,420,Late Aircraft,0,300.0,448.81,4.4
FL10635,2023-07-24,7,Summer,Monday,SkyWing Air,Airbus A320,London Heathrow,New York JFK,London Heathrow → New York JFK,5570,17:40,19.0,31.0,453.0,420,Technical,0,232.0,422.95,3.6
FL13300,2023-07-24,7,Summer,Monday,NovaStar,Boeing 787,London Heathrow,Toronto Pearson,London Heathrow → Toronto Pearson,5730,07:55,3.0,15.0,450.0,430,Weather,0,374.0,408.34,3.6
FL10931,2023-07-24,7,Summer,Monday,AeroSwift,Boeing 777,Birmingham,Istanbul,Birmingham → Istanbul,2680,17:10,11.0,19.0,229.0,210,Late Aircraft,0,286.0,161.41,3.0
FL11447,2023-07-25,7,Summer,Tuesday,AeroSwift,Airbus A380,London Stansted,Warsaw Chopin,London Stansted → Warsaw Chopin,1470,21:50,0.0,3.0,135.0,135,On Time,0,124.0,166.19,
FL11184,2023-07-25,7,Summer,Tuesday,NovaStar,Boeing 737,London Heathrow,Singapore Changi,London Heathrow → Singapore Changi,10840,07:35,0.0,5.0,757.0,745,On Time,0,283.0,670.13,4.8
FL12656,2023-07-25,7,Summer,Tuesday,SkyWing Air,Airbus A380,London Heathrow,Singapore Changi,London Heathrow → Singapore Changi,10840,21:35,3.0,0.0,740.0,745,Late Aircraft,0,284.0,870.24,3.2
FL14838,2023-07-25,7,Summer,Tuesday,CloudJet,Airbus A320,Manchester,Barcelona,Manchester → Barcelona,1440,09:45,7.0,12.0,146.0,130,Technical,0,190.0,84.2,3.4
FL12282,2023-07-25,7,Summer,Tuesday,SkyWing Air,Boeing 787,London Heathrow,Toronto Pearson,London Heathrow → Toronto Pearson,5730,07:10,23.0,37.0,466.0,430,Late Aircraft,0,88.0,550.96,3.5
FL11512,2023-07-25,7,Summer,Tuesday,NovaStar,Boeing 737,London Stansted,Warsaw Chopin,London Stansted → Warsaw Chopin,1470,10:10,25.0,31.0,163.0,135,Weather,0,363.0,151.12,3.3
FL12434,2023-07-26,7,Summer,Wednesday,NovaStar,Boeing 737,London Gatwick,Rome Fiumicino,London Gatwick → Rome Fiumicino,1430,17:55,0.0,4.0,148.0,135,On Time,0,191.0,117.29,5.0
FL12135,2023-07-26,7,Summer,Wednesday,AeroSwift,Airbus A380,London Stansted,Warsaw Chopin,London Stansted → Warsaw Chopin,1470,22:45,4.0,1.0,144.0,135,Late Aircraft,0,339.0,69.16,3.6
FL14560,2023-07-26,7,Summer,Wednesday,AeroSwift,Boeing 737,London Heathrow,New York JFK,London Heathrow → New York JFK,5570,13:55,0.0,15.0,442.0,420,On Time,0,228.0,325.66,4.9
FL13502,2023-07-26,7,Summer,Wednesday,SkyWing Air,Boeing 737,London Heathrow,Singapore Changi,London Heathrow → Singapore Changi,10840,20:10,,,,745,Security,1,375.0,927.47,1.2
FL14686,2023-07-26,7,Summer,Wednesday,CloudJet,Boeing 737,London Heathrow,Toronto Pearson,London Heathrow → Toronto Pearson,5730,08:50,109.0,109.0,543.0,430,Technical,0,79.0,451.74,2.5
FL14492,2023-07-27,7,Summer,Thursday,PolarAir,Boeing 737,Edinburgh,Amsterdam,Edinburgh → Amsterdam,700,17:10,0.0,13.0,102.0,85,On Time,0,86.0,74.55,4.4
FL11760,2023-07-27,7,Summer,Thursday,NovaStar,Boeing 777,Bristol,Malaga,Bristol → Malaga,1620,21:20,24.0,19.0,162.0,145,Security,0,217.0,101.08,3.2
FL14445,2023-07-27,7,Summer,Thursday,Atlantic Wings,Embraer E190,Manchester,Barcelona,Manchester → Barcelona,1440,06:10,11.0,16.0,146.0,130,Late Aircraft,0,133.0,209.58,3.7
FL10413,2023-07-27,7,Summer,Thursday,PolarAir,Embraer E190,Birmingham,Istanbul,Birmingham → Istanbul,2680,07:55,124.0,126.0,335.0,210,Weather,0,224.0,263.29,2.3
FL13232,2023-07-28,7,Summer,Friday,CloudJet,Embraer E190,London Heathrow,Dubai,London Heathrow → Dubai,5490,11:15,13.0,27.0,446.0,415,Late Aircraft,0,163.0,369.66,3.9
FL11680,2023-07-28,7,Summer,Friday,AeroSwift,Boeing 737,Leeds Bradford,Alicante,Leeds Bradford → Alicante,1590,17:50,6.0,0.0,149.0,145,Technical,0,297.0,88.73,4.0
FL11364,2023-07-28,7,Summer,Friday,AeroSwift,Airbus A320,Bristol,Malaga,Bristol → Malaga,1620,15:55,7.0,9.0,152.0,145,Crew Availability,0,383.0,168.71,4.4
FL12193,2023-07-28,7,Summer,Friday,PolarAir,Airbus A320,London Heathrow,Toronto Pearson,London Heathrow → Toronto Pearson,5730,13:50,10.0,7.0,444.0,430,Air Traffic Control,0,396.0,423.48,4.2
FL12904,2023-07-28,7,Summer,Friday,NovaStar,Airbus A320,London Heathrow,New York JFK,London Heathrow → New York JFK,5570,06:00,12.0,10.0,426.0,420,Late Aircraft,0,284.0,364.58,3.1
FL11006,2023-07-28,7,Summer,Friday,NovaStar,Boeing 737,London Stansted,Warsaw Chopin,London Stansted → Warsaw Chopin,1470,07:10,1.0,16.0,154.0,135,Security,0,308.0,81.64,3.2
FL12738,2023-07-28,7,Summer,Friday,NovaStar,Embraer E190,Glasgow,Dublin,Glasgow → Dublin,220,12:55,0.0,6.0,56.0,50,On Time,0,202.0,49.0,4.8
FL14043,2023-07-29,7,Summer,Saturday,Atlantic Wings,Airbus A320,Glasgow,Dublin,Glasgow → Dublin,220,07:25,28.0,37.0,83.0,50,Air Traffic Control,0,140.0,49.0,4.3
FL13144,2023-07-29,7,Summer,Saturday,Atlantic Wings,Airbus A320,London Stansted,Warsaw Chopin,London Stansted → Warsaw Chopin,1470,07:50,20.0,15.0,153.0,135,Air Traffic Control,0,95.0,183.75,3.5
FL14757,2023-07-29,7,Summer,Saturday,NovaStar,Airbus A320,London Heathrow,Singapore Changi,London Heathrow → Singapore Changi,10840,05:05,0.0,15.0,769.0,745,On Time,0,340.0,666.69,4.6
FL12546,2023-07-29,7,Summer,Saturday,CloudJet,Boeing 737,London Heathrow,Singapore Changi,London Heathrow → Singapore Changi,10840,08:40,0.0,8.0,763.0,745,On Time,0,156.0,840.17,4.3
FL12299,2023-07-29,7,Summer,Saturday,AeroSwift,Boeing 737,London Heathrow,New York JFK,London Heathrow → New York JFK,5570,07:20,0.0,11.0,432.0,420,On Time,0,411.0,334.6,4.6
FL14296,2023-07-29,7,Summer,Saturday,CloudJet,Boeing 777,Birmingham,Istanbul,Birmingham → Istanbul,2680,08:45,22.0,28.0,235.0,210,Technical,0,161.0,168.7,4.0
FL12044,2023-07-29,7,Summer,Saturday,NovaStar,Boeing 787,London Heathrow,Dubai,London Heathrow → Dubai,5490,06:45,3.0,12.0,425.0,415,Weather,0,272.0,336.14,4.1
FL12997,2023-07-29,7,Summer,Saturday,Atlantic Wings,Boeing 737,London Heathrow,Singapore Changi,London Heathrow → Singapore Changi,10840,19:30,91.0,99.0,849.0,745,Crew Availability,0,345.0,899.75,2.0
FL13947,2023-07-29,7,Summer,Saturday,AeroSwift,Embraer E190,London Heathrow,Dubai,London Heathrow → Dubai,5490,09:50,105.0,116.0,538.0,415,Late Aircraft,0,,347.83,1.2
FL13858,2023-07-29,7,Summer,Saturday,SkyWing Air,Boeing 787,Manchester,Barcelona,Manchester → Barcelona,1440,16:25,7.0,6.0,138.0,130,Weather,0,72.0,170.5,4.5
FL11807,2023-07-29,7,Summer,Saturday,Atlantic Wings,Boeing 737,Edinburgh,Amsterdam,Edinburgh → Amsterdam,700,22:50,22.0,28.0,111.0,85,Late Aircraft,0,410.0,78.08,3.4
FL13505,2023-07-30,7,Summer,Sunday,SkyWing Air,Boeing 737,London Heathrow,Dubai,London Heathrow → Dubai,5490,22:30,66.0,80.0,500.0,415,Security,0,219.0,442.67,3.4
FL12191,2023-07-30,7,Summer,Sunday,NovaStar,Boeing 787,London Heathrow,Toronto Pearson,London Heathrow → Toronto Pearson,5730,06:15,5.0,5.0,440.0,430,Security,0,365.0,355.15,3.4
FL14208,2023-07-30,7,Summer,Sunday,PolarAir,Boeing 737,Edinburgh,Amsterdam,Edinburgh → Amsterdam,700,17:00,,,,85,Crew Availability,1,63.0,49.0,1.4
FL10299,2023-07-30,7,Summer,Sunday,Atlantic Wings,Airbus A320,Birmingham,Istanbul,Birmingham → Istanbul,2680,08:05,0.0,12.0,225.0,210,On Time,0,193.0,226.89,4.8
FL12056,2023-07-30,7,Summer,Sunday,AeroSwift,Airbus A380,London Heathrow,Singapore Changi,London Heathrow → Singapore Changi,10840,20:45,1.0,0.0,746.0,745,Weather,0,199.0,707.09,3.7
FL10566,2023-07-30,7,Summer,Sunday,CloudJet,Embraer E190,London Heathrow,Singapore Changi,London Heathrow → Singapore Changi,10840,08:50,25.0,36.0,785.0,745,Security,0,360.0,854.5,3.3
FL14153,2023-07-31,7,Summer,Monday,NovaStar,Airbus A320,Bristol,Malaga,Bristol → Malaga,1620,16:35,11.0,15.0,168.0,145,Air Traffic Control,0,211.0,120.49,4.5
FL14369,2023-07-31,7,Summer,Monday,SkyWing Air,Airbus A380,London Heathrow,New York JFK,London Heathrow → New York JFK,5570,12:00,0.0,12.0,432.0,420,On Time,0,318.0,511.35,4.5
FL11921,2023-07-31,7,Summer,Monday,NovaStar,Boeing 777,London Heathrow,Toronto Pearson,London Heathrow → Toronto Pearson,5730,09:05,8.0,6.0,444.0,430,Late Aircraft,0,322.0,354.09,3.5
FL10356,2023-07-31,7,Summer,Monday,Atlantic Wings,Boeing 777,Manchester,Barcelona,Manchester → Barcelona,1440,09:50,31.0,27.0,156.0,130,Air Traffic Control,0,280.0,184.11,3.5
FL13717,2023-07-31,7,Summer,Monday,AeroSwift,Boeing 787,London Stansted,Warsaw Chopin,London Stansted → Warsaw Chopin,1470,15:35,28.0,36.0,176.0,135,Air Traffic Control,0,278.0,77.98,3.2
FL10381,2023-07-31,7,Summer,Monday,NovaStar,Boeing 777,Birmingham,Istanbul,Birmingham → Istanbul,2680,10:20,3.0,17.0,229.0,210,Air Traffic Control,0,147.0,191.17,3.1
FL14167,2023-08-01,8,Summer,Tuesday,CloudJet,Airbus A320,London Gatwick,Rome Fiumicino,London Gatwick → Rome Fiumicino,1430,06:05,11.0,17.0,159.0,135,Air Traffic Control,0,279.0,98.28,4.3
FL13583,2023-08-01,8,Summer,Tuesday,CloudJet,Boeing 737,London Heathrow,Singapore Changi,London Heathrow → Singapore Changi,10840,08:15,3.0,0.0,754.0,745,Security,0,195.0,862.53,3.9
FL12413,2023-08-01,8,Summer,Tuesday,PolarAir,Boeing 777,Bristol,Malaga,Bristol → Malaga,1620,06:40,1.0,13.0,165.0,145,Air Traffic Control,0,70.0,80.6,3.9
FL10826,2023-08-01,8,Summer,Tuesday,SkyWing Air,Boeing 777,London Heathrow,Singapore Changi,London Heathrow → Singapore Changi,10840,09:20,20.0,31.0,781.0,745,Crew Availability,0,109.0,848.27,3.3
FL13031,2023-08-01,8,Summer,Tuesday,NovaStar,Airbus A320,London Heathrow,Toronto Pearson,London Heathrow → Toronto Pearson,5730,09:05,4.0,16.0,452.0,430,Air Traffic Control,0,271.0,395.56,3.7
FL13332,2023-08-01,8,Summer,Tuesday,NovaStar,Airbus A320,Edinburgh,Amsterdam,Edinburgh → Amsterdam,700,08:10,0.0,6.0,101.0,85,On Time,0,,49.0,3.9
FL13181,2023-08-02,8,Summer,Wednesday,AeroSwift,Boeing 737,Glasgow,Dublin,Glasgow → Dublin,220,09:45,3.0,0.0,57.0,50,Late Aircraft,0,60.0,49.0,3.9
FL13782,2023-08-02,8,Summer,Wednesday,NovaStar,Boeing 777,Manchester,Barcelona,Manchester → Barcelona,1440,14:20,0.0,4.0,140.0,130,On Time,0,110.0,96.18,4.7
FL11097,2023-08-02,8,Summer,Wednesday,CloudJet,Embraer E190,Edinburgh,Amsterdam,Edinburgh → Amsterdam,700,20:20,0.0,14.0,97.0,85,On Time,0,262.0,117.99,4.7
FL10386,2023-08-02,8,Summer,Wednesday,Atlantic Wings,Airbus A320,London Stansted,Warsaw Chopin,London Stansted → Warsaw Chopin,1470,14:30,24.0,26.0,163.0,135,Security,0,148.0,106.9,4.0
FL14804,2023-08-02,8,Summer,Wednesday,Atlantic Wings,Boeing 777,London Heathrow,Singapore Changi,London Heathrow → Singapore Changi,10840,17:40,28.0,22.0,763.0,745,Crew Availability,0,238.0,941.37,3.3
FL14017,2023-08-03,8,Summer,Thursday,PolarAir,Boeing 787,Edinburgh,Amsterdam,Edinburgh → Amsterdam,700,19:40,19.0,14.0,98.0,85,Technical,0,397.0,102.94,4.2
FL12408,2023-08-03,8,Summer,Thursday,PolarAir,Boeing 777,Birmingham,Istanbul,Birmingham → Istanbul,2680,11:10,3.0,0.0,216.0,210,Crew Availability,0,90.0,198.32,3.8
FL12575,2023-08-03,8,Summer,Thursday,Atlantic Wings,Airbus A320,London Heathrow,Singapore Changi,London Heathrow → Singapore Changi,10840,14:30,2.0,14.0,763.0,745,Crew Availability,0,305.0,852.01,3.3
FL12812,2023-08-03,8,Summer,Thursday,AeroSwift,Boeing 737,London Heathrow,Dubai,London Heathrow → Dubai,5490,16:30,8.0,4.0,414.0,415,Air Traffic Control,0,413.0,352.65,4.1
FL10780,2023-08-04,8,Summer,Friday,CloudJet,Boeing 737,Glasgow,Dublin,Glasgow → Dublin,220,08:10,7.0,11.0,63.0,50,Crew Availability,0,208.0,74.71,4.2
FL10768,2023-08-04,8,Summer,Friday,PolarAir,Airbus A320,Glasgow,Dublin,Glasgow → Dublin,220,11:45,0.0,3.0,57.0,50,On Time,0,144.0,49.0,3.9
FL13768,2023-08-04,8,Summer,Friday,AeroSwift,Boeing 737,London Heathrow,Dubai,London Heathrow → Dubai,5490,15:00,45.0,53.0,468.0,415,Late Aircraft,0,381.0,422.28,2.8
FL10791,2023-08-04,8,Summer,Friday,CloudJet,Airbus A380,Leeds Bradford,Alicante,Leeds Bradford → Alicante,1590,18:10,24.0,38.0,178.0,145,Late Aircraft,0,222.0,81.35,3.6
FL10087,2023-08-05,8,Summer,Saturday,AeroSwift,Airbus A320,London Gatwick,Rome Fiumicino,London Gatwick → Rome Fiumicino,1430,14:05,,,,135,Crew Availability,1,280.0,103.79,1.3
FL14290,2023-08-05,8,Summer,Saturday,CloudJet,Boeing 787,London Gatwick,Rome Fiumicino,London Gatwick → Rome Fiumicino,1430,16:25,27.0,32.0,163.0,135,Air Traffic Control,0,124.0,130.04,4.1
FL14887,2023-08-05,8,Summer,Saturday,Atlantic Wings,Embraer E190,London Heathrow,Dubai,London Heathrow → Dubai,5490,22:00,128.0,125.0,543.0,415,Crew Availability,0,403.0,484.82,1.8
FL12347,2023-08-05,8,Summer,Saturday,CloudJet,Airbus A320,London Heathrow,Toronto Pearson,London Heathrow → Toronto Pearson,5730,08:25,21.0,35.0,462.0,430,Weather,0,413.0,446.1,3.5
FL11838,2023-08-06,8,Summer,Sunday,CloudJet,Airbus A380,London Gatwick,Rome Fiumicino,London Gatwick → Rome Fiumicino,1430,07:45,3.0,16.0,159.0,135,Late Aircraft,0,280.0,133.55,3.7
FL14926,2023-08-06,8,Summer,Sunday,SkyWing Air,Boeing 777,Birmingham,Istanbul,Birmingham → Istanbul,2680,14:50,35.0,48.0,253.0,210,Crew Availability,0,351.0,180.91,3.4
FL10697,2023-08-06,8,Summer,Sunday,NovaStar,Boeing 737,Edinburgh,Amsterdam,Edinburgh → Amsterdam,700,16:20,0.0,13.0,95.0,85,On Time,0,353.0,63.33,4.9
FL10030,2023-08-07,8,Summer,Monday,NovaStar,Embraer E190,Bristol,Malaga,Bristol → Malaga,1620,10:55,0.0,0.0,149.0,145,On Time,0,323.0,114.35,4.6
FL12385,2023-08-07,8,Summer,Monday,Atlantic Wings,Airbus A320,Edinburgh,Amsterdam,Edinburgh → Amsterdam,700,16:10,0.0,5.0,96.0,85,On Time,0,93.0,107.86,4.8
FL13428,2023-08-07,8,Summer,Monday,PolarAir,Embraer E190,Manchester,Barcelona,Manchester → Barcelona,1440,06:10,39.0,53.0,188.0,130,Technical,0,82.0,71.39,2.9
FL11594,2023-08-07,8,Summer,Monday,Atlantic Wings,Boeing 737,Manchester,Barcelona,Manchester → Barcelona,1440,14:30,5.0,20.0,149.0,130,Technical,0,312.0,123.47,3.7
FL13291,2023-08-08,8,Summer,Tuesday,PolarAir,Boeing 737,Bristol,Malaga,Bristol → Malaga,1620,22:05,12.0,15.0,168.0,145,Security,0,350.0,112.6,4.0
FL10774,2023-08-08,8,Summer,Tuesday,SkyWing Air,Boeing 737,London Heathrow,Singapore Changi,London Heathrow → Singapore Changi,10840,05:40,0.0,14.0,759.0,745,On Time,0,79.0,880.82,4.3
FL13888,2023-08-08,8,Summer,Tuesday,NovaStar,Boeing 787,Glasgow,Dublin,Glasgow → Dublin,220,07:50,2.0,11.0,64.0,50,Security,0,337.0,49.0,4.4
FL13792,2023-08-08,8,Summer,Tuesday,PolarAir,Airbus A380,Glasgow,Dublin,Glasgow → Dublin,220,12:10,4.0,0.0,55.0,50,Air Traffic Control,0,129.0,84.16,4.4
FL13346,2023-08-08,8,Summer,Tuesday,AeroSwift,Boeing 737,London Gatwick,Rome Fiumicino,London Gatwick → Rome Fiumicino,1430,18:35,2.0,10.0,151.0,135,Weather,0,373.0,126.27,3.8
FL12503,2023-08-09,8,Summer,Wednesday,AeroSwift,Airbus A320,London Heathrow,Singapore Changi,London Heathrow → Singapore Changi,10840,10:00,0.0,0.0,752.0,745,On Time,0,288.0,667.3,4.4
FL10759,2023-08-09,8,Summer,Wednesday,PolarAir,Boeing 737,London Stansted,Warsaw Chopin,London Stansted → Warsaw Chopin,1470,05:55,6.0,18.0,150.0,135,Weather,0,174.0,190.22,3.8
FL11825,2023-08-09,8,Summer,Wednesday,NovaStar,Boeing 737,Bristol,Malaga,Bristol → Malaga,1620,06:30,0.0,7.0,151.0,145,On Time,0,,84.8,4.4
FL13698,2023-08-09,8,Summer,Wednesday,Atlantic Wings,Airbus A320,Birmingham,Istanbul,Birmingham → Istanbul,2680,17:10,18.0,32.0,241.0,210,Late Aircraft,0,95.0,308.08,3.1
FL12829,2023-08-09,8,Summer,Wednesday,PolarAir,Boeing 777,London Stansted,Warsaw Chopin,London Stansted → Warsaw Chopin,1470,05:15,,,,135,Weather,1,335.0,187.5,1.9
FL12073,2023-08-10,8,Summer,Thursday,AeroSwift,Boeing 737,London Heathrow,Toronto Pearson,London Heathrow → Toronto Pearson,5730,21:30,13.0,11.0,437.0,430,Security,0,194.0,353.89,4.0
FL11189,2023-08-10,8,Summer,Thursday,PolarAir,Boeing 787,London Gatwick,Rome Fiumicino,London Gatwick → Rome Fiumicino,1430,10:35,10.0,10.0,147.0,135,Technical,0,149.0,107.34,4.1
FL11424,2023-08-10,8,Summer,Thursday,NovaStar,Boeing 737,Bristol,Malaga,Bristol → Malaga,1620,06:00,0.0,0.0,145.0,145,On Time,0,107.0,118.32,3.9
FL13827,2023-08-11,8,Summer,Friday,NovaStar,Boeing 737,London Heathrow,Toronto Pearson,London Heathrow → Toronto Pearson,5730,21:30,0.0,4.0,444.0,430,On Time,0,242.0,420.16,4.6
FL10152,2023-08-11,8,Summer,Friday,PolarAir,Embraer E190,Edinburgh,Amsterdam,Edinburgh → Amsterdam,700,06:25,19.0,11.0,97.0,85,Technical,0,120.0,116.44,4.1
FL11938,2023-08-11,8,Summer,Friday,SkyWing Air,Boeing 737,Glasgow,Dublin,Glasgow → Dublin,220,07:25,18.0,20.0,70.0,50,Air Traffic Control,0,307.0,64.4,3.1
FL13193,2023-08-11,8,Summer,Friday,CloudJet,Boeing 787,London Stansted,Warsaw Chopin,London Stansted → Warsaw Chopin,1470,21:30,25.0,38.0,177.0,135,Weather,0,81.0,170.03,4.3
FL12381,2023-08-11,8,Summer,Friday,SkyWing Air,Airbus A320,London Heathrow,Dubai,London Heathrow → Dubai,5490,13:15,0.0,0.0,410.0,415,On Time,0,333.0,421.35,4.4
FL13626,2023-08-11,8,Summer,Friday,PolarAir,Airbus A320,Edinburgh,Amsterdam,Edinburgh → Amsterdam,700,06:15,18.0,25.0,109.0,85,Weather,0,318.0,77.8,4.2
FL11400,2023-08-11,8,Summer,Friday,Atlantic Wings,Boeing 737,London Heathrow,New York JFK,London Heathrow → New York JFK,5570,11:40,56.0,61.0,479.0,420,Security,0,101.0,513.17,2.9
FL10403,2023-08-11,8,Summer,Friday,NovaStar,Boeing 737,London Heathrow,Toronto Pearson,London Heathrow → Toronto Pearson,5730,22:05,0.0,11.0,440.0,430,On Time,0,252.0,422.11,4.6
FL14690,2023-08-11,8,Summer,Friday,Atlantic Wings,Airbus A320,Manchester,Barcelona,Manchester → Barcelona,1440,10:15,30.0,22.0,156.0,130,Air Traffic Control,0,167.0,97.2,3.2
FL14229,2023-08-11,8,Summer,Friday,NovaStar,Airbus A320,Bristol,Malaga,Bristol → Malaga,1620,05:55,6.0,15.0,156.0,145,Weather,0,288.0,148.59,4.1
FL12180,2023-08-11,8,Summer,Friday,CloudJet,Boeing 737,Manchester,Barcelona,Manchester → Barcelona,1440,20:25,15.0,12.0,144.0,130,Security,0,298.0,173.18,3.2
FL12243,2023-08-12,8,Summer,Saturday,PolarAir,Airbus A320,Glasgow,Dublin,Glasgow → Dublin,220,22:35,0.0,7.0,60.0,50,On Time,0,63.0,49.0,4.4
FL13470,2023-08-12,8,Summer,Saturday,NovaStar,Airbus A320,London Heathrow,New York JFK,London Heathrow → New York JFK,5570,14:55,0.0,0.0,417.0,420,On Time,0,253.0,407.78,4.5
FL14739,2023-08-12,8,Summer,Saturday,SkyWing Air,Airbus A320,Manchester,Barcelona,Manchester → Barcelona,1440,15:10,13.0,8.0,134.0,130,Weather,0,287.0,198.14,3.4
FL11816,2023-08-12,8,Summer,Saturday,PolarAir,Boeing 777,Glasgow,Dublin,Glasgow → Dublin,220,07:05,0.0,0.0,46.0,50,On Time,0,260.0,93.53,4.4
FL12064,2023-08-12,8,Summer,Saturday,CloudJet,Boeing 737,London Heathrow,Toronto Pearson,London Heathrow → Toronto Pearson,5730,22:55,1.0,7.0,435.0,430,Crew Availability,0,411.0,440.16,4.3
FL11283,2023-08-12,8,Summer,Saturday,SkyWing Air,Airbus A320,London Heathrow,New York JFK,London Heathrow → New York JFK,5570,18:55,33.0,33.0,460.0,420,Weather,0,260.0,500.56,2.2
FL11267,2023-08-12,8,Summer,Saturday,AeroSwift,Airbus A320,London Heathrow,Toronto Pearson,London Heathrow → Toronto Pearson,5730,12:00,0.0,0.0,437.0,430,On Time,0,220.0,406.71,4.1
FL11266,2023-08-12,8,Summer,Saturday,Atlantic Wings,Boeing 777,Edinburgh,Amsterdam,Edinburgh → Amsterdam,700,06:20,23.0,37.0,124.0,85,Air Traffic Control,0,70.0,72.31,3.0
FL10577,2023-08-12,8,Summer,Saturday,PolarAir,Airbus A380,London Gatwick,Rome Fiumicino,London Gatwick → Rome Fiumicino,1430,08:35,32.0,27.0,162.0,135,Crew Availability,0,188.0,156.49,3.4
FL14399,2023-08-13,8,Summer,Sunday,PolarAir,Boeing 777,Edinburgh,Amsterdam,Edinburgh → Amsterdam,700,08:45,15.0,28.0,108.0,85,Crew Availability,0,198.0,51.21,4.0
FL14588,2023-08-13,8,Summer,Sunday,PolarAir,Airbus A320,Glasgow,Dublin,Glasgow → Dublin,220,05:15,22.0,20.0,68.0,50,Weather,0,259.0,49.0,3.5
FL13298,2023-08-13,8,Summer,Sunday,Atlantic Wings,Boeing 737,London Heathrow,New York JFK,London Heathrow → New York JFK,5570,17:35,32.0,36.0,462.0,420,Air Traffic Control,0,380.0,515.01,3.5
FL13685,2023-08-13,8,Summer,Sunday,NovaStar,Boeing 777,Glasgow,Dublin,Glasgow → Dublin,220,21:15,,,,50,Weather,1,203.0,49.0,1.0
FL14396,2023-08-13,8,Summer,Sunday,CloudJet,Embraer E190,Edinburgh,Amsterdam,Edinburgh → Amsterdam,700,07:20,10.0,13.0,96.0,85,Late Aircraft,0,332.0,101.78,4.2
FL12004,2023-08-14,8,Summer,Monday,CloudJet,Airbus A320,London Heathrow,Dubai,London Heathrow → Dubai,5490,10:15,37.0,45.0,458.0,415,Weather,0,347.0,427.31,3.0
FL11007,2023-08-14,8,Summer,Monday,CloudJet,Boeing 737,London Heathrow,Dubai,London Heathrow → Dubai,5490,19:50,10.0,20.0,442.0,415,Security,0,288.0,368.82,3.3
FL12053,2023-08-14,8,Summer,Monday,CloudJet,Airbus A320,Leeds Bradford,Alicante,Leeds Bradford → Alicante,1590,10:55,33.0,46.0,197.0,145,Crew Availability,0,365.0,96.29,3.3
FL10646,2023-08-14,8,Summer,Monday,CloudJet,Boeing 737,London Gatwick,Rome Fiumicino,London Gatwick → Rome Fiumicino,1430,06:50,11.0,15.0,159.0,135,Technical,0,178.0,104.5,4.1
FL11083,2023-08-14,8,Summer,Monday,Atlantic Wings,,London Heathrow,Toronto Pearson,London Heathrow → Toronto Pearson,5730,07:10,3.0,0.0,427.0,430,Late Aircraft,0,224.0,535.5,3.7
FL13318,2023-08-14,8,Summer,Monday,CloudJet,Airbus A320,Bristol,Malaga,Bristol → Malaga,1620,22:45,35.0,43.0,192.0,145,Crew Availability,0,251.0,125.47,3.1
FL14528,2023-08-14,8,Summer,Monday,AeroSwift,Boeing 737,Birmingham,Istanbul,Birmingham → Istanbul,2680,12:00,8.0,20.0,228.0,210,Weather,0,154.0,143.01,4.4
FL10181,2023-08-14,8,Summer,Monday,CloudJet,Airbus A320,London Heathrow,New York JFK,London Heathrow → New York JFK,5570,13:40,86.0,92.0,522.0,420,Security,0,341.0,435.4,2.8
FL10420,2023-08-14,8,Summer,Monday,SkyWing Air,Boeing 777,Bristol,Malaga,Bristol → Malaga,1620,10:00,13.0,9.0,163.0,145,Technical,0,151.0,118.07,3.6
FL11719,2023-08-14,8,Summer,Monday,CloudJet,Embraer E190,London Heathrow,Dubai,London Heathrow → Dubai,5490,10:35,51.0,51.0,472.0,415,Air Traffic Control,0,172.0,476.14,3.4
FL13578,2023-08-15,8,Summer,Tuesday,CloudJet,Airbus A320,London Heathrow,New York JFK,London Heathrow → New York JFK,5570,12:50,83.0,87.0,503.0,420,Late Aircraft,0,244.0,400.33,2.0
FL13485,2023-08-15,8,Summer,Tuesday,Atlantic Wings,Boeing 777,London Stansted,Warsaw Chopin,London Stansted → Warsaw Chopin,1470,06:05,0.0,12.0,156.0,135,On Time,0,387.0,161.2,4.3
FL14640,2023-08-15,8,Summer,Tuesday,Atlantic Wings,Boeing 777,London Gatwick,Rome Fiumicino,London Gatwick → Rome Fiumicino,1430,13:30,,,,135,Security,1,95.0,90.04,2.1
FL11632,2023-08-16,8,Summer,Wednesday,NovaStar,Airbus A380,London Gatwick,Rome Fiumicino,London Gatwick → Rome Fiumicino,1430,12:20,2.0,3.0,139.0,135,Air Traffic Control,0,113.0,81.4,4.5
FL14217,2023-08-16,8,Summer,Wednesday,CloudJet,Boeing 737,Manchester,Barcelona,Manchester → Barcelona,1440,13:40,19.0,20.0,156.0,130,Weather,0,297.0,116.55,3.7
FL11305,2023-08-16,8,Summer,Wednesday,CloudJet,Boeing 737,Edinburgh,Amsterdam,Edinburgh → Amsterdam,700,14:30,0.0,8.0,99.0,85,On Time,0,77.0,49.0,4.4
FL10688,2023-08-16,8,Summer,Wednesday,CloudJet,Boeing 777,Edinburgh,Amsterdam,Edinburgh → Amsterdam,700,09:15,10.0,14.0,95.0,85,Air Traffic Control,0,200.0,49.0,3.1
FL11141,2023-08-16,8,Summer,Wednesday,AeroSwift,Boeing 787,Glasgow,Dublin,Glasgow → Dublin,220,06:45,0.0,2.0,59.0,50,On Time,0,144.0,64.24,4.1
FL13465,2023-08-16,8,Summer,Wednesday,AeroSwift,Airbus A380,Leeds Bradford,Alicante,Leeds Bradford → Alicante,1590,07:55,0.0,10.0,158.0,145,On Time,0,80.0,61.33,3.9
FL14055,2023-08-16,8,Summer,Wednesday,NovaStar,Boeing 737,London Heathrow,Dubai,London Heathrow → Dubai,5490,06:50,0.0,7.0,428.0,415,On Time,0,251.0,374.59,5.0
FL13123,2023-08-16,8,Summer,Wednesday,AeroSwift,Boeing 737,Edinburgh,Amsterdam,Edinburgh → Amsterdam,700,16:20,0.0,7.0,91.0,85,On Time,0,232.0,60.86,4.7
FL11903,2023-08-16,8,Summer,Wednesday,PolarAir,Airbus A320,Glasgow,Dublin,Glasgow → Dublin,220,06:35,11.0,16.0,66.0,50,Security,0,132.0,63.01,4.1
FL14733,2023-08-16,8,Summer,Wednesday,NovaStar,Embraer E190,London Stansted,Warsaw Chopin,London Stansted → Warsaw Chopin,1470,07:20,22.0,34.0,174.0,135,Air Traffic Control,0,153.0,93.71,4.1
FL10102,2023-08-16,8,Summer,Wednesday,PolarAir,Boeing 787,Birmingham,Istanbul,Birmingham → Istanbul,2680,07:30,,,,210,Security,1,,270.38,1.4
FL14587,2023-08-16,8,Summer,Wednesday,PolarAir,Airbus A320,Manchester,Barcelona,Manchester → Barcelona,1440,09:15,44.0,43.0,176.0,130,Technical,0,332.0,119.2,2.3
FL14870,2023-08-17,8,Summer,Thursday,NovaStar,Embraer E190,London Heathrow,New York JFK,London Heathrow → New York JFK,5570,11:35,2.0,15.0,443.0,420,Late Aircraft,0,164.0,416.79,3.3
FL12206,2023-08-17,8,Summer,Thursday,NovaStar,Airbus A320,Birmingham,Istanbul,Birmingham → Istanbul,2680,20:00,31.0,23.0,238.0,210,Technical,0,306.0,172.81,2.3
FL11544,2023-08-17,8,Summer,Thursday,PolarAir,Boeing 737,Birmingham,Istanbul,Birmingham → Istanbul,2680,09:10,7.0,7.0,226.0,210,Security,0,267.0,250.12,4.2
FL14204,2023-08-17,8,Summer,Thursday,AeroSwift,Airbus A320,London Heathrow,Singapore Changi,London Heathrow → Singapore Changi,10840,15:50,,,,745,Technical,1,174.0,751.61,1.5
FL14806,2023-08-18,8,Summer,Friday,NovaStar,Boeing 737,London Heathrow,Toronto Pearson,London Heathrow → Toronto Pearson,5730,08:35,0.0,0.0,437.0,430,On Time,0,292.0,428.55,4.8
FL13907,2023-08-18,8,Summer,Friday,SkyWing Air,Boeing 737,Manchester,Barcelona,Manchester → Barcelona,1440,13:55,0.0,0.0,140.0,130,On Time,0,413.0,108.21,4.9
FL13239,2023-08-18,8,Summer,Friday,Atlantic Wings,Embraer E190,Leeds Bradford,Alicante,Leeds Bradford → Alicante,1590,05:50,38.0,44.0,196.0,145,Technical,0,389.0,180.54,3.0
FL13829,2023-08-18,8,Summer,Friday,CloudJet,Boeing 777,London Heathrow,New York JFK,London Heathrow → New York JFK,5570,19:45,34.0,42.0,460.0,420,Weather,0,351.0,381.5,2.2
FL13999,2023-08-18,8,Summer,Friday,PolarAir,Airbus A380,Edinburgh,Amsterdam,Edinburgh → Amsterdam,700,09:50,0.0,0.0,81.0,85,On Time,0,325.0,49.0,4.9
FL10238,2023-08-19,8,Summer,Saturday,Atlantic Wings,Airbus A320,Edinburgh,Amsterdam,Edinburgh → Amsterdam,700,22:30,16.0,29.0,124.0,85,Weather,0,127.0,71.23,4.0
FL12249,2023-08-19,8,Summer,Saturday,PolarAir,Boeing 777,London Gatwick,Rome Fiumicino,London Gatwick → Rome Fiumicino,1430,07:40,0.0,14.0,157.0,135,On Time,0,233.0,183.42,4.5
FL12469,2023-08-19,8,Summer,Saturday,CloudJet,Airbus A320,Birmingham,Istanbul,Birmingham → Istanbul,2680,09:05,21.0,16.0,233.0,210,Technical,0,268.0,209.04,3.6
FL12871,2023-08-19,8,Summer,Saturday,SkyWing Air,Airbus A320,Edinburgh,Amsterdam,Edinburgh → Amsterdam,700,06:55,,,,85,Crew Availability,1,93.0,93.27,2.5
FL10150,2023-08-19,8,Summer,Saturday,CloudJet,Boeing 737,Leeds Bradford,Alicante,Leeds Bradford → Alicante,1590,08:35,31.0,40.0,193.0,145,Late Aircraft,0,345.0,115.65,2.8
FL13531,2023-08-19,8,Summer,Saturday,Atlantic Wings,Boeing 777,Leeds Bradford,Alicante,Leeds Bradford → Alicante,1590,11:25,98.0,107.0,253.0,145,Crew Availability,0,128.0,191.4,2.1
FL11915,2023-08-19,8,Summer,Saturday,CloudJet,Airbus A380,Bristol,Malaga,Bristol → Malaga,1620,20:55,58.0,64.0,212.0,145,Weather,0,326.0,116.76,3.4
FL13010,2023-08-19,8,Summer,Saturday,Atlantic Wings,Boeing 787,Glasgow,Dublin,Glasgow → Dublin,220,15:25,21.0,19.0,67.0,50,Technical,0,,49.0,3.5
FL14489,2023-08-19,8,Summer,Saturday,CloudJet,Boeing 777,London Heathrow,Toronto Pearson,London Heathrow → Toronto Pearson,5730,05:55,36.0,46.0,480.0,430,Late Aircraft,0,384.0,426.62,3.0
FL13940,2023-08-19,8,Summer,Saturday,AeroSwift,Boeing 737,London Heathrow,Toronto Pearson,London Heathrow → Toronto Pearson,5730,16:45,1.0,0.0,434.0,430,Air Traffic Control,0,321.0,375.26,3.5
FL13989,2023-08-20,8,Summer,Sunday,Atlantic Wings,Airbus A320,Glasgow,Dublin,Glasgow → Dublin,220,05:15,124.0,127.0,183.0,50,Technical,0,76.0,49.0,2.2
FL10981,2023-08-20,8,Summer,Sunday,Atlantic Wings,Airbus A320,London Heathrow,Toronto Pearson,London Heathrow → Toronto Pearson,5730,10:55,21.0,19.0,444.0,430,Crew Availability,0,318.0,509.39,4.2
FL12520,2023-08-20,8,Summer,Sunday,AeroSwift,Embraer E190,London Gatwick,Rome Fiumicino,London Gatwick → Rome Fiumicino,1430,11:30,0.0,0.0,133.0,135,On Time,0,270.0,93.98,4.3
FL14154,2023-08-21,8,Summer,Monday,CloudJet,Boeing 777,London Heathrow,New York JFK,London Heathrow → New York JFK,5570,12:05,6.0,16.0,445.0,420,Crew Availability,0,382.0,405.15,4.3
FL11710,2023-08-21,8,Summer,Monday,SkyWing Air,Embraer E190,London Gatwick,Rome Fiumicino,London Gatwick → Rome Fiumicino,1430,14:25,46.0,44.0,181.0,135,Technical,0,102.0,156.02,3.4
FL11696,2023-08-21,8,Summer,Monday,PolarAir,Boeing 777,Glasgow,Dublin,Glasgow → Dublin,220,15:05,30.0,25.0,84.0,50,Technical,0,188.0,93.56,4.4
FL11020,2023-08-21,8,Summer,Monday,PolarAir,Airbus A320,London Gatwick,Rome Fiumicino,London Gatwick → Rome Fiumicino,1430,11:35,32.0,35.0,179.0,135,Technical,0,126.0,93.44,2.6
FL12787,2023-08-21,8,Summer,Monday,AeroSwift,Airbus A320,London Heathrow,Dubai,London Heathrow → Dubai,5490,08:20,0.0,9.0,423.0,415,On Time,0,157.0,307.64,3.9
FL14367,2023-08-21,8,Summer,Monday,PolarAir,Airbus A380,London Gatwick,Rome Fiumicino,London Gatwick → Rome Fiumicino,1430,11:15,10.0,4.0,144.0,135,Technical,0,93.0,161.41,3.4
FL10234,2023-08-22,8,Summer,Tuesday,AeroSwift,Boeing 787,London Gatwick,Rome Fiumicino,London Gatwick → Rome Fiumicino,1430,05:35,4.0,6.0,149.0,135,Air Traffic Control,0,369.0,65.71,4.0
FL12629,2023-08-22,8,Summer,Tuesday,Atlantic Wings,Airbus A320,Manchester,Barcelona,Manchester → Barcelona,1440,14:45,,,,130,Security,1,211.0,126.69,1.4
FL13559,2023-08-22,8,Summer,Tuesday,AeroSwift,Airbus A320,London Heathrow,New York JFK,London Heathrow → New York JFK,5570,06:55,8.0,1.0,429.0,420,Crew Availability,0,140.0,321.32,4.5
FL11526,2023-08-22,8,Summer,Tuesday,Atlantic Wings,Airbus A320,Edinburgh,Amsterdam,Edinburgh → Amsterdam,700,19:30,0.0,0.0,86.0,85,On Time,0,,102.91,4.3
FL13839,2023-08-22,8,Summer,Tuesday,CloudJet,Airbus A380,Birmingham,Istanbul,Birmingham → Istanbul,2680,15:35,12.0,7.0,226.0,210,Crew Availability,0,234.0,286.1,3.6
FL14049,2023-08-22,8,Summer,Tuesday,CloudJet,Boeing 777,London Heathrow,New York JFK,London Heathrow → New York JFK,5570,08:10,47.0,54.0,477.0,420,Crew Availability,0,66.0,439.57,3.5
FL11255,2023-08-22,8,Summer,Tuesday,PolarAir,Boeing 787,London Heathrow,Toronto Pearson,London Heathrow → Toronto Pearson,5730,08:20,0.0,0.0,426.0,430,On Time,0,229.0,440.14,4.2
FL12227,2023-08-22,8,Summer,Tuesday,CloudJet,Airbus A380,Edinburgh,Amsterdam,Edinburgh → Amsterdam,700,12:15,25.0,33.0,124.0,85,Air Traffic Control,0,271.0,97.09,3.0
FL12560,2023-08-22,8,Summer,Tuesday,PolarAir,Boeing 737,Bristol,Malaga,Bristol → Malaga,1620,06:50,37.0,30.0,174.0,145,Crew Availability,0,317.0,98.09,3.0
FL12841,2023-08-23,8,Summer,Wednesday,AeroSwift,Boeing 737,Leeds Bradford,Alicante,Leeds Bradford → Alicante,1590,06:45,0.0,7.0,148.0,145,On Time,0,143.0,145.6,4.2
FL11905,2023-08-23,8,Summer,Wednesday,CloudJet,Boeing 787,London Stansted,Warsaw Chopin,London Stansted → Warsaw Chopin,1470,18:15,84.0,97.0,242.0,135,Air Traffic Control,0,128.0,177.52,2.3
FL14975,2023-08-23,8,Summer,Wednesday,Atlantic Wings,Airbus A320,Manchester,Barcelona,Manchester → Barcelona,1440,16:35,24.0,35.0,172.0,130,Late Aircraft,0,308.0,111.51,4.5
FL10005,2023-08-23,8,Summer,Wednesday,SkyWing Air,Airbus A320,Birmingham,Istanbul,Birmingham → Istanbul,2680,05:05,76.0,86.0,301.0,210,Crew Availability,0,168.0,245.39,3.0
FL14590,2023-08-24,8,Summer,Thursday,AeroSwift,Airbus A320,Edinburgh,Amsterdam,Edinburgh → Amsterdam,700,09:10,11.0,23.0,113.0,85,Air Traffic Control,0,68.0,49.0,3.2
FL10301,2023-08-24,8,Summer,Thursday,PolarAir,Boeing 787,Leeds Bradford,Alicante,Leeds Bradford → Alicante,1590,07:05,0.0,4.0,154.0,145,On Time,0,341.0,140.85,4.5
FL10966,2023-08-24,8,Summer,Thursday,NovaStar,Boeing 737,Bristol,Malaga,Bristol → Malaga,1620,17:55,0.0,3.0,148.0,145,On Time,0,263.0,139.29,4.1
FL10882,2023-08-24,8,Summer,Thursday,Atlantic Wings,Boeing 737,Glasgow,Dublin,Glasgow → Dublin,220,07:10,9.0,6.0,58.0,50,Crew Availability,0,137.0,92.06,3.8
FL14849,2023-08-24,8,Summer,Thursday,PolarAir,Airbus A320,Glasgow,Dublin,Glasgow → Dublin,220,08:50,51.0,63.0,122.0,50,Air Traffic Control,0,272.0,49.0,2.2
FL11976,2023-08-24,8,Summer,Thursday,CloudJet,Airbus A320,London Heathrow,New York JFK,London Heathrow → New York JFK,5570,18:05,25.0,21.0,440.0,420,Technical,0,227.0,391.79,3.1
FL12535,2023-08-24,8,Summer,Thursday,SkyWing Air,Airbus A320,Birmingham,Istanbul,Birmingham → Istanbul,2680,16:35,5.0,18.0,229.0,210,Security,0,259.0,174.29,3.7
FL14411,2023-08-25,8,Summer,Friday,NovaStar,Airbus A320,Birmingham,Istanbul,Birmingham → Istanbul,2680,08:00,7.0,17.0,227.0,210,Technical,0,63.0,207.85,3.1
FL10324,2023-08-25,8,Summer,Friday,SkyWing Air,Airbus A320,Glasgow,Dublin,Glasgow → Dublin,220,12:30,0.0,5.0,62.0,50,On Time,0,187.0,63.71,4.0
FL13431,2023-08-25,8,Summer,Friday,NovaStar,Boeing 777,London Gatwick,Rome Fiumicino,London Gatwick → Rome Fiumicino,1430,16:20,7.0,9.0,148.0,135,Weather,0,214.0,111.55,3.4
FL12323,2023-08-25,8,Summer,Friday,SkyWing Air,Embraer E190,London Heathrow,Toronto Pearson,London Heathrow → Toronto Pearson,5730,10:20,39.0,54.0,489.0,430,Security,0,101.0,482.2,3.3
FL11707,2023-08-25,8,Summer,Friday,NovaStar,Boeing 777,Manchester,Barcelona,Manchester → Barcelona,1440,08:20,21.0,24.0,154.0,130,Weather,0,137.0,72.43,3.1
FL12416,2023-08-25,8,Summer,Friday,Atlantic Wings,Boeing 787,London Heathrow,Toronto Pearson,London Heathrow → Toronto Pearson,5730,19:45,55.0,68.0,501.0,430,Crew Availability,0,196.0,491.32,3.4
FL11317,2023-08-25,8,Summer,Friday,SkyWing Air,Boeing 787,London Stansted,Warsaw Chopin,London Stansted → Warsaw Chopin,1470,08:10,3.0,15.0,145.0,135,Late Aircraft,0,295.0,184.64,4.4
FL14127,2023-08-25,8,Summer,Friday,AeroSwift,Boeing 787,London Gatwick,Rome Fiumicino,London Gatwick → Rome Fiumicino,1430,09:30,0.0,4.0,143.0,135,On Time,0,266.0,109.69,3.8
FL14088,2023-08-26,8,Summer,Saturday,Atlantic Wings,Airbus A380,London Heathrow,Dubai,London Heathrow → Dubai,5490,16:00,,,,415,Weather,1,289.0,465.15,1.9
FL12659,2023-08-26,8,Summer,Saturday,NovaStar,Airbus A320,London Heathrow,Dubai,London Heathrow → Dubai,5490,21:20,0.0,0.0,425.0,415,On Time,0,124.0,314.6,4.2
FL12631,2023-08-26,8,Summer,Saturday,PolarAir,Airbus A320,London Heathrow,Toronto Pearson,London Heathrow → Toronto Pearson,5730,21:20,23.0,33.0,466.0,430,Security,0,139.0,449.75,4.3
FL14749,2023-08-26,8,Summer,Saturday,PolarAir,Airbus A320,London Gatwick,Rome Fiumicino,London Gatwick → Rome Fiumicino,1430,15:20,27.0,34.0,178.0,135,Late Aircraft,0,384.0,136.53,3.4
FL12758,2023-08-26,8,Summer,Saturday,Atlantic Wings,Boeing 737,Edinburgh,Amsterdam,Edinburgh → Amsterdam,700,12:25,21.0,16.0,97.0,85,Late Aircraft,0,202.0,145.63,3.3
FL12154,2023-08-26,8,Summer,Saturday,PolarAir,Boeing 737,Bristol,Malaga,Bristol → Malaga,1620,06:20,0.0,0.0,149.0,145,On Time,0,406.0,152.41,4.1
FL12605,2023-08-26,8,Summer,Saturday,NovaStar,,Birmingham,Istanbul,Birmingham → Istanbul,2680,06:35,16.0,31.0,251.0,210,Late Aircraft,0,78.0,141.29,4.0
FL11123,2023-08-26,8,Summer,Saturday,SkyWing Air,Boeing 787,Manchester,Barcelona,Manchester → Barcelona,1440,17:25,36.0,33.0,169.0,130,Technical,0,,128.12,2.2
FL12887,2023-08-27,8,Summer,Sunday,CloudJet,Embraer E190,London Stansted,Warsaw Chopin,London Stansted → Warsaw Chopin,1470,08:20,0.0,12.0,146.0,135,On Time,0,116.0,110.72,4.2
FL11194,2023-08-27,8,Summer,Sunday,NovaStar,Boeing 787,Bristol,Malaga,Bristol → Malaga,1620,14:25,0.0,0.0,145.0,145,On Time,0,91.0,78.09,4.8
FL13930,2023-08-28,8,Summer,Monday,CloudJet,Boeing 737,London Heathrow,Dubai,London Heathrow → Dubai,5490,15:35,61.0,69.0,491.0,415,Crew Availability,0,156.0,403.16,2.6
FL12198,2023-08-28,8,Summer,Monday,NovaStar,Airbus A380,Bristol,Malaga,Bristol → Malaga,1620,07:00,0.0,14.0,164.0,145,On Time,0,126.0,132.52,4.4
FL11076,2023-08-28,8,Summer,Monday,Atlantic Wings,Airbus A380,London Heathrow,New York JFK,London Heathrow → New York JFK,5570,14:15,57.0,55.0,479.0,420,Technical,0,295.0,478.64,2.1
FL10190,2023-08-28,8,Summer,Monday,PolarAir,Boeing 737,London Heathrow,Toronto Pearson,London Heathrow → Toronto Pearson,5730,09:05,,,,430,Late Aircraft,1,,424.9,1.2
FL12722,2023-08-28,8,Summer,Monday,CloudJet,Airbus A320,Bristol,Malaga,Bristol → Malaga,1620,12:55,14.0,13.0,168.0,145,Technical,0,355.0,112.37,4.3
FL13981,2023-08-28,8,Summer,Monday,NovaStar,Boeing 777,London Gatwick,Rome Fiumicino,London Gatwick → Rome Fiumicino,1430,10:00,0.0,0.0,130.0,135,On Time,0,285.0,149.77,4.7
FL10811,2023-08-28,8,Summer,Monday,NovaStar,Airbus A320,London Heathrow,Dubai,London Heathrow → Dubai,5490,22:20,0.0,4.0,414.0,415,On Time,0,143.0,421.78,4.4
FL12802,2023-08-28,8,Summer,Monday,SkyWing Air,Airbus A380,London Heathrow,Singapore Changi,London Heathrow → Singapore Changi,10840,09:20,0.0,2.0,742.0,745,On Time,0,280.0,905.95,3.8
FL10955,2023-08-28,8,Summer,Monday,CloudJet,Boeing 787,London Heathrow,Toronto Pearson,London Heathrow → Toronto Pearson,5730,15:35,1.0,10.0,445.0,430,Air Traffic Control,0,417.0,399.43,3.3
FL13196,2023-08-28,8,Summer,Monday,AeroSwift,Boeing 777,Leeds Bradford,Alicante,Leeds Bradford → Alicante,1590,14:40,26.0,36.0,178.0,145,Air Traffic Control,0,372.0,73.95,3.0
FL14389,2023-08-28,8,Summer,Monday,Atlantic Wings,,London Heathrow,New York JFK,London Heathrow → New York JFK,5570,20:25,20.0,34.0,463.0,420,Weather,0,299.0,490.43,3.4
FL13625,2023-08-29,8,Summer,Tuesday,Atlantic Wings,Boeing 777,London Heathrow,Dubai,London Heathrow → Dubai,5490,14:50,,,,415,Technical,1,208.0,453.14,1.1
FL10260,2023-08-29,8,Summer,Tuesday,SkyWing Air,Airbus A320,Bristol,Malaga,Bristol → Malaga,1620,18:45,65.0,72.0,222.0,145,Late Aircraft,0,120.0,165.33,3.5
FL10556,2023-08-29,8,Summer,Tuesday,PolarAir,Airbus A320,Edinburgh,Amsterdam,Edinburgh → Amsterdam,700,14:30,15.0,18.0,100.0,85,Air Traffic Control,0,128.0,49.0,4.1
FL11304,2023-08-29,8,Summer,Tuesday,AeroSwift,Boeing 737,Manchester,Barcelona,Manchester → Barcelona,1440,17:55,24.0,30.0,161.0,130,Technical,0,327.0,68.09,3.9
FL11046,2023-08-29,8,Summer,Tuesday,PolarAir,Airbus A380,Glasgow,Dublin,Glasgow → Dublin,220,08:10,3.0,1.0,59.0,50,Weather,0,100.0,49.0,3.5
FL10506,2023-08-29,8,Summer,Tuesday,AeroSwift,Boeing 737,Glasgow,Dublin,Glasgow → Dublin,220,10:00,0.0,0.0,56.0,50,On Time,0,406.0,77.1,4.0
FL10830,2023-08-29,8,Summer,Tuesday,PolarAir,Boeing 737,Glasgow,Dublin,Glasgow → Dublin,220,13:45,85.0,80.0,137.0,50,Weather,0,171.0,49.0,2.3
FL11145,2023-08-30,8,Summer,Wednesday,CloudJet,Boeing 737,London Heathrow,New York JFK,London Heathrow → New York JFK,5570,16:25,0.0,1.0,418.0,420,On Time,0,226.0,405.45,4.2
FL12034,2023-08-30,8,Summer,Wednesday,PolarAir,Boeing 737,Manchester,Barcelona,Manchester → Barcelona,1440,08:10,62.0,66.0,191.0,130,Late Aircraft,0,170.0,98.83,
FL11031,2023-08-30,8,Summer,Wednesday,PolarAir,Boeing 787,Bristol,Malaga,Bristol → Malaga,1620,06:30,14.0,18.0,165.0,145,Late Aircraft,0,206.0,167.95,3.4
FL14168,2023-08-30,8,Summer,Wednesday,NovaStar,Boeing 777,Manchester,Barcelona,Manchester → Barcelona,1440,22:00,3.0,16.0,156.0,130,Security,0,256.0,118.37,3.1
FL10074,2023-08-30,8,Summer,Wednesday,CloudJet,Boeing 787,London Heathrow,Dubai,London Heathrow → Dubai,5490,06:25,5.0,17.0,428.0,415,Air Traffic Control,0,263.0,501.13,3.4
FL11762,2023-08-30,8,Summer,Wednesday,PolarAir,Boeing 777,Glasgow,Dublin,Glasgow → Dublin,220,08:50,150.0,142.0,199.0,50,Weather,0,387.0,69.86,1.2
FL11383,2023-08-30,8,Summer,Wednesday,AeroSwift,Boeing 777,London Heathrow,Toronto Pearson,London Heathrow → Toronto Pearson,5730,12:20,12.0,4.0,444.0,430,Air Traffic Control,0,217.0,372.24,3.7
FL10482,2023-08-30,8,Summer,Wednesday,NovaStar,Boeing 787,Bristol,Malaga,Bristol → Malaga,1620,07:25,18.0,30.0,172.0,145,Late Aircraft,0,65.0,173.71,3.7
FL14189,2023-08-30,8,Summer,Wednesday,NovaStar,,Glasgow,Dublin,Glasgow → Dublin,220,09:35,0.0,9.0,61.0,50,On Time,0,248.0,49.0,4.0
FL13341,2023-08-30,8,Summer,Wednesday,PolarAir,Boeing 737,London Heathrow,Singapore Changi,London Heathrow → Singapore Changi,10840,16:45,107.0,106.0,855.0,745,Crew Availability,0,84.0,870.08,1.8
FL13109,2023-08-31,8,Summer,Thursday,PolarAir,Boeing 777,Bristol,Malaga,Bristol → Malaga,1620,07:45,2.0,2.0,145.0,145,Weather,0,80.0,106.43,3.1
FL14504,2023-08-31,8,Summer,Thursday,SkyWing Air,Embraer E190,Leeds Bradford,Alicante,Leeds Bradford → Alicante,1590,15:20,47.0,41.0,193.0,145,Technical,0,410.0,132.01,2.0
FL10183,2023-08-31,8,Summer,Thursday,AeroSwift,Boeing 777,Leeds Bradford,Alicante,Leeds Bradford → Alicante,1590,14:25,4.0,15.0,168.0,145,Crew Availability,0,144.0,157.08,3.9
FL10542,2023-08-31,8,Summer,Thursday,SkyWing Air,Boeing 777,London Stansted,Warsaw Chopin,London Stansted → Warsaw Chopin,1470,10:05,26.0,36.0,168.0,135,Weather,0,91.0,142.33,4.4
FL14969,2023-08-31,8,Summer,Thursday,NovaStar,Embraer E190,London Heathrow,Toronto Pearson,London Heathrow → Toronto Pearson,5730,09:20,0.0,10.0,448.0,430,On Time,0,240.0,417.37,4.3
FL10393,2023-08-31,8,Summer,Thursday,Atlantic Wings,Airbus A320,Glasgow,Dublin,Glasgow → Dublin,220,07:40,68.0,61.0,121.0,50,Weather,0,420.0,67.18,2.6
FL14812,2023-08-31,8,Summer,Thursday,SkyWing Air,Boeing 777,Manchester,Barcelona,Manchester → Barcelona,1440,10:00,,,,130,Security,1,267.0,145.74,2.2
FL11790,2023-09-01,9,Autumn,Friday,SkyWing Air,Airbus A320,Edinburgh,Amsterdam,Edinburgh → Amsterdam,700,15:35,0.0,3.0,97.0,85,On Time,0,253.0,55.79,4.4
FL13683,2023-09-01,9,Autumn,Friday,AeroSwift,Embraer E190,Birmingham,Istanbul,Birmingham → Istanbul,2680,10:45,15.0,23.0,236.0,210,Crew Availability,0,334.0,133.26,3.1
FL10205,2023-09-01,9,Autumn,Friday,PolarAir,Boeing 787,Bristol,Malaga,Bristol → Malaga,1620,09:10,52.0,46.0,193.0,145,Weather,0,326.0,146.14,2.6
FL10580,2023-09-01,9,Autumn,Friday,Atlantic Wings,Boeing 787,London Stansted,Warsaw Chopin,London Stansted → Warsaw Chopin,1470,13:35,55.0,57.0,195.0,135,Technical,0,222.0,140.14,3.0
FL12661,2023-09-01,9,Autumn,Friday,CloudJet,Airbus A380,London Heathrow,New York JFK,London Heathrow → New York JFK,5570,16:35,0.0,0.0,419.0,420,On Time,0,404.0,374.73,3.9
FL11503,2023-09-01,9,Autumn,Friday,Atlantic Wings,Boeing 777,London Heathrow,New York JFK,London Heathrow → New York JFK,5570,13:35,32.0,42.0,461.0,420,Late Aircraft,0,193.0,426.0,2.7
FL10752,2023-09-01,9,Autumn,Friday,AeroSwift,Airbus A320,London Heathrow,New York JFK,London Heathrow → New York JFK,5570,13:50,13.0,7.0,431.0,420,Technical,0,232.0,252.49,3.9
FL13661,2023-09-02,9,Autumn,Saturday,AeroSwift,Boeing 737,Bristol,Malaga,Bristol → Malaga,1620,22:45,0.0,9.0,149.0,145,On Time,0,132.0,96.68,4.6
FL14301,2023-09-02,9,Autumn,Saturday,NovaStar,Boeing 777,London Heathrow,Singapore Changi,London Heathrow → Singapore Changi,10840,16:30,9.0,7.0,757.0,745,Crew Availability,0,326.0,521.03,3.7
FL10034,2023-09-02,9,Autumn,Saturday,CloudJet,Boeing 737,Bristol,Malaga,Bristol → Malaga,1620,06:20,119.0,121.0,263.0,145,Air Traffic Control,0,130.0,87.79,1.2
FL14675,2023-09-02,9,Autumn,Saturday,AeroSwift,Airbus A320,London Heathrow,New York JFK,London Heathrow → New York JFK,5570,20:30,3.0,0.0,421.0,420,Technical,0,258.0,281.13,3.3
FL10198,2023-09-02,9,Autumn,Saturday,SkyWing Air,,Edinburgh,Amsterdam,Edinburgh → Amsterdam,700,22:30,6.0,17.0,98.0,85,Security,0,,65.37,4.0
FL12392,2023-09-02,9,Autumn,Saturday,Atlantic Wings,Airbus A380,London Heathrow,Singapore Changi,London Heathrow → Singapore Changi,10840,14:00,5.0,5.0,751.0,745,Air Traffic Control,0,180.0,733.77,3.9
FL13026,2023-09-02,9,Autumn,Saturday,NovaStar,Embraer E190,London Heathrow,Toronto Pearson,London Heathrow → Toronto Pearson,5730,07:25,0.0,0.0,425.0,430,On Time,0,186.0,352.29,4.0
FL10668,2023-09-02,9,Autumn,Saturday,AeroSwift,Boeing 777,London Stansted,Warsaw Chopin,London Stansted → Warsaw Chopin,1470,18:10,0.0,7.0,140.0,135,On Time,0,67.0,117.95,4.0
FL10051,2023-09-03,9,Autumn,Sunday,AeroSwift,Boeing 737,Glasgow,Dublin,Glasgow → Dublin,220,09:00,4.0,18.0,78.0,50,Security,0,209.0,49.0,3.0
FL10325,2023-09-03,9,Autumn,Sunday,NovaStar,Embraer E190,London Stansted,Warsaw Chopin,London Stansted → Warsaw Chopin,1470,11:50,1.0,13.0,151.0,135,Crew Availability,0,271.0,49.0,3.3
FL12943,2023-09-03,9,Autumn,Sunday,NovaStar,Boeing 777,Birmingham,Istanbul,Birmingham → Istanbul,2680,15:20,5.0,11.0,224.0,210,Security,0,226.0,156.35,3.9
FL14022,2023-09-03,9,Autumn,Sunday,NovaStar,Airbus A380,Manchester,Barcelona,Manchester → Barcelona,1440,05:40,0.0,0.0,125.0,130,On Time,0,412.0,117.94,3.8
FL10153,2023-09-03,9,Autumn,Sunday,NovaStar,Airbus A380,Birmingham,Istanbul,Birmingham → Istanbul,2680,12:30,4.0,16.0,230.0,210,Air Traffic Control,0,193.0,177.36,3.5
FL13639,2023-09-03,9,Autumn,Sunday,AeroSwift,Boeing 737,London Heathrow,New York JFK,London Heathrow → New York JFK,5570,06:10,0.0,4.0,432.0,420,On Time,0,199.0,293.85,4.3
FL12683,2023-09-03,9,Autumn,Sunday,PolarAir,Boeing 737,Glasgow,Dublin,Glasgow → Dublin,220,10:10,92.0,91.0,139.0,50,Air Traffic Control,0,332.0,57.91,1.3
FL13147,2023-09-03,9,Autumn,Sunday,CloudJet,Embraer E190,Birmingham,Istanbul,Birmingham → Istanbul,2680,10:40,0.0,0.0,212.0,210,On Time,0,194.0,150.82,4.3
FL12495,2023-09-04,9,Autumn,Monday,NovaStar,Airbus A320,London Heathrow,Dubai,London Heathrow → Dubai,5490,18:15,0.0,0.0,417.0,415,On Time,0,262.0,314.1,
FL10124,2023-09-04,9,Autumn,Monday,AeroSwift,Airbus A320,London Stansted,Warsaw Chopin,London Stansted → Warsaw Chopin,1470,21:00,1.0,12.0,157.0,135,Crew Availability,0,206.0,111.52,3.8
FL14967,2023-09-04,9,Autumn,Monday,SkyWing Air,Airbus A320,Edinburgh,Amsterdam,Edinburgh → Amsterdam,700,09:50,25.0,30.0,115.0,85,Weather,0,285.0,49.0,4.3
FL11805,2023-09-04,9,Autumn,Monday,NovaStar,Airbus A320,Birmingham,Istanbul,Birmingham → Istanbul,2680,07:10,0.0,4.0,223.0,210,On Time,0,338.0,107.65,4.1
FL12919,2023-09-04,9,Autumn,Monday,PolarAir,Boeing 737,London Heathrow,Dubai,London Heathrow → Dubai,5490,22:55,2.0,10.0,435.0,415,Security,0,71.0,373.33,3.4
FL11483,2023-09-05,9,Autumn,Tuesday,NovaStar,Boeing 737,London Gatwick,Rome Fiumicino,London Gatwick → Rome Fiumicino,1430,09:10,4.0,8.0,142.0,135,Crew Availability,0,293.0,69.47,4.1
FL12843,2023-09-05,9,Autumn,Tuesday,PolarAir,Boeing 737,London Heathrow,Toronto Pearson,London Heathrow → Toronto Pearson,5730,10:55,58.0,58.0,488.0,430,Late Aircraft,0,356.0,397.5,2.7
FL14203,2023-09-05,9,Autumn,Tuesday,CloudJet,Boeing 737,London Heathrow,New York JFK,London Heathrow → New York JFK,5570,21:05,6.0,14.0,443.0,420,Air Traffic Control,0,210.0,310.93,3.1
FL10724,2023-09-06,9,Autumn,Wednesday,NovaStar,Airbus A320,Glasgow,Dublin,Glasgow → Dublin,220,21:45,0.0,10.0,64.0,50,On Time,0,,49.0,4.7
FL14466,2023-09-06,9,Autumn,Wednesday,Atlantic Wings,Boeing 737,Manchester,Barcelona,Manchester → Barcelona,1440,19:10,17.0,16.0,156.0,130,Late Aircraft,0,141.0,79.22,3.6
FL12117,2023-09-06,9,Autumn,Wednesday,CloudJet,Boeing 737,London Heathrow,Singapore Changi,London Heathrow → Singapore Changi,10840,16:50,4.0,10.0,751.0,745,Late Aircraft,0,88.0,640.8,3.4
FL11030,2023-09-06,9,Autumn,Wednesday,AeroSwift,Airbus A320,London Stansted,Warsaw Chopin,London Stansted → Warsaw Chopin,1470,11:50,12.0,14.0,157.0,135,Weather,0,267.0,60.18,4.2
FL14964,2023-09-06,9,Autumn,Wednesday,CloudJet,Airbus A380,London Heathrow,Toronto Pearson,London Heathrow → Toronto Pearson,5730,22:40,0.0,6.0,432.0,430,On Time,0,95.0,377.43,4.6
FL10331,2023-09-06,9,Autumn,Wednesday,SkyWing Air,Boeing 777,London Heathrow,New York JFK,London Heathrow → New York JFK,5570,15:55,23.0,34.0,460.0,420,Technical,0,105.0,391.55,3.4
FL14591,2023-09-06,9,Autumn,Wednesday,Atlantic Wings,Boeing 737,London Gatwick,Rome Fiumicino,London Gatwick → Rome Fiumicino,1430,19:15,23.0,36.0,166.0,135,Technical,0,398.0,55.34,4.0
FL13419,2023-09-06,9,Autumn,Wednesday,Atlantic Wings,Airbus A380,Glasgow,Dublin,Glasgow → Dublin,220,18:55,3.0,0.0,47.0,50,Weather,0,382.0,57.88,4.2
FL12983,2023-09-06,9,Autumn,Wednesday,SkyWing Air,Airbus A320,Bristol,Malaga,Bristol → Malaga,1620,07:10,3.0,0.0,147.0,145,Crew Availability,0,135.0,84.57,3.4
FL13655,2023-09-06,9,Autumn,Wednesday,CloudJet,Boeing 777,Leeds Bradford,Alicante,Leeds Bradford → Alicante,1590,09:15,67.0,76.0,227.0,145,Security,0,94.0,65.84,2.2
FL12654,2023-09-07,9,Autumn,Thursday,Atlantic Wings,Boeing 787,Bristol,Malaga,Bristol → Malaga,1620,16:00,80.0,82.0,226.0,145,Technical,0,241.0,144.18,3.0
FL12029,2023-09-07,9,Autumn,Thursday,AeroSwift,Embraer E190,Edinburgh,Amsterdam,Edinburgh → Amsterdam,700,17:50,0.0,10.0,97.0,85,On Time,0,397.0,49.0,4.0
FL11316,2023-09-07,9,Autumn,Thursday,Atlantic Wings,Boeing 787,London Heathrow,Singapore Changi,London Heathrow → Singapore Changi,10840,10:45,5.0,14.0,768.0,745,Security,0,267.0,775.96,3.1
FL14456,2023-09-07,9,Autumn,Thursday,NovaStar,Boeing 737,Bristol,Malaga,Bristol → Malaga,1620,14:15,21.0,32.0,186.0,145,Technical,0,350.0,74.25,4.0
FL14771,2023-09-07,9,Autumn,Thursday,Atlantic Wings,Boeing 787,London Heathrow,Singapore Changi,London Heathrow → Singapore Changi,10840,07:35,3.0,14.0,765.0,745,Security,0,164.0,774.21,4.3
FL11815,2023-09-07,9,Autumn,Thursday,SkyWing Air,Boeing 737,London Heathrow,Singapore Changi,London Heathrow → Singapore Changi,10840,09:05,30.0,36.0,787.0,745,Air Traffic Control,0,289.0,766.31,4.2
FL11264,2023-09-07,9,Autumn,Thursday,CloudJet,Boeing 777,London Heathrow,Toronto Pearson,London Heathrow → Toronto Pearson,5730,14:10,,,,430,Late Aircraft,1,96.0,349.96,
FL11854,2023-09-08,9,Autumn,Friday,NovaStar,Boeing 777,Birmingham,Istanbul,Birmingham → Istanbul,2680,15:30,0.0,2.0,212.0,210,On Time,0,162.0,117.6,4.8
FL14300,2023-09-08,9,Autumn,Friday,PolarAir,Airbus A320,London Stansted,Warsaw Chopin,London Stansted → Warsaw Chopin,1470,06:35,75.0,83.0,213.0,135,Weather,0,289.0,94.4,3.0
FL14942,2023-09-08,9,Autumn,Friday,NovaStar,Boeing 787,Leeds Bradford,Alicante,Leeds Bradford → Alicante,1590,08:30,20.0,14.0,167.0,145,Security,0,251.0,137.7,3.3
FL11716,2023-09-08,9,Autumn,Friday,PolarAir,Airbus A380,Birmingham,Istanbul,Birmingham → Istanbul,2680,10:15,55.0,64.0,273.0,210,Security,0,184.0,123.11,3.1
FL10846,2023-09-08,9,Autumn,Friday,AeroSwift,Airbus A380,Leeds Bradford,Alicante,Leeds Bradford → Alicante,1590,10:10,0.0,11.0,159.0,145,On Time,0,342.0,121.77,4.1
FL12124,2023-09-08,9,Autumn,Friday,NovaStar,Boeing 737,Glasgow,Dublin,Glasgow → Dublin,220,07:05,0.0,8.0,68.0,50,On Time,0,106.0,49.0,4.8
FL13475,2023-09-08,9,Autumn,Friday,CloudJet,Boeing 737,Manchester,Barcelona,Manchester → Barcelona,1440,12:50,5.0,7.0,146.0,130,Air Traffic Control,0,314.0,150.82,4.4
FL12705,2023-09-08,9,Autumn,Friday,Atlantic Wings,Boeing 737,London Heathrow,New York JFK,London Heathrow → New York JFK,5570,07:25,71.0,75.0,501.0,420,Security,0,133.0,364.71,3.3
FL12277,2023-09-09,9,Autumn,Saturday,Atlantic Wings,Airbus A320,London Heathrow,Dubai,London Heathrow → Dubai,5490,19:55,0.0,15.0,433.0,415,On Time,0,193.0,419.36,5.0
FL10204,2023-09-09,9,Autumn,Saturday,AeroSwift,Boeing 787,London Heathrow,New York JFK,London Heathrow → New York JFK,5570,12:00,19.0,22.0,437.0,420,Crew Availability,0,231.0,322.81,3.0
FL10898,2023-09-09,9,Autumn,Saturday,AeroSwift,Boeing 777,Bristol,Malaga,Bristol → Malaga,1620,05:15,0.0,1.0,148.0,145,On Time,0,70.0,91.65,4.8
FL13897,2023-09-09,9,Autumn,Saturday,PolarAir,Boeing 737,Manchester,Barcelona,Manchester → Barcelona,1440,07:35,16.0,30.0,157.0,130,Weather,0,117.0,107.14,3.7
FL10551,2023-09-09,9,Autumn,Saturday,AeroSwift,Boeing 737,Edinburgh,Amsterdam,Edinburgh → Amsterdam,700,10:20,24.0,16.0,100.0,85,Crew Availability,0,254.0,71.44,4.0
FL12866,2023-09-09,9,Autumn,Saturday,Atlantic Wings,Boeing 737,Bristol,Malaga,Bristol → Malaga,1620,10:40,17.0,31.0,178.0,145,Late Aircraft,0,321.0,139.33,4.3
FL11678,2023-09-10,9,Autumn,Sunday,CloudJet,Boeing 737,Manchester,Barcelona,Manchester → Barcelona,1440,18:15,48.0,63.0,197.0,130,Air Traffic Control,0,343.0,52.83,2.4
FL10285,2023-09-10,9,Autumn,Sunday,AeroSwift,Airbus A380,Leeds Bradford,Alicante,Leeds Bradford → Alicante,1590,05:30,14.0,17.0,167.0,145,Technical,0,305.0,75.25,3.7
FL10348,2023-09-10,9,Autumn,Sunday,AeroSwift,Airbus A320,London Heathrow,Dubai,London Heathrow → Dubai,5490,08:30,0.0,10.0,422.0,415,On Time,0,117.0,280.82,4.6
FL14665,2023-09-10,9,Autumn,Sunday,NovaStar,Boeing 737,London Gatwick,Rome Fiumicino,London Gatwick → Rome Fiumicino,1430,17:50,0.0,14.0,145.0,135,On Time,0,91.0,55.44,4.9
FL13953,2023-09-10,9,Autumn,Sunday,Atlantic Wings,Airbus A320,London Heathrow,Toronto Pearson,London Heathrow → Toronto Pearson,5730,10:20,4.0,0.0,428.0,430,Technical,0,63.0,384.9,3.1
FL14722,2023-09-10,9,Autumn,Sunday,NovaStar,Boeing 737,Edinburgh,Amsterdam,Edinburgh → Amsterdam,700,13:45,17.0,13.0,97.0,85,Crew Availability,0,202.0,49.0,4.3
FL10588,2023-09-10,9,Autumn,Sunday,AeroSwift,Boeing 737,Bristol,Malaga,Bristol → Malaga,1620,16:25,0.0,13.0,153.0,145,On Time,0,417.0,72.65,4.6
FL11365,2023-09-11,9,Autumn,Monday,PolarAir,Airbus A320,Glasgow,Dublin,Glasgow → Dublin,220,20:05,,,,50,Weather,1,157.0,49.0,1.2
FL11368,2023-09-11,9,Autumn,Monday,SkyWing Air,Boeing 737,London Stansted,Warsaw Chopin,London Stansted → Warsaw Chopin,1470,07:45,13.0,18.0,162.0,135,Weather,0,317.0,102.64,4.0
FL12494,2023-09-11,9,Autumn,Monday,Atlantic Wings,Boeing 777,London Stansted,Warsaw Chopin,London Stansted → Warsaw Chopin,1470,15:00,8.0,21.0,156.0,135,Technical,0,74.0,85.36,3.1
FL12493,2023-09-11,9,Autumn,Monday,NovaStar,Boeing 737,London Heathrow,New York JFK,London Heathrow → New York JFK,5570,14:45,2.0,2.0,430.0,420,Late Aircraft,0,359.0,282.22,3.1
FL14442,2023-09-11,9,Autumn,Monday,PolarAir,Boeing 787,Leeds Bradford,Alicante,Leeds Bradford → Alicante,1590,08:05,31.0,38.0,191.0,145,Security,0,304.0,121.62,2.6
FL13898,2023-09-11,9,Autumn,Monday,CloudJet,Boeing 737,London Heathrow,Dubai,London Heathrow → Dubai,5490,20:30,4.0,5.0,423.0,415,Air Traffic Control,0,414.0,354.22,3.9
FL12102,2023-09-11,9,Autumn,Monday,PolarAir,Airbus A320,London Heathrow,Dubai,London Heathrow → Dubai,5490,06:40,43.0,56.0,471.0,415,Late Aircraft,0,101.0,293.79,2.4
FL14334,2023-09-12,9,Autumn,Tuesday,CloudJet,Airbus A320,London Heathrow,Dubai,London Heathrow → Dubai,5490,14:40,7.0,2.0,425.0,415,Technical,0,341.0,373.36,3.8
FL10123,2023-09-12,9,Autumn,Tuesday,AeroSwift,Boeing 787,Birmingham,Istanbul,Birmingham → Istanbul,2680,10:55,0.0,0.0,220.0,210,On Time,0,323.0,178.32,4.4
FL10905,2023-09-12,9,Autumn,Tuesday,NovaStar,Embraer E190,Manchester,Barcelona,Manchester → Barcelona,1440,16:00,0.0,7.0,135.0,130,On Time,0,229.0,123.28,3.9
FL10850,2023-09-12,9,Autumn,Tuesday,CloudJet,Boeing 777,London Gatwick,Rome Fiumicino,London Gatwick → Rome Fiumicino,1430,12:40,57.0,63.0,198.0,135,Weather,0,309.0,136.58,2.0
FL12607,2023-09-12,9,Autumn,Tuesday,Atlantic Wings,Airbus A380,London Gatwick,Rome Fiumicino,London Gatwick → Rome Fiumicino,1430,11:25,50.0,64.0,200.0,135,Technical,0,336.0,90.5,2.9
FL14753,2023-09-13,9,Autumn,Wednesday,AeroSwift,Embraer E190,London Heathrow,Dubai,London Heathrow → Dubai,5490,09:25,3.0,11.0,433.0,415,Technical,0,166.0,313.49,3.1
FL14726,2023-09-13,9,Autumn,Wednesday,PolarAir,Airbus A320,Leeds Bradford,Alicante,Leeds Bradford → Alicante,1590,21:45,36.0,32.0,183.0,145,Technical,0,,117.93,2.3
FL14539,2023-09-13,9,Autumn,Wednesday,SkyWing Air,Boeing 737,Bristol,Malaga,Bristol → Malaga,1620,13:55,12.0,11.0,163.0,145,Security,0,330.0,116.36,3.2
FL13045,2023-09-13,9,Autumn,Wednesday,SkyWing Air,Boeing 737,Manchester,Barcelona,Manchester → Barcelona,1440,09:30,0.0,5.0,131.0,130,On Time,0,393.0,94.81,4.1
FL14921,2023-09-13,9,Autumn,Wednesday,AeroSwift,Airbus A320,Birmingham,Istanbul,Birmingham → Istanbul,2680,08:15,0.0,13.0,223.0,210,On Time,0,321.0,165.1,4.0
FL11979,2023-09-13,9,Autumn,Wednesday,Atlantic Wings,Boeing 787,Birmingham,Istanbul,Birmingham → Istanbul,2680,10:25,28.0,27.0,241.0,210,Crew Availability,0,372.0,255.07,4.4
FL13069,2023-09-13,9,Autumn,Wednesday,SkyWing Air,Boeing 777,London Heathrow,Singapore Changi,London Heathrow → Singapore Changi,10840,11:30,7.0,15.0,769.0,745,Technical,0,417.0,734.23,3.1
FL12610,2023-09-14,9,Autumn,Thursday,PolarAir,Airbus A380,London Heathrow,Singapore Changi,London Heathrow → Singapore Changi,10840,13:10,13.0,11.0,766.0,745,Crew Availability,0,72.0,676.54,3.3
FL13679,2023-09-14,9,Autumn,Thursday,Atlantic Wings,Boeing 787,Leeds Bradford,Alicante,Leeds Bradford → Alicante,1590,11:50,,,,145,Air Traffic Control,1,306.0,152.17,1.1
FL10271,2023-09-15,9,Autumn,Friday,AeroSwift,Embraer E190,London Stansted,Warsaw Chopin,London Stansted → Warsaw Chopin,1470,19:35,18.0,30.0,171.0,135,Crew Availability,0,361.0,106.67,3.8
FL12365,2023-09-15,9,Autumn,Friday,PolarAir,Boeing 787,Manchester,Barcelona,Manchester → Barcelona,1440,12:35,21.0,33.0,163.0,130,Technical,0,65.0,102.07,4.5
FL10889,2023-09-15,9,Autumn,Friday,CloudJet,Boeing 737,London Heathrow,Dubai,London Heathrow → Dubai,5490,07:55,57.0,56.0,481.0,415,Security,0,173.0,343.47,2.9
FL12378,2023-09-15,9,Autumn,Friday,SkyWing Air,Boeing 737,Bristol,Malaga,Bristol → Malaga,1620,16:10,8.0,8.0,161.0,145,Technical,0,419.0,136.04,3.7
FL14728,2023-09-15,9,Autumn,Friday,AeroSwift,Airbus A320,Manchester,Barcelona,Manchester → Barcelona,1440,13:45,5.0,1.0,128.0,130,Late Aircraft,0,379.0,94.95,3.3
FL14933,2023-09-15,9,Autumn,Friday,Atlantic Wings,Airbus A320,Bristol,Malaga,Bristol → Malaga,1620,16:55,2.0,0.0,151.0,145,Crew Availability,0,255.0,152.32,3.3
FL14337,2023-09-16,9,Autumn,Saturday,CloudJet,Airbus A380,London Heathrow,Toronto Pearson,London Heathrow → Toronto Pearson,5730,08:45,41.0,39.0,478.0,430,Weather,0,393.0,339.79,3.0
FL11376,2023-09-16,9,Autumn,Saturday,CloudJet,Boeing 737,Glasgow,Dublin,Glasgow → Dublin,220,05:15,,,,50,Security,1,353.0,74.12,1.8
FL11381,2023-09-16,9,Autumn,Saturday,AeroSwift,Boeing 777,London Stansted,Warsaw Chopin,London Stansted → Warsaw Chopin,1470,13:00,0.0,0.0,140.0,135,On Time,0,276.0,133.29,4.5
FL14522,2023-09-16,9,Autumn,Saturday,SkyWing Air,Boeing 777,Glasgow,Dublin,Glasgow → Dublin,220,09:40,16.0,25.0,85.0,50,Crew Availability,0,240.0,49.0,3.7
FL14056,2023-09-16,9,Autumn,Saturday,NovaStar,Airbus A380,London Gatwick,Rome Fiumicino,London Gatwick → Rome Fiumicino,1430,08:20,5.0,0.0,136.0,135,Air Traffic Control,0,214.0,124.04,4.4
FL10787,2023-09-16,9,Autumn,Saturday,PolarAir,Airbus A380,London Gatwick,Rome Fiumicino,London Gatwick → Rome Fiumicino,1430,12:10,,,,135,Crew Availability,1,349.0,124.95,1.9
FL12475,2023-09-16,9,Autumn,Saturday,AeroSwift,Airbus A380,Manchester,Barcelona,Manchester → Barcelona,1440,22:55,,,,130,Weather,1,297.0,76.14,1.9
FL12921,2023-09-16,9,Autumn,Saturday,AeroSwift,Embraer E190,Edinburgh,Amsterdam,Edinburgh → Amsterdam,700,13:35,0.0,0.0,94.0,85,On Time,0,175.0,49.0,4.7
FL11488,2023-09-17,9,Autumn,Sunday,CloudJet,Boeing 777,London Heathrow,Singapore Changi,London Heathrow → Singapore Changi,10840,07:05,36.0,42.0,790.0,745,Technical,0,287.0,644.36,2.6
FL11162,2023-09-17,9,Autumn,Sunday,NovaStar,Boeing 777,Bristol,Malaga,Bristol → Malaga,1620,14:55,4.0,10.0,164.0,145,Security,0,61.0,53.25,3.3
FL12634,2023-09-17,9,Autumn,Sunday,CloudJet,Airbus A320,London Gatwick,Rome Fiumicino,London Gatwick → Rome Fiumicino,1430,20:55,25.0,20.0,152.0,135,Crew Availability,0,,154.53,3.2
FL10404,2023-09-17,9,Autumn,Sunday,CloudJet,Boeing 777,Bristol,Malaga,Bristol → Malaga,1620,13:05,15.0,15.0,165.0,145,Late Aircraft,0,191.0,84.94,3.2
FL11315,2023-09-17,9,Autumn,Sunday,AeroSwift,Boeing 787,London Heathrow,Singapore Changi,London Heathrow → Singapore Changi,10840,06:50,,,,745,Security,1,393.0,544.21,1.7
FL13892,2023-09-17,9,Autumn,Sunday,NovaStar,,Birmingham,Istanbul,Birmingham → Istanbul,2680,19:40,6.0,12.0,224.0,210,Air Traffic Control,0,134.0,184.23,4.1
FL10298,2023-09-18,9,Autumn,Monday,PolarAir,Boeing 787,Edinburgh,Amsterdam,Edinburgh → Amsterdam,700,09:05,17.0,26.0,114.0,85,Late Aircraft,0,156.0,59.21,3.0
FL13021,2023-09-18,9,Autumn,Monday,Atlantic Wings,Airbus A320,London Heathrow,Dubai,London Heathrow → Dubai,5490,12:10,24.0,33.0,454.0,415,Weather,0,213.0,368.66,4.4
FL13980,2023-09-18,9,Autumn,Monday,PolarAir,Boeing 777,London Heathrow,Dubai,London Heathrow → Dubai,5490,14:50,2.0,0.0,418.0,415,Crew Availability,0,158.0,349.07,3.6
FL12814,2023-09-18,9,Autumn,Monday,AeroSwift,Boeing 777,London Heathrow,Dubai,London Heathrow → Dubai,5490,09:20,5.0,0.0,418.0,415,Security,0,154.0,315.78,3.1
FL12512,2023-09-18,9,Autumn,Monday,SkyWing Air,Airbus A380,Bristol,Malaga,Bristol → Malaga,1620,13:45,,,,145,Crew Availability,1,212.0,71.72,1.8
FL14341,2023-09-19,9,Autumn,Tuesday,CloudJet,Airbus A380,Edinburgh,Amsterdam,Edinburgh → Amsterdam,700,05:50,1.0,5.0,89.0,85,Late Aircraft,0,105.0,76.51,4.5
FL11026,2023-09-19,9,Autumn,Tuesday,AeroSwift,Boeing 787,London Heathrow,New York JFK,London Heathrow → New York JFK,5570,06:10,0.0,0.0,430.0,420,On Time,0,93.0,315.2,4.1
FL14312,2023-09-19,9,Autumn,Tuesday,PolarAir,Boeing 737,Leeds Bradford,Alicante,Leeds Bradford → Alicante,1590,07:10,0.0,0.0,152.0,145,On Time,0,116.0,78.77,4.4
FL13608,2023-09-19,9,Autumn,Tuesday,SkyWing Air,Airbus A320,Leeds Bradford,Alicante,Leeds Bradford → Alicante,1590,12:20,14.0,13.0,165.0,145,Weather,0,208.0,83.35,3.1
FL14534,2023-09-19,9,Autumn,Tuesday,PolarAir,Boeing 777,Leeds Bradford,Alicante,Leeds Bradford → Alicante,1590,11:05,0.0,2.0,155.0,145,On Time,0,92.0,85.94,3.9
FL12582,2023-09-20,9,Autumn,Wednesday,Atlantic Wings,Airbus A320,Birmingham,Istanbul,Birmingham → Istanbul,2680,12:30,7.0,1.0,213.0,210,Crew Availability,0,,192.15,3.8
FL10920,2023-09-20,9,Autumn,Wednesday,Atlantic Wings,Boeing 787,Leeds Bradford,Alicante,Leeds Bradford → Alicante,1590,16:30,0.0,1.0,150.0,145,On Time,0,351.0,143.07,4.1
FL11834,2023-09-21,9,Autumn,Thursday,AeroSwift,Airbus A320,Bristol,Malaga,Bristol → Malaga,1620,11:55,16.0,21.0,169.0,145,Security,0,79.0,110.97,3.8
FL13905,2023-09-21,9,Autumn,Thursday,NovaStar,Airbus A320,London Heathrow,Singapore Changi,London Heathrow → Singapore Changi,10840,16:35,23.0,37.0,790.0,745,Security,0,191.0,530.88,3.4
FL11326,2023-09-22,9,Autumn,Friday,CloudJet,Airbus A320,London Stansted,Warsaw Chopin,London Stansted → Warsaw Chopin,1470,13:15,23.0,23.0,161.0,135,Late Aircraft,0,68.0,125.34,3.8
FL10820,2023-09-22,9,Autumn,Friday,AeroSwift,Embraer E190,Glasgow,Dublin,Glasgow → Dublin,220,08:55,1.0,6.0,65.0,50,Weather,0,204.0,50.52,3.1
FL13316,2023-09-22,9,Autumn,Friday,Atlantic Wings,Airbus A320,London Gatwick,Rome Fiumicino,London Gatwick → Rome Fiumicino,1430,17:00,32.0,39.0,177.0,135,Air Traffic Control,0,147.0,151.82,2.4
FL11941,2023-09-22,9,Autumn,Friday,Atlantic Wings,Boeing 777,London Heathrow,Singapore Changi,London Heathrow → Singapore Changi,10840,06:25,26.0,18.0,770.0,745,Late Aircraft,0,362.0,715.08,4.1
FL12449,2023-09-22,9,Autumn,Friday,CloudJet,Airbus A320,London Heathrow,Singapore Changi,London Heathrow → Singapore Changi,10840,07:35,83.0,96.0,839.0,745,Air Traffic Control,0,297.0,634.87,3.0
FL13116,2023-09-22,9,Autumn,Friday,NovaStar,Boeing 787,London Heathrow,Toronto Pearson,London Heathrow → Toronto Pearson,5730,22:00,0.0,14.0,452.0,430,On Time,0,,274.14,3.9
FL13550,2023-09-22,9,Autumn,Friday,SkyWing Air,Boeing 737,Manchester,Barcelona,Manchester → Barcelona,1440,06:30,5.0,4.0,140.0,130,Crew Availability,0,61.0,137.64,3.9
FL14006,2023-09-23,9,Autumn,Saturday,Atlantic Wings,Boeing 777,London Heathrow,Toronto Pearson,London Heathrow → Toronto Pearson,5730,21:55,76.0,88.0,518.0,430,Late Aircraft,0,264.0,373.84,3.2
FL12158,2023-09-23,9,Autumn,Saturday,SkyWing Air,Airbus A320,Edinburgh,Amsterdam,Edinburgh → Amsterdam,700,12:40,19.0,28.0,114.0,85,Air Traffic Control,0,302.0,49.0,4.2
FL11432,2023-09-23,9,Autumn,Saturday,SkyWing Air,Airbus A380,Glasgow,Dublin,Glasgow → Dublin,220,22:35,12.0,21.0,69.0,50,Weather,0,352.0,49.0,3.0
FL13610,2023-09-23,9,Autumn,Saturday,AeroSwift,Embraer E190,Birmingham,Istanbul,Birmingham → Istanbul,2680,14:45,0.0,0.0,215.0,210,On Time,0,353.0,180.69,4.2
FL13636,2023-09-23,9,Autumn,Saturday,AeroSwift,Boeing 737,Glasgow,Dublin,Glasgow → Dublin,220,15:35,,,,50,Weather,1,371.0,49.0,2.1
FL10516,2023-09-23,9,Autumn,Saturday,Atlantic Wings,Airbus A320,Glasgow,Dublin,Glasgow → Dublin,220,06:00,37.0,32.0,86.0,50,Late Aircraft,0,353.0,49.0,3.1
FL11467,2023-09-23,9,Autumn,Saturday,PolarAir,Airbus A320,London Heathrow,Toronto Pearson,London Heathrow → Toronto Pearson,5730,19:30,3.0,16.0,452.0,430,Crew Availability,0,93.0,365.74,3.7
FL13960,2023-09-24,9,Autumn,Sunday,PolarAir,Airbus A320,London Gatwick,Rome Fiumicino,London Gatwick → Rome Fiumicino,1430,07:25,0.0,0.0,137.0,135,On Time,0,331.0,103.07,3.9
FL11989,2023-09-24,9,Autumn,Sunday,PolarAir,Airbus A320,Bristol,Malaga,Bristol → Malaga,1620,21:00,57.0,61.0,214.0,145,Security,0,290.0,138.86,2.6
FL13089,2023-09-24,9,Autumn,Sunday,CloudJet,Boeing 737,London Heathrow,Toronto Pearson,London Heathrow → Toronto Pearson,5730,14:45,7.0,15.0,445.0,430,Security,0,321.0,316.11,4.3
FL12721,2023-09-24,9,Autumn,Sunday,CloudJet,Airbus A320,Bristol,Malaga,Bristol → Malaga,1620,21:45,89.0,98.0,251.0,145,Crew Availability,0,252.0,107.13,2.3
FL10617,2023-09-24,9,Autumn,Sunday,PolarAir,Boeing 787,London Heathrow,Toronto Pearson,London Heathrow → Toronto Pearson,5730,22:30,9.0,9.0,447.0,430,Crew Availability,0,415.0,337.32,3.2
FL10480,2023-09-24,9,Autumn,Sunday,AeroSwift,Boeing 787,London Heathrow,Dubai,London Heathrow → Dubai,5490,14:10,19.0,14.0,437.0,415,Weather,0,292.0,281.27,4.2
FL14763,2023-09-24,9,Autumn,Sunday,AeroSwift,Boeing 777,Leeds Bradford,Alicante,Leeds Bradford → Alicante,1590,08:55,4.0,0.0,151.0,145,Crew Availability,0,390.0,103.67,4.2
FL12151,2023-09-24,9,Autumn,Sunday,CloudJet,Airbus A320,Glasgow,Dublin,Glasgow → Dublin,220,22:40,0.0,15.0,68.0,50,On Time,0,189.0,49.0,4.8
FL10316,2023-09-24,9,Autumn,Sunday,CloudJet,Boeing 777,Birmingham,Istanbul,Birmingham → Istanbul,2680,09:20,42.0,47.0,263.0,210,Weather,0,407.0,151.74,3.4
FL10244,2023-09-24,9,Autumn,Sunday,NovaStar,Airbus A320,London Gatwick,Rome Fiumicino,London Gatwick → Rome Fiumicino,1430,06:05,2.0,14.0,146.0,135,Security,0,301.0,100.42,4.3
FL11128,2023-09-25,9,Autumn,Monday,NovaStar,Boeing 737,London Heathrow,Singapore Changi,London Heathrow → Singapore Changi,10840,11:40,10.0,17.0,771.0,745,Crew Availability,0,179.0,582.9,4.1
FL13131,2023-09-25,9,Autumn,Monday,PolarAir,Airbus A320,London Heathrow,Singapore Changi,London Heathrow → Singapore Changi,10840,10:10,51.0,47.0,799.0,745,Air Traffic Control,0,372.0,709.85,2.6
FL12254,2023-09-25,9,Autumn,Monday,NovaStar,Boeing 737,London Stansted,Warsaw Chopin,London Stansted → Warsaw Chopin,1470,10:00,1.0,9.0,142.0,135,Late Aircraft,0,256.0,108.89,4.2
FL11144,2023-09-25,9,Autumn,Monday,AeroSwift,Boeing 737,London Heathrow,New York JFK,London Heathrow → New York JFK,5570,09:50,0.0,13.0,430.0,420,On Time,0,117.0,290.99,4.9
FL14844,2023-09-25,9,Autumn,Monday,CloudJet,Airbus A320,London Stansted,Warsaw Chopin,London Stansted → Warsaw Chopin,1470,11:30,0.0,15.0,153.0,135,On Time,0,89.0,101.84,4.1
FL14405,2023-09-25,9,Autumn,Monday,PolarAir,Airbus A320,Bristol,Malaga,Bristol → Malaga,1620,12:20,11.0,16.0,162.0,145,Crew Availability,0,,134.6,3.2
FL12878,2023-09-25,9,Autumn,Monday,SkyWing Air,Boeing 777,London Heathrow,Singapore Changi,London Heathrow → Singapore Changi,10840,20:20,0.0,14.0,767.0,745,On Time,0,116.0,751.19,4.7
FL14050,2023-09-25,9,Autumn,Monday,AeroSwift,Airbus A320,Edinburgh,Amsterdam,Edinburgh → Amsterdam,700,06:50,53.0,66.0,151.0,85,Weather,0,282.0,49.0,2.5
FL11325,2023-09-26,9,Autumn,Tuesday,CloudJet,Boeing 737,Leeds Bradford,Alicante,Leeds Bradford → Alicante,1590,12:55,9.0,3.0,146.0,145,Air Traffic Control,0,262.0,109.5,3.9
FL11156,2023-09-26,9,Autumn,Tuesday,PolarAir,Boeing 737,Manchester,Barcelona,Manchester → Barcelona,1440,15:40,33.0,25.0,155.0,130,Security,0,301.0,126.56,2.6
FL12028,2023-09-26,9,Autumn,Tuesday,SkyWing Air,,Leeds Bradford,Alicante,Leeds Bradford → Alicante,1590,13:45,0.0,8.0,154.0,145,On Time,0,222.0,114.92,4.9
FL13258,2023-09-26,9,Autumn,Tuesday,PolarAir,Airbus A320,London Heathrow,New York JFK,London Heathrow → New York JFK,5570,22:20,12.0,16.0,437.0,420,Air Traffic Control,0,,387.41,4.0
FL12276,2023-09-26,9,Autumn,Tuesday,NovaStar,Airbus A320,Manchester,Barcelona,Manchester → Barcelona,1440,18:40,8.0,0.0,128.0,130,Technical,0,291.0,100.4,3.8
FL11218,2023-09-27,9,Autumn,Wednesday,AeroSwift,Embraer E190,London Heathrow,Toronto Pearson,London Heathrow → Toronto Pearson,5730,09:05,13.0,8.0,434.0,430,Technical,0,164.0,294.62,3.8
FL10771,2023-09-27,9,Autumn,Wednesday,SkyWing Air,Boeing 787,Manchester,Barcelona,Manchester → Barcelona,1440,12:55,11.0,14.0,146.0,130,Weather,0,98.0,103.28,3.5
FL10946,2023-09-27,9,Autumn,Wednesday,AeroSwift,Boeing 777,Glasgow,Dublin,Glasgow → Dublin,220,14:15,29.0,43.0,94.0,50,Weather,0,155.0,49.0,4.3
FL10486,2023-09-27,9,Autumn,Wednesday,NovaStar,Boeing 777,London Gatwick,Rome Fiumicino,London Gatwick → Rome Fiumicino,1430,10:30,0.0,2.0,147.0,135,On Time,0,137.0,123.49,4.5
FL14221,2023-09-27,9,Autumn,Wednesday,Atlantic Wings,Boeing 787,London Heathrow,Dubai,London Heathrow → Dubai,5490,15:20,42.0,38.0,449.0,415,Air Traffic Control,0,350.0,354.81,3.3
FL13375,2023-09-27,9,Autumn,Wednesday,AeroSwift,Airbus A320,London Heathrow,Dubai,London Heathrow → Dubai,5490,10:20,2.0,0.0,422.0,415,Security,0,296.0,282.13,4.3
FL10308,2023-09-27,9,Autumn,Wednesday,AeroSwift,Boeing 737,London Gatwick,Rome Fiumicino,London Gatwick → Rome Fiumicino,1430,07:50,0.0,2.0,134.0,135,On Time,0,343.0,78.03,4.9
FL14311,2023-09-27,9,Autumn,Wednesday,SkyWing Air,Boeing 737,Leeds Bradford,Alicante,Leeds Bradford → Alicante,1590,09:20,5.0,11.0,156.0,145,Late Aircraft,0,356.0,145.53,3.1
FL13906,2023-09-27,9,Autumn,Wednesday,Atlantic Wings,Airbus A320,Manchester,Barcelona,Manchester → Barcelona,1440,11:10,54.0,60.0,185.0,130,Technical,0,112.0,137.0,3.5
FL11782,2023-09-28,9,Autumn,Thursday,AeroSwift,Airbus A320,Glasgow,Dublin,Glasgow → Dublin,220,07:50,5.0,2.0,58.0,50,Crew Availability,0,116.0,49.0,4.0
FL11244,2023-09-28,9,Autumn,Thursday,Atlantic Wings,Airbus A320,Leeds Bradford,Alicante,Leeds Bradford → Alicante,1590,07:10,88.0,97.0,246.0,145,Air Traffic Control,0,250.0,147.36,2.7
FL13333,2023-09-28,9,Autumn,Thursday,CloudJet,Airbus A380,Glasgow,Dublin,Glasgow → Dublin,220,11:30,0.0,5.0,51.0,50,On Time,0,202.0,75.08,4.8
FL14069,2023-09-28,9,Autumn,Thursday,Atlantic Wings,Boeing 777,London Gatwick,Rome Fiumicino,London Gatwick → Rome Fiumicino,1430,14:30,64.0,63.0,197.0,135,Air Traffic Control,0,110.0,104.81,2.6
FL11585,2023-09-28,9,Autumn,Thursday,Atlantic Wings,Airbus A320,Leeds Bradford,Alicante,Leeds Bradford → Alicante,1590,10:05,49.0,51.0,205.0,145,Crew Availability,0,358.0,128.41,2.1
FL11000,2023-09-28,9,Autumn,Thursday,NovaStar,Boeing 777,London Heathrow,Singapore Changi,London Heathrow → Singapore Changi,10840,09:15,0.0,0.0,749.0,745,On Time,0,157.0,556.7,4.6
FL10052,2023-09-28,9,Autumn,Thursday,Atlantic Wings,Boeing 777,London Stansted,Warsaw Chopin,London Stansted → Warsaw Chopin,1470,20:15,3.0,12.0,146.0,135,Technical,0,196.0,57.73,4.2
FL10519,2023-09-28,9,Autumn,Thursday,NovaStar,Boeing 777,Bristol,Malaga,Bristol → Malaga,1620,05:35,4.0,11.0,164.0,145,Crew Availability,0,143.0,75.29,3.2
FL11342,2023-09-28,9,Autumn,Thursday,SkyWing Air,Airbus A320,London Heathrow,Singapore Changi,London Heathrow → Singapore Changi,10840,07:40,3.0,9.0,764.0,745,Technical,0,382.0,749.76,3.2
FL12268,2023-09-28,9,Autumn,Thursday,SkyWing Air,Boeing 777,Birmingham,Istanbul,Birmingham → Istanbul,2680,09:00,22.0,32.0,239.0,210,Air Traffic Control,0,87.0,151.11,4.3
FL11811,2023-09-28,9,Autumn,Thursday,SkyWing Air,Airbus A380,London Heathrow,Singapore Changi,London Heathrow → Singapore Changi,10840,07:50,0.0,0.0,742.0,745,On Time,0,338.0,681.42,4.3
FL14039,2023-09-28,9,Autumn,Thursday,SkyWing Air,Boeing 737,London Heathrow,Singapore Changi,London Heathrow → Singapore Changi,10840,13:15,34.0,34.0,783.0,745,Technical,0,359.0,759.16,3.4
FL13336,2023-09-29,9,Autumn,Friday,AeroSwift,Airbus A320,Bristol,Malaga,Bristol → Malaga,1620,21:00,21.0,34.0,188.0,145,Late Aircraft,0,76.0,69.39,3.5
FL11410,2023-09-29,9,Autumn,Friday,SkyWing Air,Boeing 787,Birmingham,Istanbul,Birmingham → Istanbul,2680,14:00,5.0,14.0,219.0,210,Security,0,129.0,155.63,3.7
FL13344,2023-09-29,9,Autumn,Friday,AeroSwift,Boeing 737,London Heathrow,Toronto Pearson,London Heathrow → Toronto Pearson,5730,08:35,0.0,0.0,440.0,430,On Time,0,351.0,265.91,4.1
FL10405,2023-09-29,9,Autumn,Friday,AeroSwift,Boeing 737,Bristol,Malaga,Bristol → Malaga,1620,14:15,0.0,0.0,155.0,145,On Time,0,115.0,104.66,4.0
FL11947,2023-09-29,9,Autumn,Friday,CloudJet,,Glasgow,Dublin,Glasgow → Dublin,220,22:40,3.0,12.0,67.0,50,Late Aircraft,0,185.0,75.04,3.2
FL14483,2023-09-29,9,Autumn,Friday,Atlantic Wings,Boeing 737,Leeds Bradford,Alicante,Leeds Bradford → Alicante,1590,07:50,0.0,11.0,164.0,145,On Time,0,322.0,97.33,4.0
FL10717,2023-09-29,9,Autumn,Friday,Atlantic Wings,Embraer E190,Birmingham,Istanbul,Birmingham → Istanbul,2680,07:30,0.0,0.0,214.0,210,On Time,0,157.0,189.1,3.8
FL14177,2023-09-29,9,Autumn,Friday,AeroSwift,Embraer E190,London Heathrow,New York JFK,London Heathrow → New York JFK,5570,07:55,12.0,18.0,440.0,420,Weather,0,280.0,320.42,3.5
FL12309,2023-09-29,9,Autumn,Friday,CloudJet,Boeing 777,Birmingham,Istanbul,Birmingham → Istanbul,2680,20:50,1.0,3.0,222.0,210,Crew Availability,0,399.0,221.19,3.6
FL10225,2023-09-29,9,Autumn,Friday,Atlantic Wings,Airbus A320,London Gatwick,Rome Fiumicino,London Gatwick → Rome Fiumicino,1430,06:05,,,,135,Security,1,341.0,71.02,2.3
FL14062,2023-09-30,9,Autumn,Saturday,NovaStar,Boeing 777,London Heathrow,New York JFK,London Heathrow → New York JFK,5570,19:20,8.0,15.0,432.0,420,Weather,0,163.0,279.99,4.2
FL10481,2023-09-30,9,Autumn,Saturday,CloudJet,Airbus A320,Leeds Bradford,Alicante,Leeds Bradford → Alicante,1590,08:10,0.0,0.0,146.0,145,On Time,0,204.0,69.66,4.7
FL10957,2023-09-30,9,Autumn,Saturday,SkyWing Air,Airbus A320,Bristol,Malaga,Bristol → Malaga,1620,21:15,0.0,0.0,144.0,145,On Time,0,246.0,69.63,4.8
FL14269,2023-10-01,10,Autumn,Sunday,CloudJet,Boeing 737,Edinburgh,Amsterdam,Edinburgh → Amsterdam,700,14:10,46.0,44.0,127.0,85,Technical,0,71.0,100.56,3.3
FL11864,2023-10-01,10,Autumn,Sunday,PolarAir,Boeing 777,Birmingham,Istanbul,Birmingham → Istanbul,2680,08:05,61.0,72.0,288.0,210,Security,0,386.0,143.52,2.3
FL10401,2023-10-01,10,Autumn,Sunday,SkyWing Air,Boeing 777,London Gatwick,Rome Fiumicino,London Gatwick → Rome Fiumicino,1430,20:30,14.0,27.0,164.0,135,Crew Availability,0,404.0,74.17,3.9
FL10057,2023-10-01,10,Autumn,Sunday,NovaStar,Boeing 787,Manchester,Barcelona,Manchester → Barcelona,1440,14:35,15.0,22.0,147.0,130,Weather,0,382.0,52.58,3.9
FL10803,2023-10-01,10,Autumn,Sunday,SkyWing Air,Airbus A320,Manchester,Barcelona,Manchester → Barcelona,1440,14:20,8.0,22.0,160.0,130,Security,0,148.0,163.05,4.0
FL12852,2023-10-01,10,Autumn,Sunday,Atlantic Wings,Airbus A320,Glasgow,Dublin,Glasgow → Dublin,220,22:25,135.0,149.0,209.0,50,Crew Availability,0,259.0,81.46,2.4
FL10255,2023-10-02,10,Autumn,Monday,Atlantic Wings,Airbus A320,London Heathrow,Dubai,London Heathrow → Dubai,5490,06:25,115.0,119.0,543.0,415,Late Aircraft,0,199.0,396.77,2.3
FL11774,2023-10-02,10,Autumn,Monday,NovaStar,Embraer E190,Edinburgh,Amsterdam,Edinburgh → Amsterdam,700,15:40,0.0,0.0,91.0,85,On Time,0,395.0,49.0,4.5
FL14087,2023-10-02,10,Autumn,Monday,PolarAir,Airbus A320,Leeds Bradford,Alicante,Leeds Bradford → Alicante,1590,17:10,26.0,31.0,179.0,145,Late Aircraft,0,301.0,137.26,3.2
FL14736,2023-10-02,10,Autumn,Monday,PolarAir,Airbus A380,Bristol,Malaga,Bristol → Malaga,1620,07:20,11.0,22.0,173.0,145,Security,0,344.0,140.94,3.5
FL13621,2023-10-03,10,Autumn,Tuesday,PolarAir,Airbus A380,London Stansted,Warsaw Chopin,London Stansted → Warsaw Chopin,1470,07:15,17.0,21.0,157.0,135,Crew Availability,0,104.0,130.94,3.1
FL12965,2023-10-03,10,Autumn,Tuesday,SkyWing Air,Airbus A320,London Heathrow,Dubai,London Heathrow → Dubai,5490,08:45,1.0,14.0,438.0,415,Late Aircraft,0,371.0,353.19,3.6
FL13742,2023-10-03,10,Autumn,Tuesday,CloudJet,Boeing 737,London Heathrow,New York JFK,London Heathrow → New York JFK,5570,07:20,13.0,20.0,446.0,420,Late Aircraft,0,296.0,354.72,3.8
FL12930,2023-10-03,10,Autumn,Tuesday,PolarAir,Boeing 777,Manchester,Barcelona,Manchester → Barcelona,1440,07:35,8.0,20.0,150.0,130,Crew Availability,0,62.0,97.58,4.4
FL12927,2023-10-03,10,Autumn,Tuesday,Atlantic Wings,Boeing 737,Glasgow,Dublin,Glasgow → Dublin,220,15:20,6.0,18.0,72.0,50,Weather,0,356.0,49.0,3.2
FL10808,2023-10-03,10,Autumn,Tuesday,SkyWing Air,Airbus A380,Glasgow,Dublin,Glasgow → Dublin,220,14:20,10.0,10.0,58.0,50,Weather,0,324.0,49.0,4.0
FL10529,2023-10-03,10,Autumn,Tuesday,SkyWing Air,Airbus A320,Birmingham,Istanbul,Birmingham → Istanbul,2680,09:30,10.0,2.0,214.0,210,Late Aircraft,0,69.0,246.27,3.4
FL14626,2023-10-03,10,Autumn,Tuesday,PolarAir,Airbus A320,London Heathrow,Toronto Pearson,London Heathrow → Toronto Pearson,5730,07:00,135.0,145.0,572.0,430,Technical,0,358.0,352.96,1.9
FL10314,2023-10-04,10,Autumn,Wednesday,AeroSwift,Airbus A320,Glasgow,Dublin,Glasgow → Dublin,220,20:30,28.0,43.0,103.0,50,Technical,0,64.0,49.0,3.3
FL11413,2023-10-04,10,Autumn,Wednesday,CloudJet,Boeing 737,Birmingham,Istanbul,Birmingham → Istanbul,2680,09:55,12.0,14.0,233.0,210,Security,0,129.0,132.53,4.3
FL12533,2023-10-04,10,Autumn,Wednesday,AeroSwift,Airbus A320,London Gatwick,Rome Fiumicino,London Gatwick → Rome Fiumicino,1430,06:50,1.0,8.0,145.0,135,Technical,0,333.0,71.8,4.4
FL14899,2023-10-04,10,Autumn,Wednesday,NovaStar,Boeing 737,Leeds Bradford,Alicante,Leeds Bradford → Alicante,1590,22:10,6.0,17.0,172.0,145,Air Traffic Control,0,213.0,67.91,4.0
FL14575,2023-10-04,10,Autumn,Wednesday,PolarAir,Boeing 737,Bristol,Malaga,Bristol → Malaga,1620,13:00,0.0,5.0,151.0,145,On Time,0,,111.78,4.8
FL11726,2023-10-04,10,Autumn,Wednesday,CloudJet,Airbus A380,London Heathrow,Dubai,London Heathrow → Dubai,5490,13:30,3.0,18.0,428.0,415,Late Aircraft,0,262.0,362.95,3.3
FL14558,2023-10-04,10,Autumn,Wednesday,Atlantic Wings,Airbus A320,London Gatwick,Rome Fiumicino,London Gatwick → Rome Fiumicino,1430,05:20,,,,135,Security,1,327.0,150.59,1.5
FL10360,2023-10-04,10,Autumn,Wednesday,PolarAir,Airbus A380,Edinburgh,Amsterdam,Edinburgh → Amsterdam,700,06:15,106.0,100.0,194.0,85,Technical,0,375.0,49.0,1.7
FL11362,2023-10-04,10,Autumn,Wednesday,AeroSwift,Embraer E190,Glasgow,Dublin,Glasgow → Dublin,220,10:40,17.0,20.0,70.0,50,Security,0,273.0,49.0,4.3
FL11292,2023-10-05,10,Autumn,Thursday,PolarAir,Boeing 787,London Heathrow,Singapore Changi,London Heathrow → Singapore Changi,10840,15:45,26.0,30.0,783.0,745,Weather,0,166.0,618.87,4.4
FL11386,2023-10-05,10,Autumn,Thursday,NovaStar,Boeing 777,London Heathrow,Toronto Pearson,London Heathrow → Toronto Pearson,5730,22:15,0.0,9.0,444.0,430,On Time,0,405.0,278.81,4.2
FL10742,2023-10-05,10,Autumn,Thursday,Atlantic Wings,Boeing 737,London Heathrow,New York JFK,London Heathrow → New York JFK,5570,14:35,62.0,74.0,502.0,420,Air Traffic Control,0,,437.61,2.5
FL14360,2023-10-05,10,Autumn,Thursday,NovaStar,Airbus A380,London Heathrow,Dubai,London Heathrow → Dubai,5490,13:55,16.0,10.0,435.0,415,Late Aircraft,0,359.0,260.59,3.3
FL14008,2023-10-05,10,Autumn,Thursday,AeroSwift,Boeing 777,Leeds Bradford,Alicante,Leeds Bradford → Alicante,1590,10:10,2.0,5.0,153.0,145,Security,0,332.0,110.63,3.8
FL14383,2023-10-05,10,Autumn,Thursday,NovaStar,Embraer E190,London Gatwick,Rome Fiumicino,London Gatwick → Rome Fiumicino,1430,06:20,4.0,9.0,145.0,135,Late Aircraft,0,393.0,104.43,4.1
FL11148,2023-10-06,10,Autumn,Friday,CloudJet,Boeing 737,Manchester,Barcelona,Manchester → Barcelona,1440,20:40,1.0,4.0,134.0,130,Late Aircraft,0,130.0,123.08,4.4
FL13368,2023-10-06,10,Autumn,Friday,SkyWing Air,Boeing 777,Edinburgh,Amsterdam,Edinburgh → Amsterdam,700,05:35,0.0,4.0,99.0,85,On Time,0,232.0,69.5,4.1
FL13690,2023-10-06,10,Autumn,Friday,Atlantic Wings,Boeing 777,Glasgow,Dublin,Glasgow → Dublin,220,18:35,24.0,33.0,80.0,50,Crew Availability,0,403.0,49.0,4.0
FL12633,2023-10-06,10,Autumn,Friday,Atlantic Wings,Embraer E190,Glasgow,Dublin,Glasgow → Dublin,220,17:50,14.0,24.0,79.0,50,Weather,0,120.0,70.4,3.8
FL10207,2023-10-06,10,Autumn,Friday,AeroSwift,Boeing 787,London Heathrow,Dubai,London Heathrow → Dubai,5490,20:10,0.0,10.0,423.0,415,On Time,0,139.0,281.44,3.9
FL14571,2023-10-06,10,Autumn,Friday,PolarAir,Boeing 787,London Heathrow,New York JFK,London Heathrow → New York JFK,5570,11:20,18.0,31.0,457.0,420,Crew Availability,0,224.0,360.15,4.4
FL11699,2023-10-07,10,Autumn,Saturday,CloudJet,Embraer E190,Bristol,Malaga,Bristol → Malaga,1620,05:05,46.0,42.0,195.0,145,Late Aircraft,0,107.0,107.25,3.4
FL10246,2023-10-08,10,Autumn,Sunday,AeroSwift,Boeing 777,Manchester,Barcelona,Manchester → Barcelona,1440,14:10,13.0,7.0,145.0,130,Technical,0,,79.86,3.6
FL14825,2023-10-08,10,Autumn,Sunday,CloudJet,Boeing 737,Edinburgh,Amsterdam,Edinburgh → Amsterdam,700,12:35,2.0,16.0,101.0,85,Weather,0,130.0,49.0,4.4
FL10358,2023-10-08,10,Autumn,Sunday,AeroSwift,Boeing 737,Edinburgh,Amsterdam,Edinburgh → Amsterdam,700,12:10,0.0,11.0,99.0,85,On Time,0,370.0,49.0,4.5
FL10334,2023-10-09,10,Autumn,Monday,NovaStar,Boeing 737,Glasgow,Dublin,Glasgow → Dublin,220,16:40,0.0,1.0,54.0,50,On Time,0,337.0,49.0,4.2
FL13424,2023-10-09,10,Autumn,Monday,SkyWing Air,Boeing 737,Bristol,Malaga,Bristol → Malaga,1620,08:05,34.0,46.0,189.0,145,Technical,0,182.0,129.23,2.7
FL12285,2023-10-09,10,Autumn,Monday,AeroSwift,Airbus A320,London Stansted,Warsaw Chopin,London Stansted → Warsaw Chopin,1470,20:05,26.0,23.0,164.0,135,Air Traffic Control,0,391.0,82.62,3.7
FL10793,2023-10-09,10,Autumn,Monday,CloudJet,Boeing 777,London Heathrow,Singapore Changi,London Heathrow → Singapore Changi,10840,14:20,78.0,82.0,828.0,745,Air Traffic Control,0,99.0,618.33,2.9
FL10700,2023-10-09,10,Autumn,Monday,CloudJet,Airbus A320,Birmingham,Istanbul,Birmingham → Istanbul,2680,08:40,92.0,99.0,305.0,210,Security,0,261.0,219.09,1.4
FL13150,2023-10-09,10,Autumn,Monday,CloudJet,Boeing 787,London Gatwick,Rome Fiumicino,London Gatwick → Rome Fiumicino,1430,11:05,21.0,30.0,163.0,135,Security,0,302.0,95.49,3.9
FL11955,2023-10-10,10,Autumn,Tuesday,AeroSwift,Boeing 737,London Heathrow,New York JFK,London Heathrow → New York JFK,5570,18:55,3.0,10.0,435.0,420,Security,0,209.0,342.07,4.1
FL10231,2023-10-10,10,Autumn,Tuesday,NovaStar,Boeing 787,Bristol,Malaga,Bristol → Malaga,1620,17:00,2.0,13.0,166.0,145,Security,0,117.0,71.97,3.6
FL11540,2023-10-10,10,Autumn,Tuesday,SkyWing Air,Airbus A320,London Heathrow,Dubai,London Heathrow → Dubai,5490,13:00,30.0,40.0,453.0,415,Crew Availability,0,367.0,351.85,4.3
FL14081,2023-10-10,10,Autumn,Tuesday,SkyWing Air,Boeing 737,Leeds Bradford,Alicante,Leeds Bradford → Alicante,1590,05:40,1.0,9.0,150.0,145,Security,0,110.0,89.33,3.1
FL10638,2023-10-10,10,Autumn,Tuesday,AeroSwift,Airbus A320,London Stansted,Warsaw Chopin,London Stansted → Warsaw Chopin,1470,17:05,3.0,18.0,151.0,135,Security,0,81.0,125.43,3.9
FL10623,2023-10-10,10,Autumn,Tuesday,PolarAir,Boeing 787,Glasgow,Dublin,Glasgow → Dublin,220,07:15,8.0,2.0,60.0,50,Air Traffic Control,0,220.0,49.0,4.3
FL13247,2023-10-11,10,Autumn,Wednesday,CloudJet,Boeing 737,London Heathrow,Dubai,London Heathrow → Dubai,5490,08:40,32.0,44.0,462.0,415,Crew Availability,0,237.0,295.58,2.4
FL14485,2023-10-11,10,Autumn,Wednesday,PolarAir,Boeing 787,Leeds Bradford,Alicante,Leeds Bradford → Alicante,1590,08:10,0.0,0.0,144.0,145,On Time,0,199.0,146.86,4.0
FL11003,2023-10-11,10,Autumn,Wednesday,NovaStar,Airbus A320,London Stansted,Warsaw Chopin,London Stansted → Warsaw Chopin,1470,22:20,18.0,23.0,168.0,135,Crew Availability,0,364.0,75.44,3.2
FL13043,2023-10-11,10,Autumn,Wednesday,NovaStar,Boeing 777,London Heathrow,Dubai,London Heathrow → Dubai,5490,05:30,13.0,18.0,433.0,415,Air Traffic Control,0,304.0,303.59,3.3
FL14909,2023-10-12,10,Autumn,Thursday,CloudJet,Boeing 737,London Heathrow,Toronto Pearson,London Heathrow → Toronto Pearson,5730,07:35,0.0,10.0,438.0,430,On Time,0,324.0,357.12,4.8
FL11842,2023-10-12,10,Autumn,Thursday,CloudJet,Boeing 777,London Heathrow,New York JFK,London Heathrow → New York JFK,5570,08:30,17.0,31.0,453.0,420,Security,0,308.0,321.29,3.5
FL13072,2023-10-12,10,Autumn,Thursday,CloudJet,Boeing 777,Edinburgh,Amsterdam,Edinburgh → Amsterdam,700,11:55,0.0,4.0,98.0,85,On Time,0,266.0,87.46,4.5
FL11441,2023-10-12,10,Autumn,Thursday,PolarAir,Boeing 737,London Heathrow,Singapore Changi,London Heathrow → Singapore Changi,10840,11:25,25.0,35.0,783.0,745,Security,0,205.0,698.29,3.9
FL10749,2023-10-12,10,Autumn,Thursday,NovaStar,Airbus A320,London Heathrow,Singapore Changi,London Heathrow → Singapore Changi,10840,22:05,0.0,11.0,763.0,745,On Time,0,313.0,554.37,3.8
FL14984,2023-10-12,10,Autumn,Thursday,PolarAir,Airbus A320,London Heathrow,Dubai,London Heathrow → Dubai,5490,12:25,0.0,0.0,423.0,415,On Time,0,,334.91,4.1
FL13939,2023-10-12,10,Autumn,Thursday,Atlantic Wings,Boeing 737,London Heathrow,Singapore Changi,London Heathrow → Singapore Changi,10840,06:50,43.0,44.0,790.0,745,Security,0,142.0,723.36,2.4
FL10368,2023-10-12,10,Autumn,Thursday,NovaStar,Boeing 777,London Heathrow,Toronto Pearson,London Heathrow → Toronto Pearson,5730,21:15,0.0,0.0,426.0,430,On Time,0,394.0,259.15,4.2
FL13793,2023-10-12,10,Autumn,Thursday,CloudJet,Airbus A320,Bristol,Malaga,Bristol → Malaga,1620,06:05,0.0,1.0,147.0,145,On Time,0,199.0,65.84,4.1
FL11671,2023-10-12,10,Autumn,Thursday,AeroSwift,Boeing 777,Leeds Bradford,Alicante,Leeds Bradford → Alicante,1590,12:50,2.0,16.0,167.0,145,Air Traffic Control,0,267.0,121.92,3.3
FL13219,2023-10-13,10,Autumn,Friday,NovaStar,Embraer E190,London Heathrow,Dubai,London Heathrow → Dubai,5490,13:00,9.0,6.0,420.0,415,Security,0,,256.69,4.3
FL13693,2023-10-13,10,Autumn,Friday,Atlantic Wings,Airbus A320,London Heathrow,Dubai,London Heathrow → Dubai,5490,10:10,,,,415,Technical,1,201.0,421.67,2.3
FL13702,2023-10-13,10,Autumn,Friday,NovaStar,Boeing 737,London Stansted,Warsaw Chopin,London Stansted → Warsaw Chopin,1470,16:10,23.0,29.0,170.0,135,Late Aircraft,0,275.0,87.08,3.7
FL14271,2023-10-13,10,Autumn,Friday,AeroSwift,Boeing 787,London Heathrow,New York JFK,London Heathrow → New York JFK,5570,11:05,37.0,46.0,467.0,420,Security,0,,307.98,3.4
FL14994,2023-10-13,10,Autumn,Friday,SkyWing Air,Boeing 737,London Heathrow,Toronto Pearson,London Heathrow → Toronto Pearson,5730,14:10,21.0,32.0,460.0,430,Crew Availability,0,126.0,417.66,3.4
FL10655,2023-10-13,10,Autumn,Friday,AeroSwift,Airbus A320,London Heathrow,Dubai,London Heathrow → Dubai,5490,13:10,0.0,4.0,425.0,415,On Time,0,223.0,310.22,4.4
FL11278,2023-10-13,10,Autumn,Friday,PolarAir,,London Gatwick,Rome Fiumicino,London Gatwick → Rome Fiumicino,1430,08:55,34.0,49.0,182.0,135,Security,0,93.0,136.01,2.6
FL13611,2023-10-13,10,Autumn,Friday,PolarAir,Boeing 737,Birmingham,Istanbul,Birmingham → Istanbul,2680,21:20,8.0,14.0,231.0,210,Air Traffic Control,0,247.0,159.26,3.5
FL13345,2023-10-13,10,Autumn,Friday,NovaStar,Airbus A320,Birmingham,Istanbul,Birmingham → Istanbul,2680,22:35,0.0,15.0,224.0,210,On Time,0,372.0,156.8,4.1
FL11744,2023-10-13,10,Autumn,Friday,AeroSwift,Airbus A320,Edinburgh,Amsterdam,Edinburgh → Amsterdam,700,19:20,86.0,99.0,190.0,85,Weather,0,397.0,79.54,2.7
FL11920,2023-10-14,10,Autumn,Saturday,CloudJet,Boeing 737,London Heathrow,Dubai,London Heathrow → Dubai,5490,20:05,70.0,84.0,504.0,415,Security,0,103.0,369.83,2.3
FL14283,2023-10-14,10,Autumn,Saturday,NovaStar,Boeing 777,Leeds Bradford,Alicante,Leeds Bradford → Alicante,1590,07:10,11.0,11.0,159.0,145,Technical,0,420.0,75.73,4.1
FL12196,2023-10-14,10,Autumn,Saturday,SkyWing Air,Boeing 787,Bristol,Malaga,Bristol → Malaga,1620,20:00,6.0,17.0,157.0,145,Crew Availability,0,366.0,80.09,3.3
FL12576,2023-10-14,10,Autumn,Saturday,CloudJet,Boeing 737,London Heathrow,New York JFK,London Heathrow → New York JFK,5570,10:50,25.0,18.0,438.0,420,Crew Availability,0,401.0,348.95,4.0
FL14648,2023-10-14,10,Autumn,Saturday,SkyWing Air,Embraer E190,London Heathrow,New York JFK,London Heathrow → New York JFK,5570,07:30,44.0,51.0,479.0,420,Weather,0,95.0,411.7,2.7
FL10394,2023-10-14,10,Autumn,Saturday,PolarAir,Boeing 737,Glasgow,Dublin,Glasgow → Dublin,220,07:45,9.0,16.0,63.0,50,Crew Availability,0,410.0,49.0,4.0
FL14070,2023-10-14,10,Autumn,Saturday,SkyWing Air,Boeing 737,London Stansted,Warsaw Chopin,London Stansted → Warsaw Chopin,1470,07:50,5.0,5.0,147.0,135,Security,0,203.0,159.62,3.7
FL10292,2023-10-15,10,Autumn,Sunday,AeroSwift,Boeing 737,Manchester,Barcelona,Manchester → Barcelona,1440,17:25,2.0,0.0,132.0,130,Crew Availability,0,272.0,102.3,4.2
FL11542,2023-10-15,10,Autumn,Sunday,CloudJet,Airbus A320,Edinburgh,Amsterdam,Edinburgh → Amsterdam,700,15:45,0.0,12.0,97.0,85,On Time,0,388.0,109.07,4.1
FL10286,2023-10-15,10,Autumn,Sunday,AeroSwift,Boeing 737,Glasgow,Dublin,Glasgow → Dublin,220,14:55,13.0,7.0,54.0,50,Crew Availability,0,69.0,49.0,4.3
FL10536,2023-10-15,10,Autumn,Sunday,Atlantic Wings,Airbus A320,Leeds Bradford,Alicante,Leeds Bradford → Alicante,1590,21:05,55.0,67.0,214.0,145,Air Traffic Control,0,179.0,149.17,3.5
FL10446,2023-10-16,10,Autumn,Monday,CloudJet,Airbus A320,Bristol,Malaga,Bristol → Malaga,1620,05:10,0.0,0.0,147.0,145,On Time,0,156.0,125.07,4.8
FL11862,2023-10-16,10,Autumn,Monday,SkyWing Air,Boeing 787,London Heathrow,New York JFK,London Heathrow → New York JFK,5570,21:55,0.0,0.0,422.0,420,On Time,0,318.0,351.25,4.4
FL11121,2023-10-16,10,Autumn,Monday,PolarAir,Boeing 737,Manchester,Barcelona,Manchester → Barcelona,1440,09:35,20.0,35.0,173.0,130,Late Aircraft,0,403.0,49.53,3.2
FL11925,2023-10-16,10,Autumn,Monday,NovaStar,Embraer E190,Glasgow,Dublin,Glasgow → Dublin,220,07:30,6.0,19.0,67.0,50,Air Traffic Control,0,316.0,49.0,3.6
FL10021,2023-10-16,10,Autumn,Monday,NovaStar,,Edinburgh,Amsterdam,Edinburgh → Amsterdam,700,05:15,16.0,16.0,111.0,85,Security,0,188.0,58.62,4.4
FL12340,2023-10-16,10,Autumn,Monday,PolarAir,Boeing 777,Bristol,Malaga,Bristol → Malaga,1620,08:25,85.0,96.0,246.0,145,Security,0,395.0,76.06,2.8
FL14299,2023-10-16,10,Autumn,Monday,CloudJet,Airbus A320,Bristol,Malaga,Bristol → Malaga,1620,06:45,20.0,13.0,168.0,145,Weather,0,211.0,164.14,3.8
FL12851,2023-10-16,10,Autumn,Monday,CloudJet,Airbus A320,London Stansted,Warsaw Chopin,London Stansted → Warsaw Chopin,1470,16:50,44.0,55.0,195.0,135,Crew Availability,0,294.0,65.67,3.2
FL10276,2023-10-17,10,Autumn,Tuesday,SkyWing Air,Embraer E190,Glasgow,Dublin,Glasgow → Dublin,220,07:25,55.0,63.0,123.0,50,Late Aircraft,0,82.0,49.0,2.4
FL14009,2023-10-17,10,Autumn,Tuesday,NovaStar,Boeing 787,Leeds Bradford,Alicante,Leeds Bradford → Alicante,1590,16:05,0.0,0.0,144.0,145,On Time,0,181.0,78.63,4.1
FL11320,2023-10-17,10,Autumn,Tuesday,NovaStar,Airbus A320,London Heathrow,Toronto Pearson,London Heathrow → Toronto Pearson,5730,09:20,0.0,14.0,440.0,430,On Time,0,60.0,339.37,4.0
FL10665,2023-10-17,10,Autumn,Tuesday,PolarAir,Boeing 737,Glasgow,Dublin,Glasgow → Dublin,220,21:30,0.0,0.0,48.0,50,On Time,0,229.0,49.0,4.3
FL12544,2023-10-17,10,Autumn,Tuesday,AeroSwift,Boeing 777,London Heathrow,Singapore Changi,London Heathrow → Singapore Changi,10840,15:25,0.0,2.0,749.0,745,On Time,0,415.0,552.36,4.5
FL14155,2023-10-17,10,Autumn,Tuesday,CloudJet,Airbus A320,London Heathrow,New York JFK,London Heathrow → New York JFK,5570,22:10,24.0,34.0,461.0,420,Weather,0,153.0,360.03,3.6
FL11147,2023-10-18,10,Autumn,Wednesday,SkyWing Air,Airbus A380,London Heathrow,New York JFK,London Heathrow → New York JFK,5570,15:10,12.0,23.0,441.0,420,Security,0,416.0,363.84,3.9
FL12122,2023-10-18,10,Autumn,Wednesday,NovaStar,Airbus A320,London Stansted,Warsaw Chopin,London Stansted → Warsaw Chopin,1470,07:40,0.0,14.0,158.0,135,On Time,0,74.0,130.07,3.8
FL13914,2023-10-18,10,Autumn,Wednesday,CloudJet,Boeing 787,Bristol,Malaga,Bristol → Malaga,1620,06:35,5.0,12.0,157.0,145,Crew Availability,0,208.0,113.69,3.4
FL12163,2023-10-18,10,Autumn,Wednesday,Atlantic Wings,Airbus A320,London Heathrow,Toronto Pearson,London Heathrow → Toronto Pearson,5730,14:30,15.0,30.0,462.0,430,Crew Availability,0,80.0,442.83,4.3
FL11751,2023-10-18,10,Autumn,Wednesday,NovaStar,Airbus A320,London Heathrow,Singapore Changi,London Heathrow → Singapore Changi,10840,17:05,3.0,7.0,760.0,745,Technical,0,384.0,562.31,3.6
FL10305,2023-10-19,10,Autumn,Thursday,Atlantic Wings,Boeing 787,Glasgow,Dublin,Glasgow → Dublin,220,15:25,1.0,1.0,52.0,50,Technical,0,292.0,49.0,4.4
FL10681,2023-10-19,10,Autumn,Thursday,Atlantic Wings,Airbus A380,Leeds Bradford,Alicante,Leeds Bradford → Alicante,1590,22:50,116.0,127.0,269.0,145,Weather,0,113.0,90.87,1.1
FL11813,2023-10-19,10,Autumn,Thursday,NovaStar,Airbus A320,London Stansted,Warsaw Chopin,London Stansted → Warsaw Chopin,1470,06:45,0.0,0.0,134.0,135,On Time,0,114.0,59.77,4.4
FL11005,2023-10-19,10,Autumn,Thursday,PolarAir,Boeing 737,Edinburgh,Amsterdam,Edinburgh → Amsterdam,700,14:45,32.0,32.0,123.0,85,Security,0,181.0,54.5,2.2
FL14432,2023-10-19,10,Autumn,Thursday,NovaStar,Boeing 787,London Gatwick,Rome Fiumicino,London Gatwick → Rome Fiumicino,1430,16:10,0.0,8.0,145.0,135,On Time,0,132.0,97.98,4.5
FL13623,2023-10-19,10,Autumn,Thursday,SkyWing Air,Boeing 777,London Heathrow,Toronto Pearson,London Heathrow → Toronto Pearson,5730,07:00,0.0,11.0,449.0,430,On Time,0,,361.9,4.5
FL13398,2023-10-20,10,Autumn,Friday,PolarAir,Boeing 737,Manchester,Barcelona,Manchester → Barcelona,1440,10:15,0.0,3.0,139.0,130,On Time,0,347.0,107.13,4.0
FL13189,2023-10-20,10,Autumn,Friday,SkyWing Air,Airbus A380,Glasgow,Dublin,Glasgow → Dublin,220,10:45,0.0,6.0,62.0,50,On Time,0,170.0,51.26,4.3
FL12146,2023-10-20,10,Autumn,Friday,Atlantic Wings,Airbus A380,Glasgow,Dublin,Glasgow → Dublin,220,16:40,31.0,43.0,95.0,50,Technical,0,299.0,67.64,2.5
FL11791,2023-10-20,10,Autumn,Friday,Atlantic Wings,Boeing 737,London Gatwick,Rome Fiumicino,London Gatwick → Rome Fiumicino,1430,19:05,77.0,91.0,230.0,135,Technical,0,187.0,111.27,2.7
FL13790,2023-10-20,10,Autumn,Friday,PolarAir,Boeing 737,Glasgow,Dublin,Glasgow → Dublin,220,10:05,24.0,28.0,88.0,50,Technical,0,62.0,49.0,3.3
FL11295,2023-10-20,10,Autumn,Friday,SkyWing Air,Boeing 787,London Heathrow,Toronto Pearson,London Heathrow → Toronto Pearson,5730,10:50,32.0,30.0,460.0,430,Technical,0,272.0,367.65,3.2
FL14287,2023-10-21,10,Autumn,Saturday,Atlantic Wings,Boeing 737,London Heathrow,Toronto Pearson,London Heathrow → Toronto Pearson,5730,17:20,31.0,23.0,457.0,430,Weather,0,352.0,381.24,2.8
FL14783,2023-10-21,10,Autumn,Saturday,AeroSwift,Boeing 737,London Heathrow,Toronto Pearson,London Heathrow → Toronto Pearson,5730,09:50,20.0,13.0,449.0,430,Security,0,251.0,346.19,3.7
FL13162,2023-10-21,10,Autumn,Saturday,CloudJet,Boeing 737,Bristol,Malaga,Bristol → Malaga,1620,14:05,0.0,1.0,152.0,145,On Time,0,78.0,122.75,4.2
FL10158,2023-10-21,10,Autumn,Saturday,SkyWing Air,Embraer E190,Glasgow,Dublin,Glasgow → Dublin,220,05:50,69.0,66.0,114.0,50,Weather,0,328.0,49.0,2.2
FL10068,2023-10-21,10,Autumn,Saturday,AeroSwift,Embraer E190,London Stansted,Warsaw Chopin,London Stansted → Warsaw Chopin,1470,12:15,13.0,24.0,158.0,135,Air Traffic Control,0,381.0,79.05,3.1
FL14260,2023-10-22,10,Autumn,Sunday,AeroSwift,Airbus A320,London Heathrow,Toronto Pearson,London Heathrow → Toronto Pearson,5730,14:15,2.0,15.0,451.0,430,Late Aircraft,0,296.0,299.44,3.1
FL12895,2023-10-22,10,Autumn,Sunday,AeroSwift,Airbus A380,Leeds Bradford,Alicante,Leeds Bradford → Alicante,1590,16:45,12.0,4.0,152.0,145,Weather,0,280.0,101.79,3.1
FL14893,2023-10-22,10,Autumn,Sunday,CloudJet,Airbus A320,London Gatwick,Rome Fiumicino,London Gatwick → Rome Fiumicino,1430,13:05,1.0,16.0,155.0,135,Air Traffic Control,0,364.0,137.2,4.1
FL13520,2023-10-22,10,Autumn,Sunday,SkyWing Air,Embraer E190,Edinburgh,Amsterdam,Edinburgh → Amsterdam,700,22:00,10.0,11.0,91.0,85,Late Aircraft,0,302.0,85.71,3.5
FL10776,2023-10-22,10,Autumn,Sunday,PolarAir,Airbus A320,Bristol,Malaga,Bristol → Malaga,1620,20:50,2.0,0.0,150.0,145,Late Aircraft,0,398.0,138.12,3.2
FL10066,2023-10-22,10,Autumn,Sunday,Atlantic Wings,Boeing 737,Glasgow,Dublin,Glasgow → Dublin,220,07:35,10.0,20.0,78.0,50,Air Traffic Control,0,413.0,53.17,3.4
FL10433,2023-10-23,10,Autumn,Monday,SkyWing Air,Airbus A320,Manchester,Barcelona,Manchester → Barcelona,1440,12:35,12.0,23.0,157.0,130,Technical,0,153.0,152.85,4.5
FL13879,2023-10-23,10,Autumn,Monday,AeroSwift,Airbus A320,Birmingham,Istanbul,Birmingham → Istanbul,2680,20:50,28.0,34.0,244.0,210,Weather,0,257.0,112.18,3.9
FL12991,2023-10-23,10,Autumn,Monday,CloudJet,Boeing 737,London Heathrow,Dubai,London Heathrow → Dubai,5490,10:25,0.0,0.0,415.0,415,On Time,0,138.0,392.5,3.8
FL14813,2023-10-23,10,Autumn,Monday,AeroSwift,Embraer E190,Manchester,Barcelona,Manchester → Barcelona,1440,12:35,22.0,14.0,144.0,130,Air Traffic Control,0,327.0,124.02,4.4
FL10132,2023-10-23,10,Autumn,Monday,Atlantic Wings,Airbus A380,Edinburgh,Amsterdam,Edinburgh → Amsterdam,700,22:35,0.0,3.0,91.0,85,On Time,0,207.0,75.37,3.9
FL14387,2023-10-23,10,Autumn,Monday,AeroSwift,Boeing 737,London Heathrow,Singapore Changi,London Heathrow → Singapore Changi,10840,18:55,0.0,8.0,757.0,745,On Time,0,333.0,577.69,4.6
FL12747,2023-10-23,10,Autumn,Monday,SkyWing Air,Embraer E190,London Heathrow,New York JFK,London Heathrow → New York JFK,5570,15:05,9.0,15.0,439.0,420,Crew Availability,0,356.0,355.37,3.4
FL13945,2023-10-23,10,Autumn,Monday,AeroSwift,Airbus A380,London Stansted,Warsaw Chopin,London Stansted → Warsaw Chopin,1470,15:15,2.0,0.0,131.0,135,Weather,0,302.0,50.41,4.3
FL11485,2023-10-23,10,Autumn,Monday,CloudJet,Airbus A320,Glasgow,Dublin,Glasgow → Dublin,220,07:40,52.0,55.0,103.0,50,Technical,0,277.0,49.0,3.4
FL10053,2023-10-23,10,Autumn,Monday,PolarAir,Airbus A320,London Heathrow,Dubai,London Heathrow → Dubai,5490,10:20,29.0,29.0,454.0,415,Security,0,284.0,300.27,3.1
FL13113,2023-10-23,10,Autumn,Monday,CloudJet,Boeing 737,Edinburgh,Amsterdam,Edinburgh → Amsterdam,700,09:15,,,,85,Security,1,,96.82,1.3
FL13482,2023-10-24,10,Autumn,Tuesday,PolarAir,Airbus A320,Leeds Bradford,Alicante,Leeds Bradford → Alicante,1590,11:50,3.0,0.0,140.0,145,Technical,0,74.0,66.42,3.2
FL11506,2023-10-24,10,Autumn,Tuesday,PolarAir,Boeing 737,London Gatwick,Rome Fiumicino,London Gatwick → Rome Fiumicino,1430,17:40,16.0,24.0,160.0,135,Air Traffic Control,0,337.0,133.51,3.3
FL10739,2023-10-24,10,Autumn,Tuesday,CloudJet,Airbus A380,London Heathrow,Singapore Changi,London Heathrow → Singapore Changi,10840,07:05,27.0,24.0,766.0,745,Air Traffic Control,0,333.0,714.46,3.9
FL13596,2023-10-24,10,Autumn,Tuesday,CloudJet,Airbus A320,Manchester,Barcelona,Manchester → Barcelona,1440,06:05,7.0,18.0,151.0,130,Air Traffic Control,0,230.0,127.02,3.5
FL11190,2023-10-24,10,Autumn,Tuesday,NovaStar,Boeing 787,London Stansted,Warsaw Chopin,London Stansted → Warsaw Chopin,1470,20:45,6.0,0.0,138.0,135,Weather,0,144.0,132.58,4.3
FL10641,2023-10-24,10,Autumn,Tuesday,SkyWing Air,Boeing 737,London Stansted,Warsaw Chopin,London Stansted → Warsaw Chopin,1470,08:55,8.0,12.0,144.0,135,Late Aircraft,0,144.0,116.94,3.7
FL13755,2023-10-24,10,Autumn,Tuesday,NovaStar,Airbus A380,London Heathrow,Dubai,London Heathrow → Dubai,5490,11:00,5.0,8.0,427.0,415,Technical,0,345.0,256.27,4.4
FL10633,2023-10-24,10,Autumn,Tuesday,CloudJet,Boeing 737,Bristol,Malaga,Bristol → Malaga,1620,19:30,36.0,32.0,177.0,145,Crew Availability,0,187.0,68.09,2.4
FL12011,2023-10-25,10,Autumn,Wednesday,NovaStar,Airbus A320,London Heathrow,Singapore Changi,London Heathrow → Singapore Changi,10840,07:20,19.0,23.0,771.0,745,Crew Availability,0,320.0,513.13,3.4
FL14869,2023-10-25,10,Autumn,Wednesday,PolarAir,Boeing 737,London Stansted,Warsaw Chopin,London Stansted → Warsaw Chopin,1470,07:10,20.0,25.0,163.0,135,Technical,0,137.0,126.46,3.9
FL12675,2023-10-25,10,Autumn,Wednesday,PolarAir,Embraer E190,Bristol,Malaga,Bristol → Malaga,1620,10:20,7.0,2.0,153.0,145,Technical,0,349.0,95.41,3.8
FL12360,2023-10-25,10,Autumn,Wednesday,SkyWing Air,,London Gatwick,Rome Fiumicino,London Gatwick → Rome Fiumicino,1430,20:05,2.0,10.0,152.0,135,Air Traffic Control,0,355.0,110.23,3.9
FL14064,2023-10-25,10,Autumn,Wednesday,Atlantic Wings,Boeing 737,Glasgow,Dublin,Glasgow → Dublin,220,17:20,24.0,36.0,95.0,50,Air Traffic Control,0,292.0,62.24,4.0
FL14253,2023-10-25,10,Autumn,Wednesday,SkyWing Air,Boeing 777,Glasgow,Dublin,Glasgow → Dublin,220,18:25,25.0,17.0,72.0,50,Weather,0,175.0,49.0,3.8
FL13895,2023-10-26,10,Autumn,Thursday,Atlantic Wings,Airbus A320,London Heathrow,New York JFK,London Heathrow → New York JFK,5570,05:45,191.0,204.0,631.0,420,Late Aircraft,0,113.0,368.89,2.4
FL14220,2023-10-26,10,Autumn,Thursday,AeroSwift,Boeing 787,London Heathrow,Singapore Changi,London Heathrow → Singapore Changi,10840,06:20,5.0,12.0,761.0,745,Technical,0,180.0,560.46,3.0
FL14054,2023-10-26,10,Autumn,Thursday,AeroSwift,Boeing 777,Edinburgh,Amsterdam,Edinburgh → Amsterdam,700,10:15,5.0,5.0,85.0,85,Crew Availability,0,133.0,49.0,3.9
FL10509,2023-10-27,10,Autumn,Friday,Atlantic Wings,,Bristol,Malaga,Bristol → Malaga,1620,08:35,24.0,19.0,170.0,145,Technical,0,231.0,74.17,4.2
FL11086,2023-10-27,10,Autumn,Friday,CloudJet,Boeing 737,Manchester,Barcelona,Manchester → Barcelona,1440,07:10,13.0,23.0,163.0,130,Security,0,207.0,121.39,3.7
FL13657,2023-10-28,10,Autumn,Saturday,AeroSwift,Boeing 777,Manchester,Barcelona,Manchester → Barcelona,1440,15:30,0.0,5.0,140.0,130,On Time,0,113.0,112.29,4.2
FL13030,2023-10-28,10,Autumn,Saturday,CloudJet,Boeing 787,Birmingham,Istanbul,Birmingham → Istanbul,2680,15:20,,,,210,Late Aircraft,1,362.0,235.88,2.4
FL14216,2023-10-28,10,Autumn,Saturday,SkyWing Air,Boeing 737,London Heathrow,Toronto Pearson,London Heathrow → Toronto Pearson,5730,10:00,0.0,0.0,433.0,430,On Time,0,147.0,344.18,3.8
FL10897,2023-10-28,10,Autumn,Saturday,NovaStar,Boeing 787,London Stansted,Warsaw Chopin,London Stansted → Warsaw Chopin,1470,12:25,0.0,6.0,137.0,135,On Time,0,185.0,91.49,4.5
FL10306,2023-10-29,10,Autumn,Sunday,CloudJet,Embraer E190,London Heathrow,Dubai,London Heathrow → Dubai,5490,08:20,0.0,10.0,428.0,415,On Time,0,415.0,332.68,4.3
FL11104,2023-10-29,10,Autumn,Sunday,AeroSwift,Boeing 777,Glasgow,Dublin,Glasgow → Dublin,220,18:55,1.0,4.0,49.0,50,Crew Availability,0,232.0,54.44,3.4
FL12411,2023-10-29,10,Autumn,Sunday,AeroSwift,Boeing 737,Birmingham,Istanbul,Birmingham → Istanbul,2680,22:55,3.0,10.0,230.0,210,Late Aircraft,0,189.0,183.4,3.4
FL12287,2023-10-29,10,Autumn,Sunday,NovaStar,Airbus A320,Glasgow,Dublin,Glasgow → Dublin,220,10:55,6.0,20.0,65.0,50,Air Traffic Control,0,321.0,49.0,3.9
FL13540,2023-10-29,10,Autumn,Sunday,Atlantic Wings,Boeing 787,Manchester,Barcelona,Manchester → Barcelona,1440,06:50,4.0,0.0,128.0,130,Weather,0,313.0,152.06,3.2
FL14295,2023-10-29,10,Autumn,Sunday,PolarAir,Airbus A320,Glasgow,Dublin,Glasgow → Dublin,220,15:10,48.0,43.0,95.0,50,Late Aircraft,0,304.0,49.0,2.0
FL12207,2023-10-29,10,Autumn,Sunday,CloudJet,Boeing 737,Bristol,Malaga,Bristol → Malaga,1620,07:40,35.0,38.0,179.0,145,Security,0,257.0,109.69,3.1
FL11348,2023-10-29,10,Autumn,Sunday,CloudJet,Embraer E190,Bristol,Malaga,Bristol → Malaga,1620,15:00,16.0,24.0,174.0,145,Late Aircraft,0,66.0,55.72,3.4
FL10070,2023-10-30,10,Autumn,Monday,Atlantic Wings,Embraer E190,Birmingham,Istanbul,Birmingham → Istanbul,2680,22:35,4.0,0.0,217.0,210,Technical,0,345.0,202.71,3.5
FL12316,2023-10-30,10,Autumn,Monday,NovaStar,Airbus A320,London Heathrow,Singapore Changi,London Heathrow → Singapore Changi,10840,08:45,0.0,0.0,755.0,745,On Time,0,69.0,559.04,4.6
FL12130,2023-10-30,10,Autumn,Monday,Atlantic Wings,Airbus A320,London Gatwick,Rome Fiumicino,London Gatwick → Rome Fiumicino,1430,06:00,21.0,14.0,148.0,135,Crew Availability,0,302.0,152.39,3.9
FL12237,2023-10-30,10,Autumn,Monday,Atlantic Wings,Airbus A320,London Heathrow,Dubai,London Heathrow → Dubai,5490,12:20,16.0,28.0,438.0,415,Weather,0,258.0,414.83,3.1
FL10111,2023-10-30,10,Autumn,Monday,CloudJet,Boeing 777,Bristol,Malaga,Bristol → Malaga,1620,19:30,24.0,30.0,184.0,145,Air Traffic Control,0,81.0,153.84,4.1
FL11258,2023-10-30,10,Autumn,Monday,Atlantic Wings,Airbus A380,Bristol,Malaga,Bristol → Malaga,1620,09:00,23.0,20.0,160.0,145,Technical,0,267.0,100.0,4.1
FL11389,2023-10-30,10,Autumn,Monday,SkyWing Air,Boeing 737,Bristol,Malaga,Bristol → Malaga,1620,08:45,0.0,10.0,164.0,145,On Time,0,162.0,161.93,4.1
FL12939,2023-10-30,10,Autumn,Monday,SkyWing Air,Embraer E190,London Stansted,Warsaw Chopin,London Stansted → Warsaw Chopin,1470,08:30,0.0,13.0,145.0,135,On Time,0,71.0,123.04,3.8
FL12127,2023-10-30,10,Autumn,Monday,CloudJet,Airbus A320,Bristol,Malaga,Bristol → Malaga,1620,05:25,16.0,19.0,159.0,145,Air Traffic Control,0,235.0,133.1,3.5
FL12532,2023-10-30,10,Autumn,Monday,AeroSwift,Boeing 737,Birmingham,Istanbul,Birmingham → Istanbul,2680,19:35,1.0,5.0,224.0,210,Security,0,318.0,140.98,4.3
FL14108,2023-10-31,10,Autumn,Tuesday,NovaStar,Embraer E190,Bristol,Malaga,Bristol → Malaga,1620,11:25,14.0,29.0,173.0,145,Weather,0,331.0,150.4,4.3
FL10604,2023-10-31,10,Autumn,Tuesday,AeroSwift,Boeing 777,Bristol,Malaga,Bristol → Malaga,1620,21:10,0.0,0.0,141.0,145,On Time,0,366.0,103.1,4.2
FL14986,2023-10-31,10,Autumn,Tuesday,NovaStar,Embraer E190,London Heathrow,New York JFK,London Heathrow → New York JFK,5570,16:10,7.0,3.0,430.0,420,Air Traffic Control,0,,306.94,3.9
FL14086,2023-10-31,10,Autumn,Tuesday,AeroSwift,Boeing 737,Bristol,Malaga,Bristol → Malaga,1620,07:25,28.0,28.0,182.0,145,Weather,0,73.0,120.14,4.1
FL12021,2023-10-31,10,Autumn,Tuesday,Atlantic Wings,Boeing 777,London Heathrow,Toronto Pearson,London Heathrow → Toronto Pearson,5730,08:25,0.0,0.0,432.0,430,On Time,0,188.0,405.85,4.6
FL11963,2023-11-01,11,Autumn,Wednesday,AeroSwift,Airbus A320,London Heathrow,Toronto Pearson,London Heathrow → Toronto Pearson,5730,11:50,0.0,1.0,440.0,430,On Time,0,325.0,327.59,4.4
FL12905,2023-11-01,11,Autumn,Wednesday,NovaStar,Boeing 737,London Heathrow,Dubai,London Heathrow → Dubai,5490,19:25,0.0,0.0,417.0,415,On Time,0,280.0,264.05,4.3
FL14354,2023-11-01,11,Autumn,Wednesday,AeroSwift,Airbus A320,London Heathrow,Dubai,London Heathrow → Dubai,5490,22:25,69.0,70.0,491.0,415,Crew Availability,0,273.0,261.83,2.4
FL11926,2023-11-01,11,Autumn,Wednesday,Atlantic Wings,Embraer E190,Birmingham,Istanbul,Birmingham → Istanbul,2680,12:20,7.0,13.0,221.0,210,Air Traffic Control,0,361.0,176.52,3.9
FL10676,2023-11-01,11,Autumn,Wednesday,AeroSwift,Airbus A320,Edinburgh,Amsterdam,Edinburgh → Amsterdam,700,08:30,48.0,57.0,142.0,85,Crew Availability,0,416.0,82.83,2.7
FL12273,2023-11-01,11,Autumn,Wednesday,Atlantic Wings,Airbus A380,London Heathrow,Dubai,London Heathrow → Dubai,5490,07:15,52.0,51.0,474.0,415,Late Aircraft,0,316.0,370.19,
FL14541,2023-11-01,11,Autumn,Wednesday,NovaStar,Airbus A320,London Heathrow,Dubai,London Heathrow → Dubai,5490,19:20,4.0,14.0,432.0,415,Air Traffic Control,0,270.0,263.31,4.1
FL11592,2023-11-01,11,Autumn,Wednesday,PolarAir,Boeing 737,London Heathrow,Toronto Pearson,London Heathrow → Toronto Pearson,5730,16:45,0.0,11.0,436.0,430,On Time,0,404.0,402.07,4.4
FL14927,2023-11-01,11,Autumn,Wednesday,Atlantic Wings,Airbus A320,Edinburgh,Amsterdam,Edinburgh → Amsterdam,700,18:55,19.0,18.0,99.0,85,Weather,0,269.0,49.0,3.5
FL14130,2023-11-01,11,Autumn,Wednesday,AeroSwift,Boeing 737,London Gatwick,Rome Fiumicino,London Gatwick → Rome Fiumicino,1430,22:10,0.0,5.0,145.0,135,On Time,0,252.0,49.0,4.0
FL13255,2023-11-01,11,Autumn,Wednesday,PolarAir,Airbus A320,London Heathrow,Dubai,London Heathrow → Dubai,5490,16:05,0.0,6.0,424.0,415,On Time,0,397.0,370.83,4.9
FL14120,2023-11-02,11,Autumn,Thursday,SkyWing Air,Airbus A320,London Gatwick,Rome Fiumicino,London Gatwick → Rome Fiumicino,1430,06:00,21.0,15.0,155.0,135,Late Aircraft,0,277.0,175.06,4.4
FL13599,2023-11-02,11,Autumn,Thursday,SkyWing Air,Embraer E190,Birmingham,Istanbul,Birmingham → Istanbul,2680,22:15,28.0,33.0,246.0,210,Security,0,63.0,143.34,4.1
FL13747,2023-11-02,11,Autumn,Thursday,SkyWing Air,Boeing 787,Glasgow,Dublin,Glasgow → Dublin,220,18:10,2.0,0.0,53.0,50,Late Aircraft,0,225.0,49.0,3.7
FL12726,2023-11-02,11,Autumn,Thursday,PolarAir,Boeing 737,Leeds Bradford,Alicante,Leeds Bradford → Alicante,1590,09:30,8.0,19.0,170.0,145,Late Aircraft,0,328.0,102.25,3.7
FL11887,2023-11-02,11,Autumn,Thursday,Atlantic Wings,Airbus A320,London Heathrow,Singapore Changi,London Heathrow → Singapore Changi,10840,21:30,12.0,20.0,772.0,745,Weather,0,202.0,736.24,3.5
FL10241,2023-11-02,11,Autumn,Thursday,AeroSwift,Boeing 777,Manchester,Barcelona,Manchester → Barcelona,1440,05:15,45.0,56.0,191.0,130,Late Aircraft,0,408.0,49.78,2.2
FL11371,2023-11-02,11,Autumn,Thursday,AeroSwift,Embraer E190,London Stansted,Warsaw Chopin,London Stansted → Warsaw Chopin,1470,16:00,0.0,12.0,157.0,135,On Time,0,133.0,84.6,4.7
FL10612,2023-11-02,11,Autumn,Thursday,NovaStar,Boeing 737,Manchester,Barcelona,Manchester → Barcelona,1440,07:05,8.0,17.0,154.0,130,Technical,0,418.0,91.94,3.0
FL11539,2023-11-03,11,Autumn,Friday,NovaStar,Airbus A380,Birmingham,Istanbul,Birmingham → Istanbul,2680,08:00,5.0,0.0,209.0,210,Late Aircraft,0,324.0,149.06,3.8
FL14511,2023-11-03,11,Autumn,Friday,NovaStar,Boeing 787,London Stansted,Warsaw Chopin,London Stansted → Warsaw Chopin,1470,22:20,7.0,0.0,145.0,135,Crew Availability,0,110.0,92.19,3.7
FL13718,2023-11-03,11,Autumn,Friday,PolarAir,Boeing 777,London Stansted,Warsaw Chopin,London Stansted → Warsaw Chopin,1470,07:25,45.0,56.0,186.0,135,Crew Availability,0,368.0,106.66,2.1
FL12844,2023-11-03,11,Autumn,Friday,NovaStar,Boeing 787,London Stansted,Warsaw Chopin,London Stansted → Warsaw Chopin,1470,14:00,14.0,24.0,163.0,135,Crew Availability,0,256.0,109.44,3.5
FL13412,2023-11-03,11,Autumn,Friday,AeroSwift,Boeing 777,London Heathrow,New York JFK,London Heathrow → New York JFK,5570,09:20,0.0,8.0,428.0,420,On Time,0,339.0,324.01,4.6
FL11939,2023-11-03,11,Autumn,Friday,PolarAir,Embraer E190,London Heathrow,Singapore Changi,London Heathrow → Singapore Changi,10840,11:05,0.0,7.0,762.0,745,On Time,0,260.0,652.46,4.2
FL14574,2023-11-04,11,Autumn,Saturday,SkyWing Air,Airbus A380,London Stansted,Warsaw Chopin,London Stansted → Warsaw Chopin,1470,07:55,17.0,14.0,157.0,135,Air Traffic Control,0,211.0,136.39,4.0
FL13826,2023-11-04,11,Autumn,Saturday,CloudJet,Airbus A320,London Stansted,Warsaw Chopin,London Stansted → Warsaw Chopin,1470,11:50,10.0,13.0,146.0,135,Technical,0,275.0,120.85,3.5
FL10585,2023-11-04,11,Autumn,Saturday,NovaStar,Boeing 737,Glasgow,Dublin,Glasgow → Dublin,220,19:55,8.0,12.0,66.0,50,Late Aircraft,0,292.0,49.0,3.4
FL11509,2023-11-04,11,Autumn,Saturday,PolarAir,Boeing 777,Manchester,Barcelona,Manchester → Barcelona,1440,09:15,33.0,33.0,158.0,130,Technical,0,106.0,58.16,3.3
FL10495,2023-11-04,11,Autumn,Saturday,AeroSwift,Airbus A380,Manchester,Barcelona,Manchester → Barcelona,1440,16:20,0.0,8.0,146.0,130,On Time,0,211.0,106.78,4.5
FL14199,2023-11-04,11,Autumn,Saturday,AeroSwift,Boeing 737,Birmingham,Istanbul,Birmingham → Istanbul,2680,09:40,13.0,23.0,228.0,210,Technical,0,380.0,97.4,4.4
FL12139,2023-11-04,11,Autumn,Saturday,Atlantic Wings,Boeing 787,Leeds Bradford,Alicante,Leeds Bradford → Alicante,1590,09:35,16.0,28.0,170.0,145,Technical,0,376.0,132.56,3.2
FL14974,2023-11-05,11,Autumn,Sunday,AeroSwift,Embraer E190,Bristol,Malaga,Bristol → Malaga,1620,13:00,0.0,3.0,156.0,145,On Time,0,127.0,69.34,4.9
FL11477,2023-11-05,11,Autumn,Sunday,NovaStar,Airbus A380,Birmingham,Istanbul,Birmingham → Istanbul,2680,13:50,0.0,0.0,210.0,210,On Time,0,348.0,141.11,4.0
FL13252,2023-11-05,11,Autumn,Sunday,NovaStar,Boeing 737,Birmingham,Istanbul,Birmingham → Istanbul,2680,18:40,0.0,6.0,222.0,210,On Time,0,313.0,111.26,4.4
FL13170,2023-11-06,11,Autumn,Monday,CloudJet,Airbus A320,London Stansted,Warsaw Chopin,London Stansted → Warsaw Chopin,1470,17:35,5.0,7.0,140.0,135,Air Traffic Control,0,387.0,93.71,3.3
FL12134,2023-11-06,11,Autumn,Monday,PolarAir,Boeing 737,London Heathrow,New York JFK,London Heathrow → New York JFK,5570,06:45,0.0,0.0,421.0,420,On Time,0,214.0,359.22,4.7
FL12304,2023-11-06,11,Autumn,Monday,CloudJet,Boeing 777,London Stansted,Warsaw Chopin,London Stansted → Warsaw Chopin,1470,05:20,21.0,27.0,159.0,135,Crew Availability,0,216.0,93.97,4.4
FL11961,2023-11-06,11,Autumn,Monday,Atlantic Wings,Boeing 787,London Heathrow,Dubai,London Heathrow → Dubai,5490,10:20,54.0,55.0,479.0,415,Security,0,181.0,330.24,2.9
FL11294,2023-11-06,11,Autumn,Monday,PolarAir,Boeing 737,Manchester,Barcelona,Manchester → Barcelona,1440,09:15,,,,130,Air Traffic Control,1,129.0,129.86,1.4
FL14503,2023-11-06,11,Autumn,Monday,PolarAir,Boeing 777,Edinburgh,Amsterdam,Edinburgh → Amsterdam,700,16:00,0.0,6.0,95.0,85,On Time,0,148.0,83.9,4.1
FL10847,2023-11-07,11,Autumn,Tuesday,SkyWing Air,Boeing 737,Edinburgh,Amsterdam,Edinburgh → Amsterdam,700,21:45,12.0,19.0,102.0,85,Late Aircraft,0,334.0,49.0,4.3
FL11934,2023-11-07,11,Autumn,Tuesday,SkyWing Air,Airbus A320,Manchester,Barcelona,Manchester → Barcelona,1440,13:55,18.0,20.0,157.0,130,Weather,0,189.0,90.38,3.8
FL14811,2023-11-07,11,Autumn,Tuesday,AeroSwift,Embraer E190,London Heathrow,Dubai,London Heathrow → Dubai,5490,09:10,7.0,21.0,433.0,415,Security,0,116.0,287.55,3.0
FL13080,2023-11-07,11,Autumn,Tuesday,Atlantic Wings,Boeing 777,London Stansted,Warsaw Chopin,London Stansted → Warsaw Chopin,1470,11:20,,,,135,Air Traffic Control,1,266.0,135.2,1.6
FL10982,2023-11-07,11,Autumn,Tuesday,AeroSwift,Boeing 777,Glasgow,Dublin,Glasgow → Dublin,220,16:15,,,,50,Weather,1,211.0,49.0,1.2
FL11871,2023-11-07,11,Autumn,Tuesday,SkyWing Air,Airbus A380,Glasgow,Dublin,Glasgow → Dublin,220,05:10,0.0,0.0,49.0,50,On Time,0,268.0,70.35,4.9
FL13201,2023-11-07,11,Autumn,Tuesday,SkyWing Air,Airbus A320,Manchester,Barcelona,Manchester → Barcelona,1440,17:30,22.0,34.0,159.0,130,Security,0,391.0,161.94,4.4
FL14113,2023-11-08,11,Autumn,Wednesday,CloudJet,Airbus A320,London Heathrow,New York JFK,London Heathrow → New York JFK,5570,12:10,44.0,54.0,480.0,420,Weather,0,365.0,341.03,2.5
FL13598,2023-11-08,11,Autumn,Wednesday,CloudJet,Boeing 737,Birmingham,Istanbul,Birmingham → Istanbul,2680,13:15,45.0,48.0,253.0,210,Technical,0,109.0,148.93,3.2
FL14407,2023-11-08,11,Autumn,Wednesday,AeroSwift,Airbus A320,London Heathrow,Toronto Pearson,London Heathrow → Toronto Pearson,5730,15:05,2.0,0.0,434.0,430,Crew Availability,0,158.0,299.58,4.0
FL10530,2023-11-08,11,Autumn,Wednesday,NovaStar,Airbus A320,London Heathrow,Singapore Changi,London Heathrow → Singapore Changi,10840,17:50,0.0,0.0,751.0,745,On Time,0,336.0,588.67,5.0
FL14776,2023-11-08,11,Autumn,Wednesday,NovaStar,Airbus A320,Edinburgh,Amsterdam,Edinburgh → Amsterdam,700,13:35,0.0,0.0,90.0,85,On Time,0,285.0,61.46,4.2
FL14126,2023-11-09,11,Autumn,Thursday,Atlantic Wings,Airbus A320,London Heathrow,Toronto Pearson,London Heathrow → Toronto Pearson,5730,18:35,13.0,9.0,449.0,430,Technical,0,140.0,441.19,3.4
FL13257,2023-11-09,11,Autumn,Thursday,NovaStar,Boeing 787,London Heathrow,Toronto Pearson,London Heathrow → Toronto Pearson,5730,13:45,19.0,25.0,461.0,430,Air Traffic Control,0,228.0,322.1,3.4
FL10521,2023-11-09,11,Autumn,Thursday,CloudJet,,London Gatwick,Rome Fiumicino,London Gatwick → Rome Fiumicino,1430,22:00,81.0,77.0,220.0,135,Security,0,84.0,74.6,3.4
FL13856,2023-11-09,11,Autumn,Thursday,CloudJet,Airbus A320,Birmingham,Istanbul,Birmingham → Istanbul,2680,06:25,8.0,8.0,227.0,210,Security,0,235.0,125.79,3.3
FL12652,2023-11-09,11,Autumn,Thursday,AeroSwift,Boeing 787,Bristol,Malaga,Bristol → Malaga,1620,10:55,20.0,30.0,185.0,145,Crew Availability,0,354.0,118.8,4.2
FL10349,2023-11-09,11,Autumn,Thursday,AeroSwift,Boeing 777,Birmingham,Istanbul,Birmingham → Istanbul,2680,15:35,33.0,39.0,251.0,210,Weather,0,162.0,132.25,3.0
FL13812,2023-11-09,11,Autumn,Thursday,NovaStar,Airbus A320,London Heathrow,Dubai,London Heathrow → Dubai,5490,08:05,0.0,6.0,424.0,415,On Time,0,71.0,319.44,5.0
FL12973,2023-11-09,11,Autumn,Thursday,CloudJet,Airbus A320,London Stansted,Warsaw Chopin,London Stansted → Warsaw Chopin,1470,06:25,7.0,16.0,156.0,135,Weather,0,110.0,68.44,3.9
FL13494,2023-11-09,11,Autumn,Thursday,CloudJet,Airbus A320,London Stansted,Warsaw Chopin,London Stansted → Warsaw Chopin,1470,19:45,32.0,42.0,177.0,135,Security,0,155.0,77.89,3.4
FL12238,2023-11-10,11,Autumn,Friday,CloudJet,Airbus A320,Leeds Bradford,Alicante,Leeds Bradford → Alicante,1590,10:20,58.0,56.0,211.0,145,Weather,0,109.0,121.41,3.2
FL13025,2023-11-10,11,Autumn,Friday,AeroSwift,Boeing 777,London Stansted,Warsaw Chopin,London Stansted → Warsaw Chopin,1470,17:10,0.0,0.0,135.0,135,On Time,0,323.0,50.94,4.3
FL14760,2023-11-11,11,Autumn,Saturday,Atlantic Wings,Embraer E190,Bristol,Malaga,Bristol → Malaga,1620,19:55,49.0,62.0,205.0,145,Air Traffic Control,0,373.0,158.12,3.5
FL12380,2023-11-11,11,Autumn,Saturday,Atlantic Wings,Airbus A380,Bristol,Malaga,Bristol → Malaga,1620,07:55,69.0,65.0,207.0,145,Weather,0,142.0,108.57,2.7
FL14452,2023-11-11,11,Autumn,Saturday,NovaStar,Boeing 787,Glasgow,Dublin,Glasgow → Dublin,220,06:25,0.0,10.0,57.0,50,On Time,0,92.0,49.0,3.9
FL11647,2023-11-11,11,Autumn,Saturday,AeroSwift,Embraer E190,London Heathrow,Singapore Changi,London Heathrow → Singapore Changi,10840,15:05,0.0,0.0,755.0,745,On Time,0,125.0,535.81,4.3
FL13168,2023-11-11,11,Autumn,Saturday,Atlantic Wings,Boeing 777,Birmingham,Istanbul,Birmingham → Istanbul,2680,07:00,140.0,138.0,356.0,210,Weather,0,384.0,231.93,1.5
FL11388,2023-11-12,11,Autumn,Sunday,NovaStar,Airbus A320,London Heathrow,Dubai,London Heathrow → Dubai,5490,18:35,0.0,7.0,424.0,415,On Time,0,247.0,267.42,4.6
FL13581,2023-11-12,11,Autumn,Sunday,AeroSwift,Boeing 777,London Gatwick,Rome Fiumicino,London Gatwick → Rome Fiumicino,1430,11:15,0.0,0.0,132.0,135,On Time,0,383.0,63.36,4.5
FL12433,2023-11-12,11,Autumn,Sunday,AeroSwift,Boeing 777,London Heathrow,Toronto Pearson,London Heathrow → Toronto Pearson,5730,11:50,66.0,59.0,492.0,430,Crew Availability,0,265.0,299.43,2.2
FL11525,2023-11-12,11,Autumn,Sunday,CloudJet,Airbus A380,London Heathrow,New York JFK,London Heathrow → New York JFK,5570,10:50,0.0,9.0,436.0,420,On Time,0,70.0,321.93,4.1
FL14243,2023-11-12,11,Autumn,Sunday,SkyWing Air,Airbus A320,London Gatwick,Rome Fiumicino,London Gatwick → Rome Fiumicino,1430,09:25,,,,135,Late Aircraft,1,182.0,97.95,2.3
FL13323,2023-11-12,11,Autumn,Sunday,AeroSwift,Airbus A320,Leeds Bradford,Alicante,Leeds Bradford → Alicante,1590,14:35,0.0,8.0,152.0,145,On Time,0,,56.33,3.8
FL12750,2023-11-12,11,Autumn,Sunday,NovaStar,Airbus A320,Edinburgh,Amsterdam,Edinburgh → Amsterdam,700,07:50,0.0,14.0,95.0,85,On Time,0,407.0,49.0,4.1
FL11829,2023-11-13,11,Autumn,Monday,PolarAir,Boeing 737,Birmingham,Istanbul,Birmingham → Istanbul,2680,09:40,15.0,9.0,228.0,210,Technical,0,79.0,190.94,3.5
FL12599,2023-11-13,11,Autumn,Monday,NovaStar,Boeing 777,London Heathrow,Dubai,London Heathrow → Dubai,5490,11:05,0.0,0.0,412.0,415,On Time,0,300.0,256.32,4.4
FL14606,2023-11-13,11,Autumn,Monday,CloudJet,Boeing 737,Glasgow,Dublin,Glasgow → Dublin,220,21:35,46.0,59.0,110.0,50,Air Traffic Control,0,272.0,68.19,2.0
FL13859,2023-11-13,11,Autumn,Monday,SkyWing Air,Airbus A320,Bristol,Malaga,Bristol → Malaga,1620,14:45,14.0,27.0,173.0,145,Late Aircraft,0,416.0,123.76,3.8
FL12076,2023-11-13,11,Autumn,Monday,NovaStar,Airbus A320,London Heathrow,New York JFK,London Heathrow → New York JFK,5570,18:45,0.0,0.0,418.0,420,On Time,0,255.0,270.18,4.0
FL14355,2023-11-13,11,Autumn,Monday,Atlantic Wings,Airbus A320,London Heathrow,Toronto Pearson,London Heathrow → Toronto Pearson,5730,13:05,1.0,0.0,438.0,430,Weather,0,397.0,430.28,4.1
FL12603,2023-11-13,11,Autumn,Monday,CloudJet,Airbus A320,Edinburgh,Amsterdam,Edinburgh → Amsterdam,700,06:10,20.0,35.0,124.0,85,Air Traffic Control,0,407.0,87.4,4.2
FL14279,2023-11-13,11,Autumn,Monday,CloudJet,Boeing 737,London Heathrow,Singapore Changi,London Heathrow → Singapore Changi,10840,06:15,52.0,53.0,804.0,745,Crew Availability,0,303.0,683.3,2.1
FL13672,2023-11-13,11,Autumn,Monday,PolarAir,Airbus A320,London Stansted,Warsaw Chopin,London Stansted → Warsaw Chopin,1470,10:50,21.0,17.0,160.0,135,Air Traffic Control,0,173.0,152.11,3.5
FL14977,2023-11-13,11,Autumn,Monday,AeroSwift,,London Stansted,Warsaw Chopin,London Stansted → Warsaw Chopin,1470,08:55,13.0,28.0,161.0,135,Late Aircraft,0,323.0,87.47,4.4
FL11257,2023-11-13,11,Autumn,Monday,Atlantic Wings,Boeing 777,London Heathrow,New York JFK,London Heathrow → New York JFK,5570,22:45,24.0,23.0,440.0,420,Weather,0,111.0,380.38,3.7
FL14033,2023-11-13,11,Autumn,Monday,SkyWing Air,Airbus A380,London Heathrow,New York JFK,London Heathrow → New York JFK,5570,05:40,55.0,51.0,471.0,420,Air Traffic Control,0,168.0,353.36,2.1
FL11394,2023-11-14,11,Autumn,Tuesday,AeroSwift,Embraer E190,Edinburgh,Amsterdam,Edinburgh → Amsterdam,700,22:10,22.0,32.0,124.0,85,Air Traffic Control,0,382.0,49.0,4.2
FL14462,2023-11-14,11,Autumn,Tuesday,NovaStar,Embraer E190,Manchester,Barcelona,Manchester → Barcelona,1440,12:15,0.0,5.0,130.0,130,On Time,0,254.0,86.58,4.4
FL13609,2023-11-14,11,Autumn,Tuesday,Atlantic Wings,Boeing 787,London Heathrow,New York JFK,London Heathrow → New York JFK,5570,17:10,13.0,14.0,442.0,420,Technical,0,80.0,357.31,3.1
FL10469,2023-11-14,11,Autumn,Tuesday,PolarAir,Boeing 777,Bristol,Malaga,Bristol → Malaga,1620,19:30,12.0,5.0,150.0,145,Technical,0,199.0,102.6,3.2
FL13761,2023-11-14,11,Autumn,Tuesday,PolarAir,Boeing 777,Glasgow,Dublin,Glasgow → Dublin,220,09:05,2.0,16.0,67.0,50,Crew Availability,0,165.0,73.0,4.4
FL10874,2023-11-15,11,Autumn,Wednesday,PolarAir,Embraer E190,Bristol,Malaga,Bristol → Malaga,1620,07:20,22.0,35.0,186.0,145,Security,0,374.0,75.59,4.0
FL13493,2023-11-15,11,Autumn,Wednesday,SkyWing Air,Boeing 777,Birmingham,Istanbul,Birmingham → Istanbul,2680,08:50,53.0,52.0,266.0,210,Security,0,310.0,157.44,3.3
FL12967,2023-11-15,11,Autumn,Wednesday,Atlantic Wings,Airbus A320,Bristol,Malaga,Bristol → Malaga,1620,21:45,20.0,28.0,176.0,145,Technical,0,170.0,154.92,3.7
FL14214,2023-11-15,11,Autumn,Wednesday,NovaStar,Embraer E190,London Stansted,Warsaw Chopin,London Stansted → Warsaw Chopin,1470,06:25,16.0,25.0,167.0,135,Air Traffic Control,0,348.0,104.65,3.6
FL11891,2023-11-15,11,Autumn,Wednesday,SkyWing Air,Airbus A320,London Stansted,Warsaw Chopin,London Stansted → Warsaw Chopin,1470,09:40,0.0,0.0,130.0,135,On Time,0,85.0,93.92,4.5
FL13261,2023-11-15,11,Autumn,Wednesday,CloudJet,Embraer E190,Manchester,Barcelona,Manchester → Barcelona,1440,11:00,3.0,3.0,128.0,130,Security,0,214.0,98.21,4.0
FL14133,2023-11-16,11,Autumn,Thursday,Atlantic Wings,Boeing 737,London Heathrow,Dubai,London Heathrow → Dubai,5490,11:40,25.0,37.0,450.0,415,Late Aircraft,0,128.0,376.37,4.1
FL13964,2023-11-16,11,Autumn,Thursday,AeroSwift,Boeing 737,London Stansted,Warsaw Chopin,London Stansted → Warsaw Chopin,1470,18:35,0.0,0.0,136.0,135,On Time,0,134.0,55.77,4.8
FL11677,2023-11-16,11,Autumn,Thursday,Atlantic Wings,Embraer E190,Manchester,Barcelona,Manchester → Barcelona,1440,12:00,60.0,69.0,207.0,130,Late Aircraft,0,120.0,97.24,2.6
FL13915,2023-11-16,11,Autumn,Thursday,SkyWing Air,Boeing 787,London Heathrow,Singapore Changi,London Heathrow → Singapore Changi,10840,14:40,0.0,10.0,758.0,745,On Time,0,124.0,744.9,4.8
FL14745,2023-11-16,11,Autumn,Thursday,NovaStar,Boeing 777,Birmingham,Istanbul,Birmingham → Istanbul,2680,17:15,0.0,7.0,222.0,210,On Time,0,318.0,191.29,4.4
FL12391,2023-11-16,11,Autumn,Thursday,Atlantic Wings,Boeing 737,London Heathrow,Toronto Pearson,London Heathrow → Toronto Pearson,5730,22:50,35.0,30.0,470.0,430,Air Traffic Control,0,223.0,422.83,2.8
FL11208,2023-11-16,11,Autumn,Thursday,Atlantic Wings,Airbus A320,London Heathrow,Dubai,London Heathrow → Dubai,5490,20:45,0.0,2.0,413.0,415,On Time,0,116.0,346.65,3.9
FL14671,2023-11-16,11,Autumn,Thursday,AeroSwift,Boeing 737,London Heathrow,Dubai,London Heathrow → Dubai,5490,11:40,0.0,15.0,436.0,415,On Time,0,257.0,274.04,3.9
FL14515,2023-11-16,11,Autumn,Thursday,Atlantic Wings,Boeing 737,London Heathrow,New York JFK,London Heathrow → New York JFK,5570,10:35,62.0,70.0,496.0,420,Security,0,,416.65,2.8
FL14875,2023-11-16,11,Autumn,Thursday,CloudJet,Boeing 777,Edinburgh,Amsterdam,Edinburgh → Amsterdam,700,11:55,0.0,13.0,100.0,85,On Time,0,173.0,49.0,4.5
FL12749,2023-11-16,11,Autumn,Thursday,CloudJet,Airbus A320,Glasgow,Dublin,Glasgow → Dublin,220,10:50,39.0,35.0,95.0,50,Technical,0,71.0,68.38,2.6
FL10380,2023-11-16,11,Autumn,Thursday,Atlantic Wings,Airbus A320,Edinburgh,Amsterdam,Edinburgh → Amsterdam,700,08:15,77.0,86.0,180.0,85,Air Traffic Control,0,,49.0,2.2
FL13776,2023-11-16,11,Autumn,Thursday,PolarAir,Embraer E190,London Heathrow,Dubai,London Heathrow → Dubai,5490,12:50,45.0,44.0,456.0,415,Air Traffic Control,0,307.0,306.03,3.3
FL13807,2023-11-16,11,Autumn,Thursday,Atlantic Wings,Embraer E190,Manchester,Barcelona,Manchester → Barcelona,1440,10:55,14.0,28.0,163.0,130,Air Traffic Control,0,308.0,117.18,3.1
FL10085,2023-11-16,11,Autumn,Thursday,Atlantic Wings,Airbus A380,Birmingham,Istanbul,Birmingham → Istanbul,2680,15:45,0.0,0.0,209.0,210,On Time,0,140.0,132.07,4.7
FL10546,2023-11-16,11,Autumn,Thursday,NovaStar,Boeing 777,London Heathrow,Singapore Changi,London Heathrow → Singapore Changi,10840,06:50,0.0,1.0,745.0,745,On Time,0,135.0,565.14,4.4
FL13877,2023-11-17,11,Autumn,Friday,Atlantic Wings,Boeing 777,Bristol,Malaga,Bristol → Malaga,1620,15:05,0.0,0.0,144.0,145,On Time,0,156.0,89.07,4.7
FL11521,2023-11-17,11,Autumn,Friday,PolarAir,Boeing 787,Leeds Bradford,Alicante,Leeds Bradford → Alicante,1590,16:10,20.0,35.0,182.0,145,Air Traffic Control,0,224.0,133.12,4.2
FL11784,2023-11-17,11,Autumn,Friday,Atlantic Wings,Airbus A380,Edinburgh,Amsterdam,Edinburgh → Amsterdam,700,13:55,,,,85,Late Aircraft,1,129.0,51.34,1.7
FL11250,2023-11-18,11,Autumn,Saturday,Atlantic Wings,Boeing 737,London Heathrow,New York JFK,London Heathrow → New York JFK,5570,09:35,27.0,41.0,458.0,420,Crew Availability,0,318.0,373.99,3.9
FL14101,2023-11-19,11,Autumn,Sunday,PolarAir,Boeing 737,Edinburgh,Amsterdam,Edinburgh → Amsterdam,700,13:25,8.0,20.0,103.0,85,Air Traffic Control,0,230.0,49.0,4.3
FL14490,2023-11-19,11,Autumn,Sunday,NovaStar,Boeing 737,London Gatwick,Rome Fiumicino,London Gatwick → Rome Fiumicino,1430,12:00,20.0,23.0,161.0,135,Crew Availability,0,375.0,102.37,3.3
FL11600,2023-11-19,11,Autumn,Sunday,CloudJet,Embraer E190,London Heathrow,New York JFK,London Heathrow → New York JFK,5570,06:45,16.0,29.0,448.0,420,Technical,0,273.0,332.15,4.2
FL14409,2023-11-19,11,Autumn,Sunday,SkyWing Air,Boeing 787,Manchester,Barcelona,Manchester → Barcelona,1440,07:00,9.0,3.0,129.0,130,Air Traffic Control,0,228.0,66.95,3.6
FL12897,2023-11-19,11,Autumn,Sunday,Atlantic Wings,Embraer E190,Glasgow,Dublin,Glasgow → Dublin,220,07:00,0.0,0.0,49.0,50,On Time,0,310.0,49.0,4.6
FL13875,2023-11-19,11,Autumn,Sunday,PolarAir,Boeing 737,London Heathrow,Toronto Pearson,London Heathrow → Toronto Pearson,5730,12:55,17.0,14.0,441.0,430,Air Traffic Control,0,65.0,307.79,3.2
FL14514,2023-11-19,11,Autumn,Sunday,SkyWing Air,Boeing 777,London Gatwick,Rome Fiumicino,London Gatwick → Rome Fiumicino,1430,07:50,0.0,5.0,140.0,135,On Time,0,83.0,56.68,3.9
FL12407,2023-11-20,11,Autumn,Monday,PolarAir,Boeing 737,London Heathrow,Dubai,London Heathrow → Dubai,5490,14:30,9.0,22.0,441.0,415,Air Traffic Control,0,198.0,344.65,4.1
FL13084,2023-11-20,11,Autumn,Monday,AeroSwift,Boeing 737,London Gatwick,Rome Fiumicino,London Gatwick → Rome Fiumicino,1430,19:20,22.0,17.0,161.0,135,Air Traffic Control,0,227.0,79.91,3.8
FL10353,2023-11-20,11,Autumn,Monday,PolarAir,Boeing 777,London Stansted,Warsaw Chopin,London Stansted → Warsaw Chopin,1470,09:10,9.0,15.0,145.0,135,Security,0,80.0,99.19,3.4
FL13781,2023-11-20,11,Autumn,Monday,AeroSwift,Boeing 787,Birmingham,Istanbul,Birmingham → Istanbul,2680,06:45,,,,210,Air Traffic Control,1,160.0,150.43,2.4
FL12065,2023-11-20,11,Autumn,Monday,Atlantic Wings,Boeing 777,London Heathrow,New York JFK,London Heathrow → New York JFK,5570,22:00,131.0,140.0,567.0,420,Technical,0,358.0,362.12,1.2
FL10019,2023-11-20,11,Autumn,Monday,SkyWing Air,Airbus A320,London Heathrow,New York JFK,London Heathrow → New York JFK,5570,15:45,7.0,1.0,422.0,420,Security,0,319.0,442.25,3.4
FL12317,2023-11-21,11,Autumn,Tuesday,NovaStar,Boeing 737,Edinburgh,Amsterdam,Edinburgh → Amsterdam,700,09:00,2.0,9.0,100.0,85,Crew Availability,0,123.0,49.0,3.3
FL13894,2023-11-21,11,Autumn,Tuesday,PolarAir,Boeing 737,Edinburgh,Amsterdam,Edinburgh → Amsterdam,700,22:25,1.0,9.0,104.0,85,Technical,0,361.0,49.0,4.4
FL10473,2023-11-21,11,Autumn,Tuesday,NovaStar,Airbus A320,London Heathrow,Singapore Changi,London Heathrow → Singapore Changi,10840,14:15,0.0,0.0,751.0,745,On Time,0,303.0,571.02,4.7
FL13753,2023-11-21,11,Autumn,Tuesday,Atlantic Wings,Embraer E190,London Gatwick,Rome Fiumicino,London Gatwick → Rome Fiumicino,1430,11:30,102.0,115.0,250.0,135,Crew Availability,0,148.0,152.2,1.0
FL12788,2023-11-21,11,Autumn,Tuesday,PolarAir,Airbus A320,Leeds Bradford,Alicante,Leeds Bradford → Alicante,1590,22:25,0.0,11.0,162.0,145,On Time,0,,127.61,4.5
FL14755,2023-11-21,11,Autumn,Tuesday,SkyWing Air,Boeing 787,London Heathrow,Singapore Changi,London Heathrow → Singapore Changi,10840,16:00,3.0,4.0,758.0,745,Crew Availability,0,93.0,713.54,3.8
FL10061,2023-11-22,11,Autumn,Wednesday,Atlantic Wings,Airbus A380,Bristol,Malaga,Bristol → Malaga,1620,09:30,0.0,13.0,157.0,145,On Time,0,313.0,105.03,5.0
FL10533,2023-11-22,11,Autumn,Wednesday,Atlantic Wings,Boeing 777,Birmingham,Istanbul,Birmingham → Istanbul,2680,08:55,0.0,0.0,215.0,210,On Time,0,234.0,231.96,4.1
FL11346,2023-11-22,11,Autumn,Wednesday,Atlantic Wings,Airbus A320,London Heathrow,Dubai,London Heathrow → Dubai,5490,21:10,12.0,19.0,437.0,415,Late Aircraft,0,187.0,360.87,3.3
FL13432,2023-11-22,11,Autumn,Wednesday,AeroSwift,Boeing 737,Birmingham,Istanbul,Birmingham → Istanbul,2680,10:40,18.0,27.0,244.0,210,Crew Availability,0,212.0,192.71,3.6
FL14550,2023-11-22,11,Autumn,Wednesday,SkyWing Air,Boeing 737,Manchester,Barcelona,Manchester → Barcelona,1440,08:15,14.0,29.0,162.0,130,Air Traffic Control,0,310.0,91.28,3.2
FL10621,2023-11-22,11,Autumn,Wednesday,PolarAir,Airbus A320,Manchester,Barcelona,Manchester → Barcelona,1440,15:55,23.0,32.0,169.0,130,Security,0,304.0,87.18,3.9
FL12422,2023-11-22,11,Autumn,Wednesday,Atlantic Wings,Boeing 737,London Gatwick,Rome Fiumicino,London Gatwick → Rome Fiumicino,1430,14:15,40.0,46.0,180.0,135,Technical,0,285.0,79.49,2.8
FL13795,2023-11-23,11,Autumn,Thursday,SkyWing Air,Boeing 777,Glasgow,Dublin,Glasgow → Dublin,220,08:45,0.0,2.0,55.0,50,On Time,0,312.0,49.0,4.0
FL14346,2023-11-23,11,Autumn,Thursday,Atlantic Wings,Embraer E190,Edinburgh,Amsterdam,Edinburgh → Amsterdam,700,22:50,0.0,10.0,97.0,85,On Time,0,166.0,51.61,4.2
FL13516,2023-11-24,11,Autumn,Friday,Atlantic Wings,Boeing 737,Manchester,Barcelona,Manchester → Barcelona,1440,20:10,126.0,120.0,249.0,130,Air Traffic Control,0,411.0,84.71,1.8
FL10202,2023-11-24,11,Autumn,Friday,CloudJet,Boeing 777,London Heathrow,Dubai,London Heathrow → Dubai,5490,16:05,43.0,36.0,453.0,415,Technical,0,324.0,368.02,3.5
FL10528,2023-11-24,11,Autumn,Friday,AeroSwift,Embraer E190,London Heathrow,Singapore Changi,London Heathrow → Singapore Changi,10840,16:20,0.0,0.0,741.0,745,On Time,0,163.0,562.47,4.1
FL14372,2023-11-24,11,Autumn,Friday,CloudJet,Airbus A380,Manchester,Barcelona,Manchester → Barcelona,1440,21:10,0.0,2.0,136.0,130,On Time,0,378.0,115.99,4.6
FL14581,2023-11-24,11,Autumn,Friday,PolarAir,Boeing 787,Bristol,Malaga,Bristol → Malaga,1620,10:45,6.0,2.0,157.0,145,Air Traffic Control,0,148.0,78.3,4.3
FL12728,2023-11-24,11,Autumn,Friday,AeroSwift,Airbus A320,Birmingham,Istanbul,Birmingham → Istanbul,2680,13:35,0.0,0.0,212.0,210,On Time,0,284.0,106.14,4.6
FL11755,2023-11-24,11,Autumn,Friday,PolarAir,Boeing 787,London Heathrow,Toronto Pearson,London Heathrow → Toronto Pearson,5730,19:30,21.0,19.0,446.0,430,Weather,0,89.0,299.29,3.1
FL12646,2023-11-24,11,Autumn,Friday,NovaStar,Boeing 737,Bristol,Malaga,Bristol → Malaga,1620,08:30,11.0,5.0,146.0,145,Weather,0,195.0,102.37,3.8
FL12698,2023-11-24,11,Autumn,Friday,SkyWing Air,,Birmingham,Istanbul,Birmingham → Istanbul,2680,09:45,0.0,0.0,206.0,210,On Time,0,349.0,193.26,4.6
FL10154,2023-11-24,11,Autumn,Friday,AeroSwift,Airbus A320,Birmingham,Istanbul,Birmingham → Istanbul,2680,16:00,56.0,55.0,264.0,210,Crew Availability,0,68.0,185.85,2.4
FL12831,2023-11-25,11,Autumn,Saturday,SkyWing Air,Boeing 787,London Heathrow,Singapore Changi,London Heathrow → Singapore Changi,10840,11:10,3.0,14.0,764.0,745,Weather,0,172.0,770.69,3.6
FL13828,2023-11-25,11,Autumn,Saturday,PolarAir,Boeing 777,London Stansted,Warsaw Chopin,London Stansted → Warsaw Chopin,1470,10:00,9.0,12.0,144.0,135,Security,0,112.0,93.46,4.5
FL12352,2023-11-25,11,Autumn,Saturday,AeroSwift,Airbus A320,Glasgow,Dublin,Glasgow → Dublin,220,17:40,34.0,28.0,75.0,50,Weather,0,226.0,49.0,3.1
FL13854,2023-11-25,11,Autumn,Saturday,SkyWing Air,Boeing 737,Bristol,Malaga,Bristol → Malaga,1620,18:40,3.0,15.0,165.0,145,Air Traffic Control,0,65.0,97.41,3.5
FL14784,2023-11-25,11,Autumn,Saturday,Atlantic Wings,Airbus A320,Edinburgh,Amsterdam,Edinburgh → Amsterdam,700,15:40,55.0,70.0,151.0,85,Security,0,343.0,49.0,2.9
FL13574,2023-11-25,11,Autumn,Saturday,PolarAir,Boeing 777,London Heathrow,New York JFK,London Heathrow → New York JFK,5570,10:15,19.0,29.0,448.0,420,Weather,0,394.0,337.02,3.6
FL12125,2023-11-25,11,Autumn,Saturday,NovaStar,Boeing 737,London Heathrow,Dubai,London Heathrow → Dubai,5490,16:50,,,,415,Weather,1,247.0,261.51,2.2
FL13153,2023-11-26,11,Autumn,Sunday,Atlantic Wings,Boeing 777,Manchester,Barcelona,Manchester → Barcelona,1440,06:45,3.0,6.0,142.0,130,Crew Availability,0,385.0,71.97,3.6
FL13857,2023-11-26,11,Autumn,Sunday,CloudJet,Airbus A320,London Gatwick,Rome Fiumicino,London Gatwick → Rome Fiumicino,1430,12:00,23.0,35.0,169.0,135,Technical,0,97.0,155.46,4.4
FL10555,2023-11-26,11,Autumn,Sunday,Atlantic Wings,Boeing 777,Birmingham,Istanbul,Birmingham → Istanbul,2680,21:35,38.0,45.0,258.0,210,Late Aircraft,0,357.0,238.44,2.6
FL14237,2023-11-26,11,Autumn,Sunday,Atlantic Wings,Airbus A320,London Stansted,Warsaw Chopin,London Stansted → Warsaw Chopin,1470,14:40,44.0,48.0,182.0,135,Air Traffic Control,0,250.0,86.15,2.2
FL13794,2023-11-26,11,Autumn,Sunday,AeroSwift,Boeing 737,Birmingham,Istanbul,Birmingham → Istanbul,2680,20:45,14.0,10.0,224.0,210,Air Traffic Control,0,197.0,160.03,4.0
FL11579,2023-11-26,11,Autumn,Sunday,CloudJet,Boeing 787,London Gatwick,Rome Fiumicino,London Gatwick → Rome Fiumicino,1430,20:45,2.0,0.0,139.0,135,Air Traffic Control,0,345.0,72.55,4.4
FL12534,2023-11-26,11,Autumn,Sunday,Atlantic Wings,Airbus A380,London Stansted,Warsaw Chopin,London Stansted → Warsaw Chopin,1470,15:45,19.0,21.0,166.0,135,Crew Availability,0,417.0,168.57,3.7
FL13078,2023-11-27,11,Autumn,Monday,PolarAir,Embraer E190,Bristol,Malaga,Bristol → Malaga,1620,18:35,39.0,40.0,192.0,145,Crew Availability,0,185.0,166.73,2.1
FL11532,2023-11-27,11,Autumn,Monday,AeroSwift,Airbus A320,Edinburgh,Amsterdam,Edinburgh → Amsterdam,700,16:35,23.0,15.0,108.0,85,Security,0,217.0,49.0,3.9
FL14388,2023-11-27,11,Autumn,Monday,PolarAir,Airbus A320,Leeds Bradford,Alicante,Leeds Bradford → Alicante,1590,20:30,23.0,19.0,165.0,145,Late Aircraft,0,282.0,131.95,3.9
FL12805,2023-11-27,11,Autumn,Monday,Atlantic Wings,Boeing 777,London Gatwick,Rome Fiumicino,London Gatwick → Rome Fiumicino,1430,15:35,47.0,54.0,191.0,135,Technical,0,196.0,104.3,3.1
FL11960,2023-11-27,11,Autumn,Monday,SkyWing Air,Airbus A320,London Heathrow,Dubai,London Heathrow → Dubai,5490,19:15,0.0,12.0,436.0,415,On Time,0,102.0,326.44,4.1
FL10341,2023-11-28,11,Autumn,Tuesday,NovaStar,Boeing 777,Edinburgh,Amsterdam,Edinburgh → Amsterdam,700,07:15,0.0,9.0,97.0,85,On Time,0,244.0,49.0,5.0
FL13074,2023-11-28,11,Autumn,Tuesday,NovaStar,Airbus A380,London Heathrow,New York JFK,London Heathrow → New York JFK,5570,19:45,4.0,0.0,424.0,420,Crew Availability,0,209.0,278.22,3.4
FL10953,2023-11-28,11,Autumn,Tuesday,Atlantic Wings,Boeing 777,Bristol,Malaga,Bristol → Malaga,1620,11:10,61.0,68.0,221.0,145,Technical,0,311.0,90.76,2.0
FL10962,2023-11-28,11,Autumn,Tuesday,NovaStar,Boeing 737,London Stansted,Warsaw Chopin,London Stansted → Warsaw Chopin,1470,12:40,3.0,17.0,151.0,135,Crew Availability,0,314.0,49.0,3.1
FL12072,2023-11-28,11,Autumn,Tuesday,CloudJet,Airbus A320,London Stansted,Warsaw Chopin,London Stansted → Warsaw Chopin,1470,19:10,1.0,0.0,140.0,135,Crew Availability,0,279.0,113.78,3.0
FL13406,2023-11-28,11,Autumn,Tuesday,Atlantic Wings,Embraer E190,London Heathrow,Dubai,London Heathrow → Dubai,5490,10:20,77.0,77.0,502.0,415,Security,0,382.0,380.97,2.1
FL14092,2023-11-28,11,Autumn,Tuesday,SkyWing Air,Boeing 777,London Stansted,Warsaw Chopin,London Stansted → Warsaw Chopin,1470,17:10,8.0,16.0,161.0,135,Security,0,249.0,95.01,4.0
FL12079,2023-11-28,11,Autumn,Tuesday,PolarAir,Boeing 777,Leeds Bradford,Alicante,Leeds Bradford → Alicante,1590,17:35,2.0,11.0,152.0,145,Technical,0,264.0,86.1,3.3
FL12655,2023-11-28,11,Autumn,Tuesday,AeroSwift,Airbus A320,Leeds Bradford,Alicante,Leeds Bradford → Alicante,1590,15:50,1.0,2.0,142.0,145,Technical,0,191.0,120.34,3.1
FL13864,2023-11-29,11,Autumn,Wednesday,CloudJet,Boeing 737,Birmingham,Istanbul,Birmingham → Istanbul,2680,15:30,41.0,52.0,268.0,210,Air Traffic Control,0,67.0,166.2,2.5
FL12689,2023-11-29,11,Autumn,Wednesday,AeroSwift,Boeing 737,London Stansted,Warsaw Chopin,London Stansted → Warsaw Chopin,1470,22:45,12.0,12.0,153.0,135,Technical,0,312.0,106.61,3.7
FL13549,2023-11-29,11,Autumn,Wednesday,AeroSwift,Boeing 777,London Heathrow,New York JFK,London Heathrow → New York JFK,5570,13:20,8.0,13.0,434.0,420,Air Traffic Control,0,69.0,252.27,4.4
FL12147,2023-11-29,11,Autumn,Wednesday,NovaStar,Boeing 737,Leeds Bradford,Alicante,Leeds Bradford → Alicante,1590,08:25,0.0,2.0,150.0,145,On Time,0,242.0,110.63,4.2
FL13334,2023-11-29,11,Autumn,Wednesday,Atlantic Wings,Boeing 737,London Gatwick,Rome Fiumicino,London Gatwick → Rome Fiumicino,1430,06:45,54.0,67.0,212.0,135,Security,0,88.0,141.2,2.2
FL12049,2023-11-29,11,Autumn,Wednesday,NovaStar,Boeing 737,Glasgow,Dublin,Glasgow → Dublin,220,07:35,0.0,12.0,66.0,50,On Time,0,180.0,49.0,4.2
FL12482,2023-11-30,11,Autumn,Thursday,SkyWing Air,Airbus A320,Leeds Bradford,Alicante,Leeds Bradford → Alicante,1590,09:25,16.0,26.0,177.0,145,Crew Availability,0,161.0,84.24,3.7
FL14614,2023-11-30,11,Autumn,Thursday,Atlantic Wings,Airbus A320,London Stansted,Warsaw Chopin,London Stansted → Warsaw Chopin,1470,11:30,30.0,35.0,170.0,135,Security,0,281.0,136.64,3.6
FL12985,2023-11-30,11,Autumn,Thursday,Atlantic Wings,Boeing 737,Glasgow,Dublin,Glasgow → Dublin,220,10:20,22.0,19.0,73.0,50,Security,0,81.0,49.0,3.7
FL12588,2023-11-30,11,Autumn,Thursday,PolarAir,Embraer E190,London Gatwick,Rome Fiumicino,London Gatwick → Rome Fiumicino,1430,09:15,16.0,23.0,154.0,135,Late Aircraft,0,222.0,117.53,3.4
FL14907,2023-11-30,11,Autumn,Thursday,AeroSwift,Boeing 737,Birmingham,Istanbul,Birmingham → Istanbul,2680,20:45,4.0,1.0,220.0,210,Technical,0,267.0,156.17,3.9
FL10570,2023-11-30,11,Autumn,Thursday,PolarAir,Boeing 737,Bristol,Malaga,Bristol → Malaga,1620,20:15,77.0,83.0,225.0,145,Weather,0,387.0,129.92,3.0
FL12971,2023-11-30,11,Autumn,Thursday,SkyWing Air,Airbus A320,London Stansted,Warsaw Chopin,London Stansted → Warsaw Chopin,1470,07:50,1.0,0.0,133.0,135,Crew Availability,0,251.0,93.88,4.4
FL14578,2023-11-30,11,Autumn,Thursday,PolarAir,Boeing 737,Glasgow,Dublin,Glasgow → Dublin,220,07:05,24.0,31.0,76.0,50,Late Aircraft,0,98.0,49.0,4.3
FL13575,2023-11-30,11,Autumn,Thursday,CloudJet,Boeing 787,London Stansted,Warsaw Chopin,London Stansted → Warsaw Chopin,1470,11:05,36.0,36.0,166.0,135,Air Traffic Control,0,364.0,124.74,3.3
FL14886,2023-11-30,11,Autumn,Thursday,NovaStar,Boeing 737,London Stansted,Warsaw Chopin,London Stansted → Warsaw Chopin,1470,20:45,0.0,11.0,156.0,135,On Time,0,218.0,77.38,4.3
FL14577,2023-12-01,12,Winter,Friday,NovaStar,Airbus A380,London Heathrow,New York JFK,London Heathrow → New York JFK,5570,10:35,0.0,0.0,424.0,420,On Time,0,91.0,296.22,4.6
FL12538,2023-12-01,12,Winter,Friday,SkyWing Air,Boeing 737,Manchester,Barcelona,Manchester → Barcelona,1440,08:05,6.0,2.0,132.0,130,Late Aircraft,0,399.0,112.95,3.2
FL12786,2023-12-01,12,Winter,Friday,AeroSwift,Embraer E190,London Heathrow,New York JFK,London Heathrow → New York JFK,5570,19:30,8.0,5.0,421.0,420,Late Aircraft,0,411.0,299.66,3.9
FL13651,2023-12-01,12,Winter,Friday,Atlantic Wings,Airbus A320,Manchester,Barcelona,Manchester → Barcelona,1440,20:30,2.0,0.0,139.0,130,Technical,0,349.0,109.61,
FL10861,2023-12-01,12,Winter,Friday,NovaStar,Airbus A320,Bristol,Malaga,Bristol → Malaga,1620,22:25,10.0,25.0,167.0,145,Weather,0,345.0,124.41,4.2
FL14656,2023-12-01,12,Winter,Friday,NovaStar,Airbus A320,London Heathrow,New York JFK,London Heathrow → New York JFK,5570,07:55,2.0,12.0,432.0,420,Weather,0,89.0,313.34,4.4
FL13676,2023-12-01,12,Winter,Friday,CloudJet,Boeing 737,Bristol,Malaga,Bristol → Malaga,1620,08:20,25.0,31.0,173.0,145,Technical,0,173.0,107.55,4.2
FL11375,2023-12-01,12,Winter,Friday,AeroSwift,Embraer E190,London Heathrow,Dubai,London Heathrow → Dubai,5490,08:00,34.0,30.0,441.0,415,Late Aircraft,0,,357.37,2.6
FL13585,2023-12-02,12,Winter,Saturday,PolarAir,Embraer E190,Birmingham,Istanbul,Birmingham → Istanbul,2680,13:00,39.0,41.0,253.0,210,Air Traffic Control,0,410.0,233.85,2.8
FL14833,2023-12-02,12,Winter,Saturday,PolarAir,Airbus A320,London Heathrow,Dubai,London Heathrow → Dubai,5490,10:40,115.0,111.0,528.0,415,Security,0,96.0,368.66,1.9
FL13777,2023-12-02,12,Winter,Saturday,SkyWing Air,Boeing 787,Manchester,Barcelona,Manchester → Barcelona,1440,11:15,10.0,12.0,139.0,130,Air Traffic Control,0,272.0,167.15,4.2
FL10203,2023-12-02,12,Winter,Saturday,SkyWing Air,Airbus A320,Glasgow,Dublin,Glasgow → Dublin,220,07:25,72.0,82.0,134.0,50,Air Traffic Control,0,297.0,109.31,2.6
FL11608,2023-12-02,12,Winter,Saturday,CloudJet,Airbus A320,Bristol,Malaga,Bristol → Malaga,1620,12:10,0.0,5.0,153.0,145,On Time,0,62.0,115.13,3.8
FL11997,2023-12-02,12,Winter,Saturday,Atlantic Wings,Boeing 737,London Heathrow,Singapore Changi,London Heathrow → Singapore Changi,10840,10:10,131.0,124.0,871.0,745,Technical,0,206.0,827.05,1.1
FL14443,2023-12-03,12,Winter,Sunday,NovaStar,Airbus A380,Leeds Bradford,Alicante,Leeds Bradford → Alicante,1590,22:05,0.0,15.0,166.0,145,On Time,0,218.0,147.03,4.5
FL14502,2023-12-03,12,Winter,Sunday,PolarAir,Airbus A320,Glasgow,Dublin,Glasgow → Dublin,220,12:45,,,,50,Weather,1,159.0,91.6,2.4
FL10673,2023-12-03,12,Winter,Sunday,SkyWing Air,Airbus A320,Birmingham,Istanbul,Birmingham → Istanbul,2680,16:45,0.0,14.0,234.0,210,On Time,0,118.0,156.05,4.1
FL11327,2023-12-03,12,Winter,Sunday,NovaStar,Boeing 737,London Heathrow,Singapore Changi,London Heathrow → Singapore Changi,10840,06:55,11.0,9.0,757.0,745,Security,0,111.0,595.88,3.4
FL11528,2023-12-04,12,Winter,Monday,Atlantic Wings,Embraer E190,London Stansted,Warsaw Chopin,London Stansted → Warsaw Chopin,1470,11:00,7.0,5.0,148.0,135,Security,0,164.0,174.06,3.5
FL13727,2023-12-04,12,Winter,Monday,PolarAir,Boeing 777,London Heathrow,New York JFK,London Heathrow → New York JFK,5570,08:35,12.0,18.0,438.0,420,Late Aircraft,0,213.0,417.35,3.4
FL12452,2023-12-04,12,Winter,Monday,CloudJet,Boeing 737,Manchester,Barcelona,Manchester → Barcelona,1440,07:25,,,,130,Security,1,379.0,101.48,1.8
FL10168,2023-12-04,12,Winter,Monday,PolarAir,Airbus A320,Birmingham,Istanbul,Birmingham → Istanbul,2680,17:50,0.0,0.0,214.0,210,On Time,0,224.0,221.54,4.5
FL13186,2023-12-04,12,Winter,Monday,CloudJet,Boeing 737,Manchester,Barcelona,Manchester → Barcelona,1440,10:55,13.0,10.0,142.0,130,Air Traffic Control,0,71.0,147.37,3.2
FL14958,2023-12-05,12,Winter,Tuesday,PolarAir,Boeing 737,London Heathrow,Toronto Pearson,London Heathrow → Toronto Pearson,5730,09:45,43.0,51.0,478.0,430,Late Aircraft,0,308.0,434.39,3.4
FL11781,2023-12-05,12,Winter,Tuesday,AeroSwift,Embraer E190,London Heathrow,Dubai,London Heathrow → Dubai,5490,11:55,4.0,0.0,417.0,415,Technical,0,396.0,314.98,3.5
FL11739,2023-12-05,12,Winter,Tuesday,NovaStar,Boeing 787,London Gatwick,Rome Fiumicino,London Gatwick → Rome Fiumicino,1430,19:30,0.0,11.0,147.0,135,On Time,0,62.0,103.1,4.8
FL10917,2023-12-05,12,Winter,Tuesday,AeroSwift,Embraer E190,London Heathrow,Singapore Changi,London Heathrow → Singapore Changi,10840,07:25,20.0,24.0,768.0,745,Weather,0,132.0,651.47,3.9
FL14649,2023-12-05,12,Winter,Tuesday,CloudJet,Boeing 777,Edinburgh,Amsterdam,Edinburgh → Amsterdam,700,16:55,16.0,28.0,111.0,85,Late Aircraft,0,97.0,59.36,3.8
FL11337,2023-12-05,12,Winter,Tuesday,PolarAir,Boeing 787,London Stansted,Warsaw Chopin,London Stansted → Warsaw Chopin,1470,12:15,0.0,0.0,137.0,135,On Time,0,71.0,91.92,4.1
FL13313,2023-12-05,12,Winter,Tuesday,SkyWing Air,Boeing 737,London Heathrow,Dubai,London Heathrow → Dubai,5490,08:35,43.0,49.0,466.0,415,Technical,0,358.0,385.9,2.1
FL11096,2023-12-06,12,Winter,Wednesday,Atlantic Wings,Airbus A320,Manchester,Barcelona,Manchester → Barcelona,1440,16:55,,,,130,Crew Availability,1,234.0,131.84,1.1
FL13614,2023-12-06,12,Winter,Wednesday,PolarAir,Boeing 777,London Gatwick,Rome Fiumicino,London Gatwick → Rome Fiumicino,1430,20:40,21.0,20.0,163.0,135,Security,0,326.0,107.42,4.5
FL11711,2023-12-06,12,Winter,Wednesday,PolarAir,Airbus A320,London Gatwick,Rome Fiumicino,London Gatwick → Rome Fiumicino,1430,13:20,30.0,36.0,169.0,135,Weather,0,374.0,130.35,3.4
FL11022,2023-12-06,12,Winter,Wednesday,AeroSwift,Boeing 787,London Gatwick,Rome Fiumicino,London Gatwick → Rome Fiumicino,1430,14:10,,,,135,Weather,1,134.0,86.35,2.1
FL14569,2023-12-06,12,Winter,Wednesday,PolarAir,Boeing 787,London Heathrow,Dubai,London Heathrow → Dubai,5490,06:45,18.0,21.0,444.0,415,Air Traffic Control,0,336.0,358.86,3.4
FL13722,2023-12-06,12,Winter,Wednesday,AeroSwift,Airbus A320,Edinburgh,Amsterdam,Edinburgh → Amsterdam,700,06:00,0.0,6.0,101.0,85,On Time,0,303.0,75.83,4.2
FL11697,2023-12-06,12,Winter,Wednesday,NovaStar,Boeing 787,Birmingham,Istanbul,Birmingham → Istanbul,2680,05:35,0.0,10.0,224.0,210,On Time,0,417.0,166.91,4.7
FL12828,2023-12-07,12,Winter,Thursday,CloudJet,,Leeds Bradford,Alicante,Leeds Bradford → Alicante,1590,11:45,25.0,23.0,166.0,145,Crew Availability,0,157.0,80.62,3.4
FL13820,2023-12-07,12,Winter,Thursday,CloudJet,Boeing 787,London Stansted,Warsaw Chopin,London Stansted → Warsaw Chopin,1470,14:20,0.0,8.0,141.0,135,On Time,0,135.0,111.33,
FL13515,2023-12-07,12,Winter,Thursday,SkyWing Air,Embraer E190,London Heathrow,Dubai,London Heathrow → Dubai,5490,14:05,0.0,3.0,427.0,415,On Time,0,275.0,371.7,4.7
FL12153,2023-12-07,12,Winter,Thursday,CloudJet,Airbus A380,Birmingham,Istanbul,Birmingham → Istanbul,2680,12:20,0.0,3.0,216.0,210,On Time,0,149.0,192.12,4.7
FL12219,2023-12-07,12,Winter,Thursday,NovaStar,Airbus A320,London Heathrow,New York JFK,London Heathrow → New York JFK,5570,10:10,0.0,6.0,429.0,420,On Time,0,234.0,338.44,4.3
FL14103,2023-12-07,12,Winter,Thursday,PolarAir,Boeing 787,Glasgow,Dublin,Glasgow → Dublin,220,15:05,0.0,0.0,60.0,50,On Time,0,167.0,49.0,4.1
FL11182,2023-12-07,12,Winter,Thursday,SkyWing Air,Embraer E190,London Heathrow,New York JFK,London Heathrow → New York JFK,5570,21:20,9.0,17.0,447.0,420,Air Traffic Control,0,213.0,414.99,
FL11151,2023-12-07,12,Winter,Thursday,SkyWing Air,Boeing 787,Manchester,Barcelona,Manchester → Barcelona,1440,13:00,150.0,143.0,277.0,130,Technical,0,250.0,153.24,2.0
FL10940,2023-12-07,12,Winter,Thursday,NovaStar,Boeing 737,London Heathrow,New York JFK,London Heathrow → New York JFK,5570,16:45,,,,420,Security,1,69.0,313.72,1.5
FL13173,2023-12-07,12,Winter,Thursday,SkyWing Air,Boeing 777,London Gatwick,Rome Fiumicino,London Gatwick → Rome Fiumicino,1430,17:40,74.0,72.0,217.0,135,Technical,0,418.0,92.57,2.1
FL14426,2023-12-07,12,Winter,Thursday,Atlantic Wings,Boeing 777,Leeds Bradford,Alicante,Leeds Bradford → Alicante,1590,18:10,24.0,33.0,182.0,145,Weather,0,302.0,131.3,4.5
FL14628,2023-12-08,12,Winter,Friday,PolarAir,Embraer E190,London Gatwick,Rome Fiumicino,London Gatwick → Rome Fiumicino,1430,09:05,45.0,45.0,186.0,135,Crew Availability,0,384.0,74.01,3.4
FL14598,2023-12-08,12,Winter,Friday,NovaStar,,Manchester,Barcelona,Manchester → Barcelona,1440,13:30,0.0,11.0,151.0,130,On Time,0,,88.64,4.0
FL13612,2023-12-08,12,Winter,Friday,PolarAir,Boeing 777,Edinburgh,Amsterdam,Edinburgh → Amsterdam,700,16:30,0.0,5.0,96.0,85,On Time,0,292.0,49.0,3.9
FL10096,2023-12-08,12,Winter,Friday,SkyWing Air,Boeing 777,London Stansted,Warsaw Chopin,London Stansted → Warsaw Chopin,1470,06:25,70.0,82.0,224.0,135,Crew Availability,0,126.0,172.8,2.9
FL12170,2023-12-09,12,Winter,Saturday,SkyWing Air,Boeing 737,Manchester,Barcelona,Manchester → Barcelona,1440,10:50,41.0,50.0,180.0,130,Weather,0,144.0,139.86,2.6
FL11119,2023-12-09,12,Winter,Saturday,SkyWing Air,Boeing 787,London Heathrow,New York JFK,London Heathrow → New York JFK,5570,12:30,7.0,18.0,441.0,420,Crew Availability,0,101.0,468.18,3.4
FL12305,2023-12-09,12,Winter,Saturday,AeroSwift,Embraer E190,London Heathrow,Dubai,London Heathrow → Dubai,5490,21:25,0.0,4.0,423.0,415,On Time,0,394.0,327.18,4.0
FL13664,2023-12-09,12,Winter,Saturday,NovaStar,Boeing 737,London Gatwick,Rome Fiumicino,London Gatwick → Rome Fiumicino,1430,16:25,0.0,9.0,145.0,135,On Time,0,329.0,114.51,4.2
FL13163,2023-12-09,12,Winter,Saturday,Atlantic Wings,Embraer E190,London Heathrow,Dubai,London Heathrow → Dubai,5490,19:40,,,,415,Late Aircraft,1,391.0,437.26,1.2
FL11519,2023-12-10,12,Winter,Sunday,AeroSwift,Embraer E190,Glasgow,Dublin,Glasgow → Dublin,220,09:45,79.0,89.0,139.0,50,Weather,0,243.0,49.0,3.3
FL13120,2023-12-10,12,Winter,Sunday,AeroSwift,Airbus A320,London Heathrow,Toronto Pearson,London Heathrow → Toronto Pearson,5730,05:10,6.0,8.0,447.0,430,Late Aircraft,0,254.0,385.77,3.8
FL14160,2023-12-10,12,Winter,Sunday,NovaStar,Boeing 737,Manchester,Barcelona,Manchester → Barcelona,1440,07:10,10.0,3.0,140.0,130,Weather,0,237.0,109.16,4.1
FL13129,2023-12-10,12,Winter,Sunday,SkyWing Air,Boeing 777,London Heathrow,Singapore Changi,London Heathrow → Singapore Changi,10840,06:40,2.0,0.0,749.0,745,Security,0,238.0,869.81,3.4
FL13307,2023-12-10,12,Winter,Sunday,Atlantic Wings,Boeing 737,London Stansted,Warsaw Chopin,London Stansted → Warsaw Chopin,1470,11:10,16.0,23.0,157.0,135,Weather,0,278.0,107.09,3.1
FL13305,2023-12-10,12,Winter,Sunday,PolarAir,Airbus A380,Glasgow,Dublin,Glasgow → Dublin,220,06:15,27.0,30.0,79.0,50,Late Aircraft,0,250.0,49.0,3.3
FL14510,2023-12-10,12,Winter,Sunday,Atlantic Wings,Airbus A320,London Gatwick,Rome Fiumicino,London Gatwick → Rome Fiumicino,1430,08:25,31.0,32.0,168.0,135,Weather,0,275.0,153.62,3.5
FL14090,2023-12-11,12,Winter,Monday,Atlantic Wings,Airbus A320,Leeds Bradford,Alicante,Leeds Bradford → Alicante,1590,15:50,6.0,2.0,142.0,145,Crew Availability,0,,202.44,3.5
FL10765,2023-12-11,12,Winter,Monday,NovaStar,Boeing 777,London Stansted,Warsaw Chopin,London Stansted → Warsaw Chopin,1470,15:55,7.0,22.0,166.0,135,Air Traffic Control,0,269.0,119.48,3.9
FL11117,2023-12-11,12,Winter,Monday,SkyWing Air,Embraer E190,London Gatwick,Rome Fiumicino,London Gatwick → Rome Fiumicino,1430,19:20,4.0,0.0,139.0,135,Technical,0,320.0,187.12,3.4
FL12169,2023-12-11,12,Winter,Monday,Atlantic Wings,Boeing 737,Manchester,Barcelona,Manchester → Barcelona,1440,09:55,49.0,50.0,190.0,130,Security,0,294.0,127.13,2.0
FL10557,2023-12-11,12,Winter,Monday,PolarAir,Airbus A320,Bristol,Malaga,Bristol → Malaga,1620,08:30,1.0,8.0,156.0,145,Air Traffic Control,0,255.0,113.62,3.0
FL14609,2023-12-11,12,Winter,Monday,NovaStar,Boeing 737,London Heathrow,Singapore Changi,London Heathrow → Singapore Changi,10840,11:20,0.0,0.0,744.0,745,On Time,0,176.0,671.62,4.8
FL11401,2023-12-11,12,Winter,Monday,NovaStar,Embraer E190,London Heathrow,New York JFK,London Heathrow → New York JFK,5570,11:00,0.0,11.0,431.0,420,On Time,0,113.0,342.94,4.3
FL14071,2023-12-11,12,Winter,Monday,PolarAir,Embraer E190,Manchester,Barcelona,Manchester → Barcelona,1440,07:55,29.0,25.0,163.0,130,Crew Availability,0,128.0,95.15,4.2
FL14446,2023-12-11,12,Winter,Monday,PolarAir,Airbus A320,London Heathrow,Singapore Changi,London Heathrow → Singapore Changi,10840,07:45,,,,745,Crew Availability,1,82.0,806.86,2.4
FL13519,2023-12-12,12,Winter,Tuesday,SkyWing Air,Boeing 737,London Heathrow,Singapore Changi,London Heathrow → Singapore Changi,10840,07:05,19.0,26.0,776.0,745,Weather,0,188.0,793.81,3.8
FL10038,2023-12-12,12,Winter,Tuesday,PolarAir,Airbus A380,London Gatwick,Rome Fiumicino,London Gatwick → Rome Fiumicino,1430,17:30,0.0,0.0,145.0,135,On Time,0,69.0,87.64,4.7
FL11310,2023-12-12,12,Winter,Tuesday,AeroSwift,Boeing 777,Birmingham,Istanbul,Birmingham → Istanbul,2680,22:30,0.0,12.0,232.0,210,On Time,0,185.0,186.11,3.9
FL10120,2023-12-12,12,Winter,Tuesday,NovaStar,Embraer E190,London Heathrow,New York JFK,London Heathrow → New York JFK,5570,05:00,8.0,20.0,443.0,420,Security,0,393.0,352.41,3.3
FL10138,2023-12-12,12,Winter,Tuesday,CloudJet,Boeing 777,London Stansted,Warsaw Chopin,London Stansted → Warsaw Chopin,1470,21:15,23.0,35.0,178.0,135,Late Aircraft,0,323.0,92.23,3.5
FL14839,2023-12-12,12,Winter,Tuesday,Atlantic Wings,Boeing 777,Glasgow,Dublin,Glasgow → Dublin,220,09:00,,,,50,Technical,1,386.0,54.85,1.7
FL10895,2023-12-12,12,Winter,Tuesday,PolarAir,Airbus A380,Birmingham,Istanbul,Birmingham → Istanbul,2680,05:10,5.0,0.0,214.0,210,Technical,0,319.0,218.7,4.1
FL13569,2023-12-13,12,Winter,Wednesday,AeroSwift,Boeing 737,Edinburgh,Amsterdam,Edinburgh → Amsterdam,700,14:05,1.0,10.0,99.0,85,Security,0,203.0,49.0,4.2
FL14013,2023-12-13,12,Winter,Wednesday,NovaStar,Airbus A320,London Heathrow,Singapore Changi,London Heathrow → Singapore Changi,10840,10:35,0.0,2.0,749.0,745,On Time,0,130.0,639.52,4.2
FL14717,2023-12-13,12,Winter,Wednesday,CloudJet,Airbus A320,London Heathrow,Dubai,London Heathrow → Dubai,5490,13:50,111.0,109.0,525.0,415,Air Traffic Control,0,204.0,366.19,2.2
FL12286,2023-12-13,12,Winter,Wednesday,NovaStar,Boeing 737,London Heathrow,New York JFK,London Heathrow → New York JFK,5570,22:40,0.0,5.0,430.0,420,On Time,0,215.0,337.01,4.1
FL10911,2023-12-13,12,Winter,Wednesday,AeroSwift,Boeing 737,Birmingham,Istanbul,Birmingham → Istanbul,2680,08:35,30.0,34.0,250.0,210,Weather,0,90.0,221.33,4.4
FL14983,2023-12-13,12,Winter,Wednesday,Atlantic Wings,Embraer E190,Birmingham,Istanbul,Birmingham → Istanbul,2680,08:35,26.0,26.0,240.0,210,Crew Availability,0,293.0,241.81,4.4
FL10264,2023-12-13,12,Winter,Wednesday,SkyWing Air,Boeing 737,London Heathrow,Singapore Changi,London Heathrow → Singapore Changi,10840,05:50,8.0,18.0,772.0,745,Weather,0,294.0,879.05,4.0
FL12442,2023-12-13,12,Winter,Wednesday,Atlantic Wings,Boeing 737,Edinburgh,Amsterdam,Edinburgh → Amsterdam,700,08:40,7.0,22.0,110.0,85,Security,0,375.0,98.09,4.3
FL10095,2023-12-13,12,Winter,Wednesday,Atlantic Wings,Boeing 737,London Stansted,Warsaw Chopin,London Stansted → Warsaw Chopin,1470,12:50,8.0,2.0,135.0,135,Air Traffic Control,0,345.0,114.92,4.0
FL12368,2023-12-13,12,Winter,Wednesday,AeroSwift,Embraer E190,London Gatwick,Rome Fiumicino,London Gatwick → Rome Fiumicino,1430,19:00,,,,135,Technical,1,,138.34,1.1
FL12115,2023-12-13,12,Winter,Wednesday,AeroSwift,Boeing 737,Bristol,Malaga,Bristol → Malaga,1620,15:35,14.0,6.0,153.0,145,Crew Availability,0,136.0,152.45,3.0
FL10084,2023-12-14,12,Winter,Thursday,CloudJet,Boeing 737,London Heathrow,New York JFK,London Heathrow → New York JFK,5570,06:10,30.0,34.0,453.0,420,Weather,0,384.0,360.55,4.5
FL10937,2023-12-14,12,Winter,Thursday,SkyWing Air,Boeing 737,Birmingham,Istanbul,Birmingham → Istanbul,2680,17:10,4.0,17.0,226.0,210,Late Aircraft,0,116.0,262.27,4.5
FL14028,2023-12-14,12,Winter,Thursday,AeroSwift,Airbus A320,Bristol,Malaga,Bristol → Malaga,1620,08:20,0.0,1.0,143.0,145,On Time,0,313.0,113.0,4.4
FL10907,2023-12-14,12,Winter,Thursday,PolarAir,Boeing 777,London Heathrow,Dubai,London Heathrow → Dubai,5490,11:00,49.0,42.0,453.0,415,Security,0,409.0,380.3,
FL11793,2023-12-14,12,Winter,Thursday,SkyWing Air,Boeing 737,Bristol,Malaga,Bristol → Malaga,1620,09:10,41.0,46.0,188.0,145,Technical,0,87.0,153.5,3.1
FL10989,2023-12-15,12,Winter,Friday,Atlantic Wings,Embraer E190,London Stansted,Warsaw Chopin,London Stansted → Warsaw Chopin,1470,11:15,51.0,65.0,198.0,135,Weather,0,144.0,175.78,2.2
FL14258,2023-12-15,12,Winter,Friday,SkyWing Air,Boeing 777,London Heathrow,Dubai,London Heathrow → Dubai,5490,12:50,16.0,20.0,445.0,415,Crew Availability,0,333.0,429.22,3.7
FL11709,2023-12-15,12,Winter,Friday,PolarAir,Airbus A380,Leeds Bradford,Alicante,Leeds Bradford → Alicante,1590,17:20,31.0,25.0,176.0,145,Security,0,241.0,116.29,3.5
FL10217,2023-12-15,12,Winter,Friday,Atlantic Wings,Boeing 787,Manchester,Barcelona,Manchester → Barcelona,1440,11:25,,,,130,Technical,1,360.0,71.91,2.1
FL11213,2023-12-15,12,Winter,Friday,NovaStar,Boeing 777,London Heathrow,New York JFK,London Heathrow → New York JFK,5570,07:20,7.0,6.0,421.0,420,Technical,0,277.0,367.53,3.2
FL13353,2023-12-15,12,Winter,Friday,SkyWing Air,Airbus A320,London Heathrow,Singapore Changi,London Heathrow → Singapore Changi,10840,18:55,108.0,120.0,871.0,745,Air Traffic Control,0,377.0,853.46,1.9
FL12328,2023-12-16,12,Winter,Saturday,Atlantic Wings,Embraer E190,Leeds Bradford,Alicante,Leeds Bradford → Alicante,1590,11:10,40.0,53.0,199.0,145,Technical,0,381.0,151.23,3.2
FL11718,2023-12-16,12,Winter,Saturday,AeroSwift,Boeing 737,Glasgow,Dublin,Glasgow → Dublin,220,06:05,21.0,21.0,66.0,50,Crew Availability,0,258.0,49.0,4.2
FL13425,2023-12-16,12,Winter,Saturday,Atlantic Wings,Airbus A320,London Heathrow,Toronto Pearson,London Heathrow → Toronto Pearson,5730,09:10,60.0,72.0,512.0,430,Weather,0,174.0,502.72,2.3
FL14146,2023-12-16,12,Winter,Saturday,PolarAir,Airbus A380,London Heathrow,Singapore Changi,London Heathrow → Singapore Changi,10840,12:05,90.0,92.0,844.0,745,Air Traffic Control,0,347.0,822.79,3.0
FL12613,2023-12-16,12,Winter,Saturday,CloudJet,Boeing 737,London Gatwick,Rome Fiumicino,London Gatwick → Rome Fiumicino,1430,10:40,0.0,2.0,139.0,135,On Time,0,103.0,80.16,4.1
FL10879,2023-12-16,12,Winter,Saturday,PolarAir,Airbus A320,Glasgow,Dublin,Glasgow → Dublin,220,22:05,0.0,2.0,55.0,50,On Time,0,92.0,49.0,4.7
FL13241,2023-12-17,12,Winter,Sunday,AeroSwift,Airbus A320,Edinburgh,Amsterdam,Edinburgh → Amsterdam,700,10:55,0.0,0.0,90.0,85,On Time,0,95.0,77.07,4.7
FL11027,2023-12-17,12,Winter,Sunday,NovaStar,Boeing 787,Leeds Bradford,Alicante,Leeds Bradford → Alicante,1590,08:35,0.0,0.0,150.0,145,On Time,0,383.0,116.98,4.6
FL11511,2023-12-17,12,Winter,Sunday,SkyWing Air,Airbus A320,London Stansted,Warsaw Chopin,London Stansted → Warsaw Chopin,1470,12:15,18.0,25.0,156.0,135,Air Traffic Control,0,69.0,125.58,4.1
FL11906,2023-12-17,12,Winter,Sunday,CloudJet,Boeing 787,London Heathrow,Toronto Pearson,London Heathrow → Toronto Pearson,5730,08:50,16.0,11.0,446.0,430,Late Aircraft,0,392.0,389.63,3.6
FL10448,2023-12-17,12,Winter,Sunday,AeroSwift,Airbus A320,Leeds Bradford,Alicante,Leeds Bradford → Alicante,1590,05:55,0.0,0.0,144.0,145,On Time,0,415.0,68.88,4.0
FL13936,2023-12-17,12,Winter,Sunday,Atlantic Wings,Boeing 777,Birmingham,Istanbul,Birmingham → Istanbul,2680,06:40,0.0,1.0,217.0,210,On Time,0,272.0,262.21,4.1
FL11820,2023-12-17,12,Winter,Sunday,SkyWing Air,Embraer E190,Bristol,Malaga,Bristol → Malaga,1620,12:05,0.0,14.0,159.0,145,On Time,0,225.0,190.16,4.5
FL10691,2023-12-18,12,Winter,Monday,CloudJet,Boeing 787,Bristol,Malaga,Bristol → Malaga,1620,11:45,46.0,43.0,191.0,145,Security,0,122.0,61.26,2.3
FL10313,2023-12-18,12,Winter,Monday,CloudJet,Airbus A320,Manchester,Barcelona,Manchester → Barcelona,1440,14:15,0.0,3.0,139.0,130,On Time,0,265.0,68.72,4.1
FL10094,2023-12-18,12,Winter,Monday,Atlantic Wings,Boeing 777,London Heathrow,Dubai,London Heathrow → Dubai,5490,13:10,,,,415,Crew Availability,1,284.0,442.8,2.5
FL11571,2023-12-18,12,Winter,Monday,AeroSwift,Boeing 737,London Heathrow,Singapore Changi,London Heathrow → Singapore Changi,10840,08:50,0.0,11.0,763.0,745,On Time,0,76.0,653.8,4.2
FL13754,2023-12-18,12,Winter,Monday,NovaStar,Boeing 737,Edinburgh,Amsterdam,Edinburgh → Amsterdam,700,08:15,4.0,7.0,88.0,85,Security,0,399.0,58.67,4.1
FL11405,2023-12-18,12,Winter,Monday,Atlantic Wings,Airbus A320,Glasgow,Dublin,Glasgow → Dublin,220,06:30,16.0,12.0,59.0,50,Late Aircraft,0,171.0,49.0,4.0
FL13725,2023-12-18,12,Winter,Monday,NovaStar,Boeing 737,Manchester,Barcelona,Manchester → Barcelona,1440,15:30,0.0,0.0,135.0,130,On Time,0,368.0,77.98,5.0
FL11170,2023-12-18,12,Winter,Monday,Atlantic Wings,Boeing 787,Leeds Bradford,Alicante,Leeds Bradford → Alicante,1590,08:35,16.0,14.0,160.0,145,Security,0,78.0,99.85,
FL13014,2023-12-18,12,Winter,Monday,SkyWing Air,Boeing 777,Leeds Bradford,Alicante,Leeds Bradford → Alicante,1590,11:10,19.0,25.0,176.0,145,Late Aircraft,0,70.0,89.11,3.4
FL10188,2023-12-18,12,Winter,Monday,Atlantic Wings,Boeing 737,London Heathrow,New York JFK,London Heathrow → New York JFK,5570,05:50,0.0,6.0,421.0,420,On Time,0,123.0,401.06,4.9
FL10175,2023-12-18,12,Winter,Monday,Atlantic Wings,Boeing 777,London Heathrow,Dubai,London Heathrow → Dubai,5490,14:10,43.0,58.0,473.0,415,Technical,0,342.0,460.82,2.2
FL11286,2023-12-19,12,Winter,Tuesday,SkyWing Air,Boeing 777,London Gatwick,Rome Fiumicino,London Gatwick → Rome Fiumicino,1430,19:30,11.0,9.0,144.0,135,Technical,0,257.0,155.71,3.2
FL12438,2023-12-19,12,Winter,Tuesday,SkyWing Air,Embraer E190,Glasgow,Dublin,Glasgow → Dublin,220,05:25,9.0,19.0,77.0,50,Technical,0,416.0,49.0,4.4
FL14637,2023-12-19,12,Winter,Tuesday,SkyWing Air,Airbus A320,Edinburgh,Amsterdam,Edinburgh → Amsterdam,700,22:40,15.0,15.0,95.0,85,Security,0,388.0,88.0,3.4
FL10002,2023-12-19,12,Winter,Tuesday,NovaStar,Embraer E190,London Gatwick,Rome Fiumicino,London Gatwick → Rome Fiumicino,1430,07:55,0.0,0.0,142.0,135,On Time,0,100.0,132.25,4.5
FL11061,2023-12-19,12,Winter,Tuesday,AeroSwift,,London Heathrow,Singapore Changi,London Heathrow → Singapore Changi,10840,08:30,0.0,1.0,749.0,745,On Time,0,187.0,692.98,4.5
FL14901,2023-12-19,12,Winter,Tuesday,PolarAir,Embraer E190,Glasgow,Dublin,Glasgow → Dublin,220,18:45,0.0,0.0,50.0,50,On Time,0,218.0,49.0,4.6
FL12423,2023-12-19,12,Winter,Tuesday,SkyWing Air,Boeing 737,London Heathrow,New York JFK,London Heathrow → New York JFK,5570,07:30,,,,420,Late Aircraft,1,144.0,411.99,1.1
FL11789,2023-12-19,12,Winter,Tuesday,SkyWing Air,Airbus A320,London Heathrow,Toronto Pearson,London Heathrow → Toronto Pearson,5730,20:10,,,,430,Air Traffic Control,1,371.0,437.23,2.2
FL12035,2023-12-19,12,Winter,Tuesday,Atlantic Wings,Boeing 777,London Stansted,Warsaw Chopin,London Stansted → Warsaw Chopin,1470,10:35,33.0,32.0,176.0,135,Crew Availability,0,352.0,187.25,2.3
FL10122,2023-12-20,12,Winter,Wednesday,PolarAir,Airbus A380,Manchester,Barcelona,Manchester → Barcelona,1440,22:40,81.0,83.0,222.0,130,Technical,0,122.0,74.39,2.4
FL14721,2023-12-20,12,Winter,Wednesday,CloudJet,Airbus A380,London Heathrow,New York JFK,London Heathrow → New York JFK,5570,15:30,57.0,60.0,483.0,420,Weather,0,321.0,440.64,2.2
FL11914,2023-12-20,12,Winter,Wednesday,SkyWing Air,Boeing 777,Edinburgh,Amsterdam,Edinburgh → Amsterdam,700,16:05,19.0,12.0,106.0,85,Security,0,218.0,106.53,3.2
FL10514,2023-12-20,12,Winter,Wednesday,Atlantic Wings,Airbus A380,London Heathrow,Singapore Changi,London Heathrow → Singapore Changi,10840,08:20,,,,745,Security,1,231.0,881.85,1.6
FL12901,2023-12-20,12,Winter,Wednesday,SkyWing Air,Airbus A320,Leeds Bradford,Alicante,Leeds Bradford → Alicante,1590,18:15,19.0,30.0,173.0,145,Crew Availability,0,331.0,73.71,4.0
FL12141,2023-12-20,12,Winter,Wednesday,SkyWing Air,Airbus A320,Leeds Bradford,Alicante,Leeds Bradford → Alicante,1590,09:25,0.0,0.0,151.0,145,On Time,0,394.0,121.49,4.4
FL14756,2023-12-20,12,Winter,Wednesday,SkyWing Air,Boeing 737,Edinburgh,Amsterdam,Edinburgh → Amsterdam,700,09:05,17.0,17.0,110.0,85,Technical,0,289.0,101.7,4.5
FL12466,2023-12-21,12,Winter,Thursday,SkyWing Air,Airbus A320,Bristol,Malaga,Bristol → Malaga,1620,10:00,9.0,24.0,170.0,145,Security,0,186.0,157.9,4.4
FL12283,2023-12-21,12,Winter,Thursday,CloudJet,Airbus A320,Glasgow,Dublin,Glasgow → Dublin,220,10:35,0.0,8.0,64.0,50,On Time,0,287.0,49.0,4.7
FL14960,2023-12-21,12,Winter,Thursday,Atlantic Wings,Embraer E190,London Gatwick,Rome Fiumicino,London Gatwick → Rome Fiumicino,1430,15:15,68.0,68.0,203.0,135,Security,0,411.0,101.73,3.2
FL12394,2023-12-21,12,Winter,Thursday,CloudJet,Boeing 777,London Heathrow,Toronto Pearson,London Heathrow → Toronto Pearson,5730,09:55,54.0,53.0,488.0,430,Crew Availability,0,196.0,420.9,2.4
FL14639,2023-12-21,12,Winter,Thursday,NovaStar,Boeing 787,Glasgow,Dublin,Glasgow → Dublin,220,06:40,0.0,10.0,61.0,50,On Time,0,260.0,49.0,4.6
FL12979,2023-12-21,12,Winter,Thursday,NovaStar,Boeing 737,Edinburgh,Amsterdam,Edinburgh → Amsterdam,700,13:25,28.0,38.0,120.0,85,Weather,0,65.0,83.63,3.2
FL14469,2023-12-21,12,Winter,Thursday,NovaStar,Boeing 737,Bristol,Malaga,Bristol → Malaga,1620,16:55,0.0,0.0,152.0,145,On Time,0,253.0,148.27,4.9
FL13509,2023-12-21,12,Winter,Thursday,SkyWing Air,Boeing 737,Glasgow,Dublin,Glasgow → Dublin,220,11:30,21.0,18.0,70.0,50,Air Traffic Control,0,184.0,49.0,4.1
FL14040,2023-12-21,12,Winter,Thursday,Atlantic Wings,Airbus A320,Birmingham,Istanbul,Birmingham → Istanbul,2680,07:20,78.0,90.0,302.0,210,Air Traffic Control,0,160.0,184.56,3.5
FL11692,2023-12-22,12,Winter,Friday,Atlantic Wings,Embraer E190,London Heathrow,New York JFK,London Heathrow → New York JFK,5570,09:25,8.0,14.0,434.0,420,Technical,0,389.0,412.78,3.8
FL12978,2023-12-22,12,Winter,Friday,NovaStar,Boeing 777,Glasgow,Dublin,Glasgow → Dublin,220,06:10,0.0,13.0,67.0,50,On Time,0,372.0,62.16,4.2
FL11497,2023-12-22,12,Winter,Friday,NovaStar,Airbus A380,Leeds Bradford,Alicante,Leeds Bradford → Alicante,1590,10:50,0.0,0.0,148.0,145,On Time,0,198.0,123.62,3.9
FL11481,2023-12-22,12,Winter,Friday,SkyWing Air,,London Heathrow,Toronto Pearson,London Heathrow → Toronto Pearson,5730,12:45,12.0,19.0,457.0,430,Technical,0,102.0,448.38,4.4
FL10718,2023-12-22,12,Winter,Friday,CloudJet,Boeing 787,London Heathrow,Dubai,London Heathrow → Dubai,5490,16:35,45.0,41.0,455.0,415,Late Aircraft,0,327.0,415.45,3.5
FL14151,2023-12-22,12,Winter,Friday,Atlantic Wings,Embraer E190,Leeds Bradford,Alicante,Leeds Bradford → Alicante,1590,18:35,46.0,40.0,193.0,145,Air Traffic Control,0,291.0,149.3,2.9
FL14818,2023-12-23,12,Winter,Saturday,CloudJet,Embraer E190,Bristol,Malaga,Bristol → Malaga,1620,10:00,0.0,0.0,153.0,145,On Time,0,383.0,165.29,4.8
FL11783,2023-12-23,12,Winter,Saturday,CloudJet,Boeing 787,Birmingham,Istanbul,Birmingham → Istanbul,2680,09:20,111.0,116.0,323.0,210,Weather,0,359.0,159.19,1.3
FL13195,2023-12-23,12,Winter,Saturday,SkyWing Air,Airbus A320,London Gatwick,Rome Fiumicino,London Gatwick → Rome Fiumicino,1430,19:10,29.0,40.0,176.0,135,Crew Availability,0,160.0,107.37,4.0
FL12801,2023-12-23,12,Winter,Saturday,SkyWing Air,Airbus A380,London Heathrow,Toronto Pearson,London Heathrow → Toronto Pearson,5730,10:45,33.0,33.0,471.0,430,Crew Availability,0,260.0,414.46,2.5
FL13869,2023-12-23,12,Winter,Saturday,NovaStar,Airbus A380,London Heathrow,New York JFK,London Heathrow → New York JFK,5570,06:20,17.0,18.0,447.0,420,Security,0,327.0,285.42,3.4
FL12431,2023-12-24,12,Winter,Sunday,NovaStar,Embraer E190,Leeds Bradford,Alicante,Leeds Bradford → Alicante,1590,05:25,17.0,26.0,166.0,145,Air Traffic Control,0,360.0,122.33,3.5
FL11351,2023-12-24,12,Winter,Sunday,NovaStar,Boeing 737,London Heathrow,Dubai,London Heathrow → Dubai,5490,07:45,13.0,25.0,440.0,415,Air Traffic Control,0,137.0,295.86,3.9
FL13632,2023-12-24,12,Winter,Sunday,SkyWing Air,Boeing 737,London Heathrow,Toronto Pearson,London Heathrow → Toronto Pearson,5730,05:15,30.0,37.0,470.0,430,Crew Availability,0,142.0,491.65,4.5
FL11183,2023-12-24,12,Winter,Sunday,NovaStar,Boeing 777,Glasgow,Dublin,Glasgow → Dublin,220,06:35,9.0,14.0,67.0,50,Security,0,314.0,49.0,3.0
FL11897,2023-12-24,12,Winter,Sunday,PolarAir,Airbus A380,Bristol,Malaga,Bristol → Malaga,1620,20:50,49.0,57.0,198.0,145,Air Traffic Control,0,147.0,186.28,3.5
FL11768,2023-12-24,12,Winter,Sunday,Atlantic Wings,Boeing 787,Bristol,Malaga,Bristol → Malaga,1620,21:50,5.0,0.0,146.0,145,Technical,0,69.0,154.24,3.2
FL13921,2023-12-25,12,Winter,Monday,SkyWing Air,Airbus A320,Edinburgh,Amsterdam,Edinburgh → Amsterdam,700,13:50,0.0,0.0,83.0,85,On Time,0,215.0,49.0,4.7
FL10462,2023-12-26,12,Winter,Tuesday,SkyWing Air,Boeing 737,London Heathrow,Toronto Pearson,London Heathrow → Toronto Pearson,5730,18:15,7.0,17.0,444.0,430,Weather,0,216.0,417.82,3.2
FL14995,2023-12-26,12,Winter,Tuesday,NovaStar,Airbus A320,Manchester,Barcelona,Manchester → Barcelona,1440,05:20,0.0,2.0,130.0,130,On Time,0,188.0,91.63,4.1
FL10636,2023-12-26,12,Winter,Tuesday,Atlantic Wings,Boeing 737,London Heathrow,Singapore Changi,London Heathrow → Singapore Changi,10840,07:00,0.0,0.0,741.0,745,On Time,0,398.0,807.82,4.7
FL14305,2023-12-26,12,Winter,Tuesday,PolarAir,Airbus A380,Birmingham,Istanbul,Birmingham → Istanbul,2680,21:30,,,,210,Weather,1,149.0,190.71,
FL10026,2023-12-26,12,Winter,Tuesday,Atlantic Wings,Airbus A320,Glasgow,Dublin,Glasgow → Dublin,220,21:40,103.0,95.0,148.0,50,Weather,0,151.0,72.26,1.9
FL13126,2023-12-26,12,Winter,Tuesday,SkyWing Air,Boeing 777,London Heathrow,Toronto Pearson,London Heathrow → Toronto Pearson,5730,16:20,6.0,6.0,437.0,430,Security,0,268.0,428.94,3.4
FL14159,2023-12-26,12,Winter,Tuesday,SkyWing Air,Airbus A320,London Heathrow,New York JFK,London Heathrow → New York JFK,5570,09:55,23.0,26.0,451.0,420,Technical,0,162.0,409.43,3.1
FL13007,2023-12-26,12,Winter,Tuesday,AeroSwift,Boeing 787,Edinburgh,Amsterdam,Edinburgh → Amsterdam,700,14:25,,,,85,Late Aircraft,1,155.0,49.0,1.6
FL10683,2023-12-26,12,Winter,Tuesday,PolarAir,Boeing 787,London Heathrow,Singapore Changi,London Heathrow → Singapore Changi,10840,15:50,0.0,15.0,767.0,745,On Time,0,63.0,794.72,4.9
FL10354,2023-12-27,12,Winter,Wednesday,CloudJet,Airbus A320,London Heathrow,Toronto Pearson,London Heathrow → Toronto Pearson,5730,12:40,6.0,0.0,433.0,430,Crew Availability,0,258.0,426.39,4.3
FL14900,2023-12-27,12,Winter,Wednesday,NovaStar,Airbus A380,London Stansted,Warsaw Chopin,London Stansted → Warsaw Chopin,1470,14:15,8.0,17.0,153.0,135,Technical,0,340.0,85.54,3.8
FL11318,2023-12-27,12,Winter,Wednesday,AeroSwift,Boeing 787,London Heathrow,Toronto Pearson,London Heathrow → Toronto Pearson,5730,18:50,45.0,59.0,493.0,430,Crew Availability,0,163.0,325.6,2.2
FL14330,2023-12-27,12,Winter,Wednesday,AeroSwift,Embraer E190,Manchester,Barcelona,Manchester → Barcelona,1440,17:15,16.0,9.0,147.0,130,Security,0,74.0,148.63,4.0
FL12764,2023-12-27,12,Winter,Wednesday,CloudJet,Embraer E190,Manchester,Barcelona,Manchester → Barcelona,1440,11:50,15.0,11.0,146.0,130,Late Aircraft,0,63.0,158.41,3.6
FL13825,2023-12-28,12,Winter,Thursday,SkyWing Air,Airbus A320,London Stansted,Warsaw Chopin,London Stansted → Warsaw Chopin,1470,08:20,3.0,14.0,146.0,135,Weather,0,397.0,91.95,4.1
FL13260,2023-12-28,12,Winter,Thursday,Atlantic Wings,Boeing 737,Glasgow,Dublin,Glasgow → Dublin,220,15:50,0.0,0.0,52.0,50,On Time,0,72.0,52.69,4.0
FL14498,2023-12-28,12,Winter,Thursday,AeroSwift,Embraer E190,Glasgow,Dublin,Glasgow → Dublin,220,17:55,2.0,4.0,63.0,50,Crew Availability,0,344.0,49.0,3.4
FL14251,2023-12-28,12,Winter,Thursday,CloudJet,Boeing 777,London Heathrow,Toronto Pearson,London Heathrow → Toronto Pearson,5730,19:05,33.0,29.0,466.0,430,Security,0,188.0,437.76,2.2
FL13971,2023-12-28,12,Winter,Thursday,CloudJet,Boeing 737,London Heathrow,Dubai,London Heathrow → Dubai,5490,16:20,9.0,21.0,434.0,415,Security,0,347.0,430.85,3.8
FL11370,2023-12-29,12,Winter,Friday,NovaStar,Boeing 737,London Heathrow,Dubai,London Heathrow → Dubai,5490,14:35,2.0,13.0,428.0,415,Security,0,235.0,352.5,
FL12826,2023-12-29,12,Winter,Friday,AeroSwift,Boeing 737,Bristol,Malaga,Bristol → Malaga,1620,14:25,34.0,35.0,185.0,145,Weather,0,180.0,79.49,2.3
FL11616,2023-12-29,12,Winter,Friday,NovaStar,Boeing 787,London Stansted,Warsaw Chopin,London Stansted → Warsaw Chopin,1470,11:10,3.0,3.0,133.0,135,Security,0,299.0,65.99,3.3
FL11564,2023-12-29,12,Winter,Friday,NovaStar,Airbus A320,London Heathrow,New York JFK,London Heathrow → New York JFK,5570,08:40,0.0,15.0,433.0,420,On Time,0,224.0,327.96,4.9
FL12880,2023-12-29,12,Winter,Friday,PolarAir,Boeing 777,London Heathrow,New York JFK,London Heathrow → New York JFK,5570,07:30,92.0,101.0,526.0,420,Late Aircraft,0,83.0,409.47,1.4
FL14583,2023-12-29,12,Winter,Friday,NovaStar,Airbus A320,Edinburgh,Amsterdam,Edinburgh → Amsterdam,700,19:20,33.0,27.0,114.0,85,Late Aircraft,0,72.0,94.63,2.9
FL11272,2023-12-29,12,Winter,Friday,NovaStar,Boeing 737,Manchester,Barcelona,Manchester → Barcelona,1440,17:35,0.0,0.0,129.0,130,On Time,0,60.0,77.25,4.9
FL11614,2023-12-29,12,Winter,Friday,PolarAir,Airbus A320,Leeds Bradford,Alicante,Leeds Bradford → Alicante,1590,14:40,6.0,0.0,150.0,145,Security,0,315.0,176.8,4.0
FL10708,2023-12-29,12,Winter,Friday,PolarAir,Boeing 737,Edinburgh,Amsterdam,Edinburgh → Amsterdam,700,15:40,10.0,12.0,106.0,85,Weather,0,199.0,49.0,3.6
FL10376,2023-12-29,12,Winter,Friday,SkyWing Air,Airbus A320,Manchester,Barcelona,Manchester → Barcelona,1440,10:00,51.0,55.0,185.0,130,Crew Availability,0,352.0,77.35,2.9
FL11990,2023-12-29,12,Winter,Friday,PolarAir,Airbus A320,London Heathrow,New York JFK,London Heathrow → New York JFK,5570,14:45,35.0,39.0,463.0,420,Technical,0,187.0,341.04,3.4
FL11514,2023-12-29,12,Winter,Friday,SkyWing Air,Boeing 777,London Heathrow,New York JFK,London Heathrow → New York JFK,5570,16:15,15.0,13.0,441.0,420,Air Traffic Control,0,106.0,419.13,3.7
FL12200,2023-12-30,12,Winter,Saturday,SkyWing Air,Embraer E190,London Stansted,Warsaw Chopin,London Stansted → Warsaw Chopin,1470,21:40,41.0,39.0,170.0,135,Security,0,262.0,96.43,2.2
FL12969,2023-12-30,12,Winter,Saturday,SkyWing Air,Embraer E190,London Heathrow,Dubai,London Heathrow → Dubai,5490,22:15,105.0,103.0,527.0,415,Late Aircraft,0,137.0,402.15,2.1
FL14970,2023-12-30,12,Winter,Saturday,NovaStar,Boeing 787,London Heathrow,Toronto Pearson,London Heathrow → Toronto Pearson,5730,10:50,21.0,27.0,458.0,430,Weather,0,79.0,371.08,3.3
FL14660,2023-12-30,12,Winter,Saturday,CloudJet,Airbus A320,Bristol,Malaga,Bristol → Malaga,1620,15:15,,,,145,Weather,1,129.0,185.12,2.5
FL10317,2023-12-30,12,Winter,Saturday,CloudJet,Boeing 777,London Heathrow,Toronto Pearson,London Heathrow → Toronto Pearson,5730,16:55,4.0,0.0,434.0,430,Late Aircraft,0,297.0,362.56,3.9
FL10562,2023-12-30,12,Winter,Saturday,CloudJet,Airbus A320,Edinburgh,Amsterdam,Edinburgh → Amsterdam,700,22:50,3.0,17.0,106.0,85,Security,0,226.0,53.83,3.9
FL12934,2023-12-31,12,Winter,Sunday,SkyWing Air,Boeing 787,Birmingham,Istanbul,Birmingham → Istanbul,2680,06:20,1.0,8.0,221.0,210,Crew Availability,0,100.0,198.56,3.1
FL12537,2023-12-31,12,Winter,Sunday,NovaStar,Airbus A320,London Heathrow,Toronto Pearson,London Heathrow → Toronto Pearson,5730,16:50,6.0,11.0,436.0,430,Crew Availability,0,376.0,345.23,3.6
FL11200,2023-12-31,12,Winter,Sunday,NovaStar,Embraer E190,Edinburgh,Amsterdam,Edinburgh → Amsterdam,700,16:30,0.0,9.0,93.0,85,On Time,0,60.0,73.79,4.4
FL11874,2023-12-31,12,Winter,Sunday,Atlantic Wings,Boeing 737,London Heathrow,Singapore Changi,London Heathrow → Singapore Changi,10840,12:30,33.0,43.0,787.0,745,Late Aircraft,0,75.0,856.56,2.8
FL13237,2023-12-31,12,Winter,Sunday,Atlantic Wings,Boeing 777,Birmingham,Istanbul,Birmingham → Istanbul,2680,21:05,65.0,75.0,292.0,210,Air Traffic Control,0,336.0,201.09,2.8
FL13287,2023-12-31,12,Winter,Sunday,SkyWing Air,Airbus A320,London Heathrow,Toronto Pearson,London Heathrow → Toronto Pearson,5730,19:55,11.0,25.0,451.0,430,Air Traffic Control,0,230.0,467.68,4.3
FL12737,2023-12-31,12,Winter,Sunday,AeroSwift,Boeing 777,Bristol,Malaga,Bristol → Malaga,1620,07:25,66.0,65.0,215.0,145,Weather,0,378.0,66.64,2.5
FL11330,2023-12-31,12,Winter,Sunday,SkyWing Air,Airbus A380,Manchester,Barcelona,Manchester → Barcelona,1440,13:15,19.0,25.0,162.0,130,Air Traffic Control,0,242.0,126.69,3.8
FL13841,2023-12-31,12,Winter,Sunday,SkyWing Air,,London Stansted,Warsaw Chopin,London Stansted → Warsaw Chopin,1470,18:35,0.0,0.0,132.0,135,On Time,0,93.0,108.37,3.9
FL10219,2024-01-01,1,Winter,Monday,AeroSwift,Boeing 777,London Heathrow,Toronto Pearson,London Heathrow → Toronto Pearson,5730,07:10,0.0,15.0,449.0,430,On Time,0,125.0,274.95,4.0
FL10900,2024-01-01,1,Winter,Monday,SkyWing Air,Boeing 737,Leeds Bradford,Alicante,Leeds Bradford → Alicante,1590,22:55,13.0,22.0,166.0,145,Security,0,109.0,149.88,4.5
FL12014,2024-01-01,1,Winter,Monday,CloudJet,Airbus A320,London Stansted,Warsaw Chopin,London Stansted → Warsaw Chopin,1470,13:20,15.0,14.0,153.0,135,Crew Availability,0,399.0,102.9,3.8
FL11598,2024-01-01,1,Winter,Monday,Atlantic Wings,Embraer E190,London Heathrow,Singapore Changi,London Heathrow → Singapore Changi,10840,08:20,5.0,20.0,769.0,745,Weather,0,353.0,713.06,3.7
FL14789,2024-01-02,1,Winter,Tuesday,PolarAir,Airbus A380,Birmingham,Istanbul,Birmingham → Istanbul,2680,15:25,20.0,13.0,226.0,210,Crew Availability,0,70.0,183.52,3.7
FL11700,2024-01-02,1,Winter,Tuesday,AeroSwift,Boeing 737,London Heathrow,Toronto Pearson,London Heathrow → Toronto Pearson,5730,17:20,9.0,24.0,454.0,430,Late Aircraft,0,387.0,287.93,3.9
FL13567,2024-01-02,1,Winter,Tuesday,AeroSwift,Airbus A320,Glasgow,Dublin,Glasgow → Dublin,220,22:45,8.0,3.0,50.0,50,Late Aircraft,0,139.0,53.4,4.1
FL11379,2024-01-02,1,Winter,Tuesday,PolarAir,Boeing 737,London Gatwick,Rome Fiumicino,London Gatwick → Rome Fiumicino,1430,10:20,17.0,15.0,154.0,135,Late Aircraft,0,281.0,70.91,3.7
FL14854,2024-01-02,1,Winter,Tuesday,CloudJet,Boeing 787,London Gatwick,Rome Fiumicino,London Gatwick → Rome Fiumicino,1430,11:30,57.0,71.0,201.0,135,Weather,0,206.0,115.7,2.7
FL11280,2024-01-03,1,Winter,Wednesday,AeroSwift,Embraer E190,Leeds Bradford,Alicante,Leeds Bradford → Alicante,1590,12:15,7.0,5.0,149.0,145,Weather,0,317.0,63.13,3.1
FL12052,2024-01-03,1,Winter,Wednesday,NovaStar,Boeing 737,Glasgow,Dublin,Glasgow → Dublin,220,06:45,0.0,9.0,67.0,50,On Time,0,94.0,49.0,4.8
FL10408,2024-01-03,1,Winter,Wednesday,CloudJet,Airbus A320,London Heathrow,Toronto Pearson,London Heathrow → Toronto Pearson,5730,21:00,41.0,53.0,489.0,430,Weather,0,333.0,358.05,3.3
FL10978,2024-01-03,1,Winter,Wednesday,Atlantic Wings,Airbus A320,Bristol,Malaga,Bristol → Malaga,1620,10:40,12.0,9.0,159.0,145,Weather,0,319.0,157.01,4.4
FL10390,2024-01-03,1,Winter,Wednesday,SkyWing Air,Embraer E190,London Gatwick,Rome Fiumicino,London Gatwick → Rome Fiumicino,1430,05:15,17.0,27.0,167.0,135,Late Aircraft,0,255.0,92.91,3.6
FL14304,2024-01-03,1,Winter,Wednesday,NovaStar,Boeing 737,Leeds Bradford,Alicante,Leeds Bradford → Alicante,1590,22:45,3.0,3.0,157.0,145,Technical,0,147.0,98.57,3.8
FL10584,2024-01-04,1,Winter,Thursday,PolarAir,Boeing 737,London Heathrow,Singapore Changi,London Heathrow → Singapore Changi,10840,15:35,57.0,68.0,821.0,745,Crew Availability,0,139.0,672.61,3.2
FL10963,2024-01-04,1,Winter,Thursday,CloudJet,Boeing 737,Birmingham,Istanbul,Birmingham → Istanbul,2680,12:25,8.0,15.0,221.0,210,Late Aircraft,0,328.0,209.66,3.6
FL10505,2024-01-04,1,Winter,Thursday,PolarAir,Boeing 777,Manchester,Barcelona,Manchester → Barcelona,1440,08:20,24.0,18.0,158.0,130,Crew Availability,0,126.0,70.16,3.3
FL10391,2024-01-04,1,Winter,Thursday,PolarAir,Airbus A320,Manchester,Barcelona,Manchester → Barcelona,1440,17:50,64.0,56.0,181.0,130,Weather,0,133.0,97.67,3.1
FL14657,2024-01-04,1,Winter,Thursday,NovaStar,Boeing 737,London Heathrow,Singapore Changi,London Heathrow → Singapore Changi,10840,22:50,0.0,0.0,750.0,745,On Time,0,201.0,553.71,4.8
FL13178,2024-01-04,1,Winter,Thursday,AeroSwift,Airbus A380,London Heathrow,New York JFK,London Heathrow → New York JFK,5570,10:05,40.0,39.0,454.0,420,Security,0,62.0,325.27,2.4
FL11998,2024-01-04,1,Winter,Thursday,SkyWing Air,Airbus A320,London Heathrow,Toronto Pearson,London Heathrow → Toronto Pearson,5730,08:45,45.0,45.0,475.0,430,Weather,0,319.0,329.14,3.3
FL14219,2024-01-04,1,Winter,Thursday,AeroSwift,Embraer E190,Leeds Bradford,Alicante,Leeds Bradford → Alicante,1590,17:50,11.0,8.0,158.0,145,Air Traffic Control,0,186.0,89.82,4.2
FL14084,2024-01-04,1,Winter,Thursday,NovaStar,Airbus A320,London Heathrow,Singapore Changi,London Heathrow → Singapore Changi,10840,14:10,0.0,3.0,758.0,745,On Time,0,86.0,556.55,4.2
FL12246,2024-01-04,1,Winter,Thursday,Atlantic Wings,Boeing 787,London Stansted,Warsaw Chopin,London Stansted → Warsaw Chopin,1470,14:30,0.0,13.0,144.0,135,On Time,0,265.0,141.01,4.3
FL13715,2024-01-04,1,Winter,Thursday,PolarAir,Airbus A320,London Heathrow,Toronto Pearson,London Heathrow → Toronto Pearson,5730,07:20,20.0,18.0,448.0,430,Technical,0,177.0,305.04,4.3
FL12995,2024-01-04,1,Winter,Thursday,PolarAir,Airbus A320,London Stansted,Warsaw Chopin,London Stansted → Warsaw Chopin,1470,09:50,18.0,15.0,146.0,135,Air Traffic Control,0,411.0,96.35,3.9
FL13271,2024-01-05,1,Winter,Friday,AeroSwift,Airbus A380,Edinburgh,Amsterdam,Edinburgh → Amsterdam,700,12:55,0.0,0.0,82.0,85,On Time,0,76.0,49.0,3.9
FL13511,2024-01-05,1,Winter,Friday,Atlantic Wings,Airbus A320,Manchester,Barcelona,Manchester → Barcelona,1440,21:00,118.0,129.0,265.0,130,Late Aircraft,0,237.0,120.27,2.3
FL14195,2024-01-05,1,Winter,Friday,SkyWing Air,Boeing 737,Edinburgh,Amsterdam,Edinburgh → Amsterdam,700,21:05,17.0,22.0,113.0,85,Crew Availability,0,197.0,49.0,3.3
FL14538,2024-01-05,1,Winter,Friday,PolarAir,Boeing 787,London Heathrow,Singapore Changi,London Heathrow → Singapore Changi,10840,08:30,0.0,6.0,748.0,745,On Time,0,89.0,668.41,4.8
FL13713,2024-01-05,1,Winter,Friday,Atlantic Wings,Boeing 777,Bristol,Malaga,Bristol → Malaga,1620,15:15,24.0,19.0,166.0,145,Late Aircraft,0,131.0,141.09,3.0
FL12453,2024-01-05,1,Winter,Friday,CloudJet,Airbus A320,Leeds Bradford,Alicante,Leeds Bradford → Alicante,1590,17:10,,,,145,Weather,1,411.0,79.59,2.0
FL11209,2024-01-05,1,Winter,Friday,AeroSwift,Boeing 787,Leeds Bradford,Alicante,Leeds Bradford → Alicante,1590,12:55,0.0,0.0,142.0,145,On Time,0,302.0,90.3,3.9
FL12414,2024-01-05,1,Winter,Friday,CloudJet,Airbus A380,Birmingham,Istanbul,Birmingham → Istanbul,2680,10:45,5.0,0.0,206.0,210,Late Aircraft,0,353.0,205.55,4.3
FL13589,2024-01-05,1,Winter,Friday,NovaStar,Embraer E190,London Stansted,Warsaw Chopin,London Stansted → Warsaw Chopin,1470,17:45,0.0,0.0,137.0,135,On Time,0,201.0,93.98,4.1
FL12484,2024-01-06,1,Winter,Saturday,Atlantic Wings,Airbus A320,Manchester,Barcelona,Manchester → Barcelona,1440,21:50,124.0,120.0,256.0,130,Technical,0,76.0,166.66,1.1
FL14519,2024-01-06,1,Winter,Saturday,SkyWing Air,,London Heathrow,New York JFK,London Heathrow → New York JFK,5570,09:45,0.0,0.0,426.0,420,On Time,0,185.0,373.51,4.3
FL12912,2024-01-06,1,Winter,Saturday,SkyWing Air,Airbus A380,Glasgow,Dublin,Glasgow → Dublin,220,07:30,39.0,31.0,89.0,50,Security,0,156.0,53.14,2.6
FL12834,2024-01-06,1,Winter,Saturday,SkyWing Air,Boeing 787,Birmingham,Istanbul,Birmingham → Istanbul,2680,07:50,0.0,7.0,220.0,210,On Time,0,64.0,145.82,4.5
FL12727,2024-01-06,1,Winter,Saturday,PolarAir,Boeing 737,London Heathrow,Dubai,London Heathrow → Dubai,5490,22:50,0.0,0.0,418.0,415,On Time,0,195.0,381.76,4.9
FL10443,2024-01-06,1,Winter,Saturday,NovaStar,Boeing 777,Bristol,Malaga,Bristol → Malaga,1620,19:20,35.0,42.0,185.0,145,Crew Availability,0,251.0,114.94,2.8
FL13197,2024-01-06,1,Winter,Saturday,NovaStar,Boeing 737,Birmingham,Istanbul,Birmingham → Istanbul,2680,20:55,29.0,32.0,241.0,210,Late Aircraft,0,,152.23,
FL11285,2024-01-06,1,Winter,Saturday,SkyWing Air,Boeing 777,London Gatwick,Rome Fiumicino,London Gatwick → Rome Fiumicino,1430,08:20,0.0,0.0,144.0,135,On Time,0,280.0,73.07,4.3
FL12461,2024-01-06,1,Winter,Saturday,SkyWing Air,Boeing 787,Bristol,Malaga,Bristol → Malaga,1620,05:35,17.0,24.0,165.0,145,Security,0,106.0,80.51,4.2
FL12188,2024-01-07,1,Winter,Sunday,SkyWing Air,Airbus A380,London Heathrow,Toronto Pearson,London Heathrow → Toronto Pearson,5730,09:00,0.0,0.0,437.0,430,On Time,0,283.0,441.39,4.3
FL14759,2024-01-07,1,Winter,Sunday,PolarAir,Boeing 737,Manchester,Barcelona,Manchester → Barcelona,1440,16:15,0.0,13.0,145.0,130,On Time,0,116.0,54.44,4.3
FL14318,2024-01-07,1,Winter,Sunday,NovaStar,Embraer E190,London Heathrow,Dubai,London Heathrow → Dubai,5490,07:45,53.0,64.0,484.0,415,Security,0,243.0,253.69,2.2
FL10335,2024-01-08,1,Winter,Monday,NovaStar,Airbus A320,Edinburgh,Amsterdam,Edinburgh → Amsterdam,700,07:05,0.0,9.0,101.0,85,On Time,0,157.0,50.32,4.4
FL14439,2024-01-08,1,Winter,Monday,PolarAir,Airbus A320,London Heathrow,Toronto Pearson,London Heathrow → Toronto Pearson,5730,05:25,17.0,21.0,446.0,430,Air Traffic Control,0,263.0,341.87,3.3
FL13835,2024-01-08,1,Winter,Monday,NovaStar,Airbus A380,Bristol,Malaga,Bristol → Malaga,1620,05:30,19.0,31.0,177.0,145,Security,0,84.0,51.1,3.3
FL10838,2024-01-08,1,Winter,Monday,PolarAir,Boeing 787,Leeds Bradford,Alicante,Leeds Bradford → Alicante,1590,22:50,81.0,86.0,229.0,145,Weather,0,134.0,136.81,3.3
FL12584,2024-01-09,1,Winter,Tuesday,NovaStar,Airbus A320,Edinburgh,Amsterdam,Edinburgh → Amsterdam,700,18:00,0.0,10.0,99.0,85,On Time,0,104.0,49.0,4.0
FL12326,2024-01-09,1,Winter,Tuesday,Atlantic Wings,Boeing 737,Edinburgh,Amsterdam,Edinburgh → Amsterdam,700,21:30,0.0,0.0,80.0,85,On Time,0,221.0,97.65,4.4
FL12848,2024-01-09,1,Winter,Tuesday,AeroSwift,Embraer E190,London Heathrow,Singapore Changi,London Heathrow → Singapore Changi,10840,22:10,0.0,13.0,759.0,745,On Time,0,117.0,593.34,
FL13111,2024-01-09,1,Winter,Tuesday,PolarAir,Boeing 737,London Stansted,Warsaw Chopin,London Stansted → Warsaw Chopin,1470,07:15,15.0,14.0,158.0,135,Late Aircraft,0,223.0,142.59,3.9
FL12794,2024-01-09,1,Winter,Tuesday,CloudJet,Airbus A320,London Heathrow,Singapore Changi,London Heathrow → Singapore Changi,10840,08:05,12.0,10.0,752.0,745,Late Aircraft,0,300.0,690.58,4.3
FL12716,2024-01-09,1,Winter,Tuesday,CloudJet,Boeing 777,Glasgow,Dublin,Glasgow → Dublin,220,17:10,78.0,81.0,130.0,50,Air Traffic Control,0,413.0,49.0,2.8
FL14670,2024-01-10,1,Winter,Wednesday,NovaStar,Airbus A320,Leeds Bradford,Alicante,Leeds Bradford → Alicante,1590,12:05,4.0,2.0,151.0,145,Air Traffic Control,0,373.0,97.35,3.3
FL12772,2024-01-10,1,Winter,Wednesday,AeroSwift,Boeing 737,London Heathrow,Dubai,London Heathrow → Dubai,5490,06:20,0.0,13.0,430.0,415,On Time,0,348.0,318.41,4.4
FL12463,2024-01-10,1,Winter,Wednesday,Atlantic Wings,Boeing 777,London Heathrow,Dubai,London Heathrow → Dubai,5490,21:50,72.0,75.0,497.0,415,Crew Availability,0,147.0,419.0,3.2
FL10125,2024-01-10,1,Winter,Wednesday,SkyWing Air,Boeing 737,London Heathrow,Singapore Changi,London Heathrow → Singapore Changi,10840,22:40,84.0,93.0,835.0,745,Air Traffic Control,0,257.0,749.3,2.8
FL12197,2024-01-10,1,Winter,Wednesday,Atlantic Wings,Boeing 737,Glasgow,Dublin,Glasgow → Dublin,220,09:20,1.0,8.0,61.0,50,Technical,0,274.0,49.0,3.7
FL12059,2024-01-10,1,Winter,Wednesday,Atlantic Wings,Boeing 787,London Heathrow,Toronto Pearson,London Heathrow → Toronto Pearson,5730,18:40,45.0,53.0,481.0,430,Late Aircraft,0,339.0,360.14,3.2
FL10113,2024-01-11,1,Winter,Thursday,CloudJet,Boeing 787,London Heathrow,Singapore Changi,London Heathrow → Singapore Changi,10840,10:00,6.0,19.0,770.0,745,Late Aircraft,0,250.0,612.83,3.7
FL11597,2024-01-11,1,Winter,Thursday,NovaStar,Airbus A320,Manchester,Barcelona,Manchester → Barcelona,1440,16:30,0.0,10.0,135.0,130,On Time,0,280.0,49.0,4.8
FL12397,2024-01-11,1,Winter,Thursday,Atlantic Wings,Boeing 777,Bristol,Malaga,Bristol → Malaga,1620,22:00,15.0,15.0,155.0,145,Weather,0,415.0,124.92,4.5
FL12648,2024-01-11,1,Winter,Thursday,Atlantic Wings,Airbus A320,Manchester,Barcelona,Manchester → Barcelona,1440,05:50,0.0,11.0,148.0,130,On Time,0,73.0,99.73,4.6
FL13199,2024-01-11,1,Winter,Thursday,Atlantic Wings,Embraer E190,London Heathrow,Singapore Changi,London Heathrow → Singapore Changi,10840,16:00,58.0,62.0,806.0,745,Security,0,400.0,745.34,
FL12791,2024-01-11,1,Winter,Thursday,PolarAir,Airbus A320,Bristol,Malaga,Bristol → Malaga,1620,07:05,6.0,16.0,167.0,145,Weather,0,301.0,83.59,3.1
FL13060,2024-01-11,1,Winter,Thursday,NovaStar,Boeing 737,London Gatwick,Rome Fiumicino,London Gatwick → Rome Fiumicino,1430,09:00,31.0,35.0,179.0,135,Air Traffic Control,0,246.0,84.61,2.5
FL10626,2024-01-11,1,Winter,Thursday,AeroSwift,Airbus A320,Glasgow,Dublin,Glasgow → Dublin,220,09:00,69.0,73.0,129.0,50,Technical,0,117.0,50.94,2.5
FL11077,2024-01-11,1,Winter,Thursday,Atlantic Wings,Embraer E190,London Gatwick,Rome Fiumicino,London Gatwick → Rome Fiumicino,1430,10:30,105.0,99.0,244.0,135,Technical,0,253.0,99.78,1.0
FL12649,2024-01-12,1,Winter,Friday,AeroSwift,Airbus A380,Bristol,Malaga,Bristol → Malaga,1620,11:00,30.0,30.0,184.0,145,Technical,0,273.0,92.37,3.3
FL12987,2024-01-12,1,Winter,Friday,CloudJet,Boeing 737,Glasgow,Dublin,Glasgow → Dublin,220,18:50,19.0,15.0,62.0,50,Technical,0,269.0,49.0,4.5
FL14257,2024-01-12,1,Winter,Friday,AeroSwift,Boeing 777,London Heathrow,Toronto Pearson,London Heathrow → Toronto Pearson,5730,09:35,6.0,0.0,435.0,430,Weather,0,,267.82,4.4
FL13837,2024-01-12,1,Winter,Friday,SkyWing Air,Boeing 737,Manchester,Barcelona,Manchester → Barcelona,1440,07:40,12.0,26.0,160.0,130,Technical,0,67.0,72.76,4.3
FL12086,2024-01-12,1,Winter,Friday,Atlantic Wings,Boeing 737,London Heathrow,Dubai,London Heathrow → Dubai,5490,13:45,24.0,19.0,437.0,415,Technical,0,128.0,384.39,3.8
FL14233,2024-01-12,1,Winter,Friday,Atlantic Wings,Boeing 737,Glasgow,Dublin,Glasgow → Dublin,220,06:25,5.0,18.0,72.0,50,Air Traffic Control,0,352.0,49.0,3.6
FL10835,2024-01-13,1,Winter,Saturday,Atlantic Wings,Boeing 737,Edinburgh,Amsterdam,Edinburgh → Amsterdam,700,15:55,77.0,79.0,168.0,85,Technical,0,93.0,49.0,3.3
FL12692,2024-01-13,1,Winter,Saturday,Atlantic Wings,Embraer E190,Glasgow,Dublin,Glasgow → Dublin,220,13:20,22.0,29.0,86.0,50,Weather,0,355.0,49.0,4.1
FL11052,2024-01-13,1,Winter,Saturday,AeroSwift,Boeing 737,London Heathrow,New York JFK,London Heathrow → New York JFK,5570,11:15,,,,420,Air Traffic Control,1,68.0,335.96,2.5
FL10758,2024-01-13,1,Winter,Saturday,SkyWing Air,Boeing 787,London Gatwick,Rome Fiumicino,London Gatwick → Rome Fiumicino,1430,12:45,,,,135,Security,1,168.0,123.18,2.2
FL11682,2024-01-13,1,Winter,Saturday,PolarAir,Airbus A320,London Heathrow,Singapore Changi,London Heathrow → Singapore Changi,10840,20:30,18.0,12.0,754.0,745,Technical,0,79.0,669.93,4.4
FL13088,2024-01-14,1,Winter,Sunday,Atlantic Wings,Airbus A320,Birmingham,Istanbul,Birmingham → Istanbul,2680,07:55,,,,210,Crew Availability,1,91.0,210.27,1.3
FL11605,2024-01-14,1,Winter,Sunday,PolarAir,Airbus A320,London Gatwick,Rome Fiumicino,London Gatwick → Rome Fiumicino,1430,21:45,24.0,24.0,154.0,135,Late Aircraft,0,407.0,92.11,3.5
FL13712,2024-01-14,1,Winter,Sunday,Atlantic Wings,Boeing 737,Manchester,Barcelona,Manchester → Barcelona,1440,19:20,,,,130,Technical,1,194.0,151.73,2.5
FL13273,2024-01-14,1,Winter,Sunday,NovaStar,Boeing 737,Edinburgh,Amsterdam,Edinburgh → Amsterdam,700,14:05,6.0,4.0,93.0,85,Air Traffic Control,0,249.0,67.87,3.6
FL14853,2024-01-14,1,Winter,Sunday,PolarAir,Boeing 777,London Stansted,Warsaw Chopin,London Stansted → Warsaw Chopin,1470,05:00,45.0,41.0,177.0,135,Weather,0,229.0,77.17,2.2
FL13373,2024-01-14,1,Winter,Sunday,SkyWing Air,Boeing 777,London Heathrow,Singapore Changi,London Heathrow → Singapore Changi,10840,21:40,36.0,44.0,788.0,745,Crew Availability,0,370.0,734.6,2.4
FL11557,2024-01-14,1,Winter,Sunday,PolarAir,Boeing 737,Glasgow,Dublin,Glasgow → Dublin,220,06:00,22.0,35.0,87.0,50,Air Traffic Control,0,381.0,49.0,4.4
FL14045,2024-01-14,1,Winter,Sunday,NovaStar,Airbus A320,London Heathrow,Dubai,London Heathrow → Dubai,5490,11:05,21.0,14.0,432.0,415,Weather,0,80.0,299.85,
FL11664,2024-01-14,1,Winter,Sunday,AeroSwift,Airbus A320,Edinburgh,Amsterdam,Edinburgh → Amsterdam,700,10:45,37.0,34.0,128.0,85,Air Traffic Control,0,198.0,49.11,3.4
FL11440,2024-01-14,1,Winter,Sunday,Atlantic Wings,Airbus A320,London Gatwick,Rome Fiumicino,London Gatwick → Rome Fiumicino,1430,17:10,4.0,5.0,135.0,135,Technical,0,156.0,147.66,4.0
FL14147,2024-01-14,1,Winter,Sunday,PolarAir,Airbus A320,Glasgow,Dublin,Glasgow → Dublin,220,06:30,3.0,18.0,78.0,50,Weather,0,338.0,63.95,3.2
FL13172,2024-01-14,1,Winter,Sunday,Atlantic Wings,Boeing 737,Glasgow,Dublin,Glasgow → Dublin,220,15:55,48.0,51.0,111.0,50,Air Traffic Control,0,99.0,77.09,3.4
FL11068,2024-01-15,1,Winter,Monday,NovaStar,Airbus A380,London Gatwick,Rome Fiumicino,London Gatwick → Rome Fiumicino,1430,06:20,2.0,10.0,152.0,135,Air Traffic Control,0,70.0,104.94,3.1
FL13132,2024-01-15,1,Winter,Monday,SkyWing Air,Boeing 737,Bristol,Malaga,Bristol → Malaga,1620,12:25,3.0,0.0,149.0,145,Crew Availability,0,227.0,127.36,
FL11339,2024-01-15,1,Winter,Monday,AeroSwift,Boeing 737,London Heathrow,New York JFK,London Heathrow → New York JFK,5570,06:10,27.0,42.0,465.0,420,Security,0,309.0,251.63,3.3
FL10922,2024-01-15,1,Winter,Monday,PolarAir,Boeing 737,Leeds Bradford,Alicante,Leeds Bradford → Alicante,1590,22:45,39.0,52.0,198.0,145,Security,0,167.0,49.91,3.1
FL10151,2024-01-15,1,Winter,Monday,SkyWing Air,Airbus A380,Glasgow,Dublin,Glasgow → Dublin,220,06:15,,,,50,Late Aircraft,1,404.0,49.0,1.9
FL13765,2024-01-16,1,Winter,Tuesday,NovaStar,Airbus A320,Bristol,Malaga,Bristol → Malaga,1620,15:25,3.0,9.0,162.0,145,Late Aircraft,0,306.0,120.25,3.3
FL10819,2024-01-17,1,Winter,Wednesday,PolarAir,Airbus A320,Leeds Bradford,Alicante,Leeds Bradford → Alicante,1590,08:40,7.0,2.0,155.0,145,Technical,0,,126.93,4.1
FL10552,2024-01-17,1,Winter,Wednesday,Atlantic Wings,Boeing 787,Manchester,Barcelona,Manchester → Barcelona,1440,21:45,23.0,37.0,165.0,130,Weather,0,133.0,62.57,4.3
FL11165,2024-01-17,1,Winter,Wednesday,Atlantic Wings,Airbus A320,Glasgow,Dublin,Glasgow → Dublin,220,07:15,16.0,20.0,66.0,50,Weather,0,163.0,67.79,3.0
FL11773,2024-01-17,1,Winter,Wednesday,AeroSwift,Airbus A320,London Gatwick,Rome Fiumicino,London Gatwick → Rome Fiumicino,1430,13:05,0.0,12.0,155.0,135,On Time,0,341.0,94.88,5.0
FL11907,2024-01-17,1,Winter,Wednesday,CloudJet,Boeing 737,Glasgow,Dublin,Glasgow → Dublin,220,21:50,0.0,3.0,63.0,50,On Time,0,366.0,49.0,4.2
FL10618,2024-01-17,1,Winter,Wednesday,NovaStar,Boeing 777,London Heathrow,Toronto Pearson,London Heathrow → Toronto Pearson,5730,11:40,0.0,5.0,434.0,430,On Time,0,221.0,280.94,5.0
FL10785,2024-01-17,1,Winter,Wednesday,NovaStar,Boeing 737,Leeds Bradford,Alicante,Leeds Bradford → Alicante,1590,07:15,0.0,0.0,152.0,145,On Time,0,178.0,76.42,4.3
FL14381,2024-01-17,1,Winter,Wednesday,CloudJet,Embraer E190,Manchester,Barcelona,Manchester → Barcelona,1440,10:10,13.0,25.0,151.0,130,Air Traffic Control,0,106.0,94.28,3.5
FL10972,2024-01-17,1,Winter,Wednesday,SkyWing Air,Airbus A320,London Gatwick,Rome Fiumicino,London Gatwick → Rome Fiumicino,1430,16:00,20.0,13.0,152.0,135,Weather,0,132.0,168.96,3.4
FL13923,2024-01-18,1,Winter,Thursday,PolarAir,Airbus A320,Glasgow,Dublin,Glasgow → Dublin,220,18:50,41.0,51.0,104.0,50,Technical,0,87.0,49.0,3.4
FL10159,2024-01-18,1,Winter,Thursday,PolarAir,Boeing 777,Bristol,Malaga,Bristol → Malaga,1620,18:55,34.0,47.0,188.0,145,Weather,0,107.0,100.19,2.6
FL12427,2024-01-18,1,Winter,Thursday,NovaStar,Embraer E190,London Heathrow,Toronto Pearson,London Heathrow → Toronto Pearson,5730,10:55,14.0,10.0,435.0,430,Late Aircraft,0,60.0,289.76,3.9
FL11019,2024-01-18,1,Winter,Thursday,SkyWing Air,Airbus A320,Birmingham,Istanbul,Birmingham → Istanbul,2680,16:00,13.0,25.0,244.0,210,Technical,0,362.0,224.02,4.2
FL11708,2024-01-18,1,Winter,Thursday,NovaStar,Airbus A320,Edinburgh,Amsterdam,Edinburgh → Amsterdam,700,16:35,23.0,16.0,97.0,85,Weather,0,390.0,70.34,3.0
FL10671,2024-01-18,1,Winter,Thursday,SkyWing Air,Airbus A320,London Heathrow,Toronto Pearson,London Heathrow → Toronto Pearson,5730,18:35,11.0,24.0,450.0,430,Weather,0,185.0,386.88,4.0
FL11492,2024-01-18,1,Winter,Thursday,SkyWing Air,Airbus A380,Bristol,Malaga,Bristol → Malaga,1620,09:40,4.0,9.0,149.0,145,Air Traffic Control,0,274.0,182.44,4.1
FL13963,2024-01-18,1,Winter,Thursday,CloudJet,Boeing 777,Glasgow,Dublin,Glasgow → Dublin,220,07:10,0.0,0.0,59.0,50,On Time,0,285.0,49.0,4.3
FL10235,2024-01-18,1,Winter,Thursday,SkyWing Air,Embraer E190,Glasgow,Dublin,Glasgow → Dublin,220,06:05,0.0,8.0,65.0,50,On Time,0,129.0,49.0,4.7
FL10825,2024-01-19,1,Winter,Friday,NovaStar,,Bristol,Malaga,Bristol → Malaga,1620,12:30,0.0,14.0,159.0,145,On Time,0,201.0,56.57,4.4
FL10843,2024-01-19,1,Winter,Friday,PolarAir,Boeing 777,Bristol,Malaga,Bristol → Malaga,1620,18:40,52.0,59.0,199.0,145,Late Aircraft,0,402.0,90.39,3.4
FL12521,2024-01-19,1,Winter,Friday,PolarAir,Boeing 737,Leeds Bradford,Alicante,Leeds Bradford → Alicante,1590,16:55,90.0,87.0,233.0,145,Late Aircraft,0,265.0,145.85,2.3
FL12785,2024-01-19,1,Winter,Friday,Atlantic Wings,Boeing 777,London Heathrow,Singapore Changi,London Heathrow → Singapore Changi,10840,05:20,,,,745,Weather,1,102.0,700.97,1.5
FL10805,2024-01-19,1,Winter,Friday,PolarAir,Embraer E190,London Heathrow,Dubai,London Heathrow → Dubai,5490,16:15,70.0,83.0,499.0,415,Crew Availability,0,127.0,325.02,2.5
FL13700,2024-01-19,1,Winter,Friday,Atlantic Wings,Embraer E190,Bristol,Malaga,Bristol → Malaga,1620,12:35,3.0,0.0,140.0,145,Technical,0,143.0,108.26,3.2
FL14834,2024-01-19,1,Winter,Friday,PolarAir,Airbus A320,London Gatwick,Rome Fiumicino,London Gatwick → Rome Fiumicino,1430,17:35,7.0,6.0,138.0,135,Security,0,415.0,77.22,4.3
FL10240,2024-01-19,1,Winter,Friday,NovaStar,Boeing 777,London Heathrow,Toronto Pearson,London Heathrow → Toronto Pearson,5730,08:20,40.0,35.0,462.0,430,Late Aircraft,0,232.0,330.2,3.5
FL11407,2024-01-20,1,Winter,Saturday,AeroSwift,Airbus A320,London Stansted,Warsaw Chopin,London Stansted → Warsaw Chopin,1470,07:10,15.0,10.0,152.0,135,Weather,0,208.0,127.18,3.4
FL13175,2024-01-20,1,Winter,Saturday,AeroSwift,Airbus A380,Edinburgh,Amsterdam,Edinburgh → Amsterdam,700,08:30,33.0,47.0,132.0,85,Late Aircraft,0,363.0,60.81,3.2
FL13504,2024-01-20,1,Winter,Saturday,NovaStar,Boeing 737,London Stansted,Warsaw Chopin,London Stansted → Warsaw Chopin,1470,14:50,0.0,15.0,155.0,135,On Time,0,262.0,83.73,4.4
FL12331,2024-01-20,1,Winter,Saturday,CloudJet,Airbus A320,London Heathrow,Toronto Pearson,London Heathrow → Toronto Pearson,5730,22:40,49.0,49.0,483.0,430,Crew Availability,0,82.0,389.24,2.6
FL10941,2024-01-20,1,Winter,Saturday,CloudJet,Embraer E190,Birmingham,Istanbul,Birmingham → Istanbul,2680,18:30,41.0,43.0,259.0,210,Technical,0,193.0,165.46,2.8
FL11347,2024-01-20,1,Winter,Saturday,AeroSwift,Boeing 777,London Heathrow,Singapore Changi,London Heathrow → Singapore Changi,10840,22:50,0.0,10.0,762.0,745,On Time,0,158.0,564.01,4.9
FL14138,2024-01-20,1,Winter,Saturday,AeroSwift,Embraer E190,London Heathrow,New York JFK,London Heathrow → New York JFK,5570,10:10,8.0,6.0,425.0,420,Late Aircraft,0,311.0,299.9,4.5
FL11276,2024-01-20,1,Winter,Saturday,NovaStar,Boeing 777,Manchester,Barcelona,Manchester → Barcelona,1440,19:45,7.0,4.0,137.0,130,Security,0,229.0,53.87,4.4
FL14323,2024-01-21,1,Winter,Sunday,AeroSwift,Airbus A320,Bristol,Malaga,Bristol → Malaga,1620,08:35,7.0,19.0,165.0,145,Weather,0,271.0,130.9,3.6
FL11229,2024-01-21,1,Winter,Sunday,AeroSwift,Embraer E190,London Heathrow,New York JFK,London Heathrow → New York JFK,5570,05:55,16.0,25.0,452.0,420,Crew Availability,0,189.0,256.83,3.3
FL11240,2024-01-22,1,Winter,Monday,SkyWing Air,Boeing 777,Leeds Bradford,Alicante,Leeds Bradford → Alicante,1590,10:10,,,,145,Weather,1,127.0,160.92,1.6
FL13990,2024-01-22,1,Winter,Monday,PolarAir,Airbus A320,London Stansted,Warsaw Chopin,London Stansted → Warsaw Chopin,1470,11:15,8.0,10.0,152.0,135,Security,0,378.0,117.9,4.4
FL10479,2024-01-22,1,Winter,Monday,NovaStar,Boeing 737,Edinburgh,Amsterdam,Edinburgh → Amsterdam,700,09:00,4.0,16.0,103.0,85,Security,0,105.0,49.0,4.5
FL12914,2024-01-22,1,Winter,Monday,CloudJet,Boeing 787,Glasgow,Dublin,Glasgow → Dublin,220,07:30,33.0,27.0,86.0,50,Crew Availability,0,365.0,49.0,2.2
FL11101,2024-01-22,1,Winter,Monday,CloudJet,Boeing 777,Bristol,Malaga,Bristol → Malaga,1620,09:35,18.0,19.0,162.0,145,Security,0,272.0,153.81,4.4
FL13056,2024-01-22,1,Winter,Monday,SkyWing Air,Boeing 737,London Gatwick,Rome Fiumicino,London Gatwick → Rome Fiumicino,1430,20:20,0.0,0.0,141.0,135,On Time,0,259.0,52.36,4.4
FL10782,2024-01-22,1,Winter,Monday,Atlantic Wings,Boeing 737,London Heathrow,Singapore Changi,London Heathrow → Singapore Changi,10840,12:55,11.0,5.0,747.0,745,Weather,0,,754.53,4.1
FL10974,2024-01-22,1,Winter,Monday,SkyWing Air,Airbus A320,London Heathrow,New York JFK,London Heathrow → New York JFK,5570,17:35,16.0,8.0,424.0,420,Security,0,396.0,402.04,3.1
FL12868,2024-01-22,1,Winter,Monday,NovaStar,Airbus A320,London Heathrow,Singapore Changi,London Heathrow → Singapore Changi,10840,15:55,10.0,25.0,780.0,745,Air Traffic Control,0,172.0,552.27,3.1
FL11809,2024-01-22,1,Winter,Monday,NovaStar,Airbus A380,Glasgow,Dublin,Glasgow → Dublin,220,09:15,,,,50,Air Traffic Control,1,337.0,54.78,1.3
FL11992,2024-01-23,1,Winter,Tuesday,PolarAir,Boeing 777,Leeds Bradford,Alicante,Leeds Bradford → Alicante,1590,12:05,32.0,29.0,172.0,145,Late Aircraft,0,250.0,94.79,2.4
FL12942,2024-01-23,1,Winter,Tuesday,CloudJet,Boeing 777,London Heathrow,Dubai,London Heathrow → Dubai,5490,22:15,1.0,1.0,412.0,415,Air Traffic Control,0,299.0,326.47,4.0
FL11703,2024-01-23,1,Winter,Tuesday,SkyWing Air,Airbus A320,Manchester,Barcelona,Manchester → Barcelona,1440,16:25,38.0,37.0,169.0,130,Technical,0,396.0,147.75,2.2
FL12479,2024-01-23,1,Winter,Tuesday,CloudJet,Embraer E190,London Heathrow,Toronto Pearson,London Heathrow → Toronto Pearson,5730,07:50,49.0,57.0,484.0,430,Air Traffic Control,0,231.0,338.8,2.4
FL11660,2024-01-23,1,Winter,Tuesday,SkyWing Air,Boeing 737,Edinburgh,Amsterdam,Edinburgh → Amsterdam,700,13:55,9.0,11.0,100.0,85,Late Aircraft,0,230.0,49.0,3.2
FL12260,2024-01-23,1,Winter,Tuesday,PolarAir,Airbus A320,London Stansted,Warsaw Chopin,London Stansted → Warsaw Chopin,1470,06:15,98.0,96.0,234.0,135,Late Aircraft,0,199.0,58.1,2.3
FL11715,2024-01-23,1,Winter,Tuesday,Atlantic Wings,Airbus A380,Glasgow,Dublin,Glasgow → Dublin,220,08:50,5.0,10.0,70.0,50,Technical,0,102.0,69.51,3.1
FL11454,2024-01-23,1,Winter,Tuesday,NovaStar,Boeing 787,Manchester,Barcelona,Manchester → Barcelona,1440,10:10,25.0,37.0,170.0,130,Late Aircraft,0,369.0,69.47,4.1
FL12235,2024-01-23,1,Winter,Tuesday,Atlantic Wings,Boeing 777,London Heathrow,New York JFK,London Heathrow → New York JFK,5570,08:40,17.0,24.0,449.0,420,Air Traffic Control,0,416.0,387.77,4.2
FL14365,2024-01-23,1,Winter,Tuesday,SkyWing Air,Embraer E190,London Heathrow,New York JFK,London Heathrow → New York JFK,5570,22:00,64.0,77.0,494.0,420,Crew Availability,0,353.0,367.57,2.5
FL11232,2024-01-24,1,Winter,Wednesday,SkyWing Air,Boeing 787,London Heathrow,New York JFK,London Heathrow → New York JFK,5570,09:40,25.0,36.0,466.0,420,Crew Availability,0,257.0,401.56,3.2
FL11223,2024-01-24,1,Winter,Wednesday,Atlantic Wings,Embraer E190,Manchester,Barcelona,Manchester → Barcelona,1440,13:35,15.0,7.0,133.0,130,Crew Availability,0,94.0,90.23,3.9
FL12152,2024-01-24,1,Winter,Wednesday,SkyWing Air,Airbus A320,London Heathrow,Dubai,London Heathrow → Dubai,5490,11:30,18.0,19.0,429.0,415,Late Aircraft,0,161.0,337.53,4.3
FL10155,2024-01-24,1,Winter,Wednesday,NovaStar,Airbus A320,Edinburgh,Amsterdam,Edinburgh → Amsterdam,700,12:50,0.0,2.0,90.0,85,On Time,0,310.0,58.91,5.0
FL14434,2024-01-24,1,Winter,Wednesday,Atlantic Wings,Boeing 737,London Gatwick,Rome Fiumicino,London Gatwick → Rome Fiumicino,1430,08:30,34.0,43.0,175.0,135,Technical,0,66.0,168.09,3.5
FL10029,2024-01-24,1,Winter,Wednesday,Atlantic Wings,Boeing 787,Leeds Bradford,Alicante,Leeds Bradford → Alicante,1590,06:45,12.0,16.0,156.0,145,Security,0,215.0,117.7,3.4
FL12623,2024-01-24,1,Winter,Wednesday,AeroSwift,Airbus A320,London Gatwick,Rome Fiumicino,London Gatwick → Rome Fiumicino,1430,14:00,9.0,21.0,160.0,135,Late Aircraft,0,223.0,103.1,4.5
FL13510,2024-01-24,1,Winter,Wednesday,PolarAir,Airbus A320,London Heathrow,New York JFK,London Heathrow → New York JFK,5570,06:00,3.0,5.0,434.0,420,Weather,0,255.0,303.68,3.6
FL14479,2024-01-25,1,Winter,Thursday,SkyWing Air,Boeing 787,Glasgow,Dublin,Glasgow → Dublin,220,13:05,9.0,24.0,71.0,50,Late Aircraft,0,193.0,49.0,3.2
FL10361,2024-01-25,1,Winter,Thursday,Atlantic Wings,Airbus A320,Birmingham,Istanbul,Birmingham → Istanbul,2680,09:55,69.0,78.0,284.0,210,Security,0,326.0,204.22,2.2
FL11717,2024-01-25,1,Winter,Thursday,PolarAir,Boeing 737,London Stansted,Warsaw Chopin,London Stansted → Warsaw Chopin,1470,12:35,1.0,10.0,148.0,135,Crew Availability,0,112.0,120.09,3.7
FL13309,2024-01-25,1,Winter,Thursday,PolarAir,Airbus A380,Manchester,Barcelona,Manchester → Barcelona,1440,14:55,12.0,10.0,148.0,130,Security,0,319.0,49.0,3.0
FL11801,2024-01-25,1,Winter,Thursday,NovaStar,Airbus A320,London Heathrow,New York JFK,London Heathrow → New York JFK,5570,06:40,0.0,1.0,431.0,420,On Time,0,279.0,243.03,4.4
FL11173,2024-01-25,1,Winter,Thursday,SkyWing Air,Airbus A380,Leeds Bradford,Alicante,Leeds Bradford → Alicante,1590,22:00,5.0,3.0,154.0,145,Crew Availability,0,125.0,142.64,4.2
FL13377,2024-01-25,1,Winter,Thursday,AeroSwift,Boeing 787,London Heathrow,New York JFK,London Heathrow → New York JFK,5570,17:50,5.0,15.0,445.0,420,Security,0,224.0,311.21,3.1
FL11012,2024-01-26,1,Winter,Friday,CloudJet,Airbus A380,London Heathrow,New York JFK,London Heathrow → New York JFK,5570,09:05,26.0,23.0,439.0,420,Weather,0,188.0,386.2,3.1
FL13003,2024-01-26,1,Winter,Friday,CloudJet,Embraer E190,Manchester,Barcelona,Manchester → Barcelona,1440,16:10,20.0,14.0,142.0,130,Security,0,,94.04,3.9
FL14621,2024-01-26,1,Winter,Friday,CloudJet,Boeing 787,Leeds Bradford,Alicante,Leeds Bradford → Alicante,1590,18:10,0.0,13.0,154.0,145,On Time,0,400.0,132.05,4.8
FL10951,2024-01-26,1,Winter,Friday,Atlantic Wings,Airbus A320,Manchester,Barcelona,Manchester → Barcelona,1440,19:00,125.0,138.0,267.0,130,Technical,0,363.0,64.18,2.4
FL11601,2024-01-26,1,Winter,Friday,SkyWing Air,Boeing 737,Manchester,Barcelona,Manchester → Barcelona,1440,16:55,23.0,37.0,164.0,130,Security,0,398.0,77.01,4.3
FL11139,2024-01-26,1,Winter,Friday,Atlantic Wings,Airbus A320,London Stansted,Warsaw Chopin,London Stansted → Warsaw Chopin,1470,20:35,1.0,0.0,133.0,135,Crew Availability,0,145.0,128.79,3.4
FL10887,2024-01-26,1,Winter,Friday,CloudJet,Boeing 777,London Heathrow,Dubai,London Heathrow → Dubai,5490,14:30,27.0,41.0,466.0,415,Crew Availability,0,209.0,328.58,3.3
FL12404,2024-01-26,1,Winter,Friday,Atlantic Wings,Airbus A320,Bristol,Malaga,Bristol → Malaga,1620,13:55,22.0,26.0,176.0,145,Technical,0,106.0,128.64,4.3
FL14413,2024-01-27,1,Winter,Saturday,CloudJet,Airbus A320,London Heathrow,Dubai,London Heathrow → Dubai,5490,21:05,210.0,205.0,619.0,415,Security,0,153.0,316.37,1.3
FL10666,2024-01-27,1,Winter,Saturday,PolarAir,Embraer E190,London Stansted,Warsaw Chopin,London Stansted → Warsaw Chopin,1470,12:00,41.0,37.0,181.0,135,Crew Availability,0,100.0,75.33,3.3
FL14996,2024-01-27,1,Winter,Saturday,Atlantic Wings,Embraer E190,London Stansted,Warsaw Chopin,London Stansted → Warsaw Chopin,1470,14:45,0.0,0.0,141.0,135,On Time,0,95.0,99.92,3.9
FL13819,2024-01-27,1,Winter,Saturday,CloudJet,Airbus A380,Edinburgh,Amsterdam,Edinburgh → Amsterdam,700,13:20,7.0,10.0,101.0,85,Crew Availability,0,332.0,49.0,3.3
FL13652,2024-01-27,1,Winter,Saturday,SkyWing Air,Boeing 787,London Heathrow,Toronto Pearson,London Heathrow → Toronto Pearson,5730,12:45,60.0,58.0,493.0,430,Technical,0,291.0,351.62,2.8
FL14874,2024-01-27,1,Winter,Saturday,PolarAir,Boeing 737,Leeds Bradford,Alicante,Leeds Bradford → Alicante,1590,21:10,13.0,26.0,180.0,145,Technical,0,420.0,49.0,4.1
FL11922,2024-01-27,1,Winter,Saturday,Atlantic Wings,Boeing 737,Manchester,Barcelona,Manchester → Barcelona,1440,08:05,5.0,13.0,144.0,130,Technical,0,184.0,174.52,3.5
FL11568,2024-01-27,1,Winter,Saturday,CloudJet,Airbus A320,Leeds Bradford,Alicante,Leeds Bradford → Alicante,1590,09:45,0.0,0.0,147.0,145,On Time,0,235.0,59.51,4.7
FL13708,2024-01-27,1,Winter,Saturday,PolarAir,Airbus A380,London Heathrow,Toronto Pearson,London Heathrow → Toronto Pearson,5730,10:20,0.0,0.0,425.0,430,On Time,0,229.0,329.36,4.6
FL13250,2024-01-28,1,Winter,Sunday,Atlantic Wings,Boeing 777,London Heathrow,New York JFK,London Heathrow → New York JFK,5570,09:30,9.0,7.0,434.0,420,Technical,0,94.0,429.73,3.4
FL10179,2024-01-28,1,Winter,Sunday,PolarAir,Airbus A320,Manchester,Barcelona,Manchester → Barcelona,1440,07:40,0.0,12.0,142.0,130,On Time,0,344.0,69.88,4.0
FL12093,2024-01-28,1,Winter,Sunday,Atlantic Wings,Airbus A380,London Heathrow,Toronto Pearson,London Heathrow → Toronto Pearson,5730,06:55,63.0,75.0,501.0,430,Technical,0,204.0,367.29,2.1
FL14331,2024-01-28,1,Winter,Sunday,PolarAir,Boeing 737,Bristol,Malaga,Bristol → Malaga,1620,07:40,40.0,44.0,197.0,145,Weather,0,87.0,114.12,3.4
FL12510,2024-01-28,1,Winter,Sunday,NovaStar,Boeing 737,London Heathrow,New York JFK,London Heathrow → New York JFK,5570,08:45,13.0,16.0,436.0,420,Weather,0,215.0,265.3,3.1
FL14957,2024-01-28,1,Winter,Sunday,AeroSwift,Boeing 737,London Heathrow,Toronto Pearson,London Heathrow → Toronto Pearson,5730,08:50,0.0,0.0,438.0,430,On Time,0,229.0,289.56,3.9
FL14706,2024-01-29,1,Winter,Monday,CloudJet,Embraer E190,London Heathrow,Dubai,London Heathrow → Dubai,5490,05:35,16.0,25.0,438.0,415,Weather,0,125.0,296.88,3.3
FL11639,2024-01-29,1,Winter,Monday,PolarAir,Airbus A320,Leeds Bradford,Alicante,Leeds Bradford → Alicante,1590,07:10,11.0,14.0,165.0,145,Crew Availability,0,338.0,77.89,3.4
FL11008,2024-01-29,1,Winter,Monday,NovaStar,Boeing 737,London Heathrow,Singapore Changi,London Heathrow → Singapore Changi,10840,13:20,5.0,18.0,771.0,745,Late Aircraft,0,328.0,529.23,3.5
FL14860,2024-01-29,1,Winter,Monday,Atlantic Wings,Airbus A380,Bristol,Malaga,Bristol → Malaga,1620,18:35,168.0,183.0,334.0,145,Security,0,256.0,163.15,1.8
FL12528,2024-01-29,1,Winter,Monday,AeroSwift,Boeing 737,London Gatwick,Rome Fiumicino,London Gatwick → Rome Fiumicino,1430,19:00,3.0,15.0,153.0,135,Weather,0,383.0,89.46,3.6
FL13445,2024-01-29,1,Winter,Monday,NovaStar,Boeing 777,London Stansted,Warsaw Chopin,London Stansted → Warsaw Chopin,1470,11:05,5.0,14.0,146.0,135,Technical,0,106.0,92.45,4.4
FL11935,2024-01-30,1,Winter,Tuesday,NovaStar,Boeing 737,London Gatwick,Rome Fiumicino,London Gatwick → Rome Fiumicino,1430,20:40,1.0,5.0,149.0,135,Late Aircraft,0,401.0,49.0,3.7
FL12310,2024-01-30,1,Winter,Tuesday,NovaStar,Boeing 737,London Heathrow,Toronto Pearson,London Heathrow → Toronto Pearson,5730,05:25,18.0,33.0,470.0,430,Technical,0,386.0,307.03,4.1
FL13083,2024-01-30,1,Winter,Tuesday,CloudJet,Airbus A320,London Heathrow,New York JFK,London Heathrow → New York JFK,5570,06:25,15.0,20.0,448.0,420,Security,0,366.0,391.71,3.1
FL13138,2024-01-30,1,Winter,Tuesday,Atlantic Wings,Boeing 787,Glasgow,Dublin,Glasgow → Dublin,220,17:15,27.0,38.0,86.0,50,Weather,0,408.0,49.0,
FL12946,2024-01-30,1,Winter,Tuesday,Atlantic Wings,Boeing 737,Edinburgh,Amsterdam,Edinburgh → Amsterdam,700,17:30,0.0,0.0,86.0,85,On Time,0,126.0,49.0,4.3
FL13603,2024-01-30,1,Winter,Tuesday,CloudJet,Airbus A320,London Gatwick,Rome Fiumicino,London Gatwick → Rome Fiumicino,1430,15:15,,,,135,Weather,1,253.0,87.88,2.0
FL11720,2024-01-31,1,Winter,Wednesday,NovaStar,Boeing 787,Bristol,Malaga,Bristol → Malaga,1620,15:20,14.0,22.0,175.0,145,Air Traffic Control,0,141.0,122.51,3.2
FL12006,2024-01-31,1,Winter,Wednesday,PolarAir,Airbus A320,London Heathrow,Dubai,London Heathrow → Dubai,5490,18:40,91.0,89.0,499.0,415,Weather,0,161.0,366.39,1.2
FL13001,2024-01-31,1,Winter,Wednesday,CloudJet,Airbus A380,London Stansted,Warsaw Chopin,London Stansted → Warsaw Chopin,1470,11:20,22.0,20.0,154.0,135,Weather,0,411.0,69.74,3.3
FL13478,2024-01-31,1,Winter,Wednesday,PolarAir,Embraer E190,London Heathrow,Singapore Changi,London Heathrow → Singapore Changi,10840,21:30,48.0,52.0,797.0,745,Weather,0,371.0,697.97,3.3
FL13844,2024-02-01,2,Winter,Thursday,PolarAir,Embraer E190,Glasgow,Dublin,Glasgow → Dublin,220,06:55,0.0,0.0,51.0,50,On Time,0,340.0,49.0,4.8
FL12256,2024-02-01,2,Winter,Thursday,PolarAir,Boeing 787,Manchester,Barcelona,Manchester → Barcelona,1440,15:45,26.0,21.0,151.0,130,Weather,0,159.0,84.26,3.7
FL13222,2024-02-01,2,Winter,Thursday,Atlantic Wings,Boeing 737,Manchester,Barcelona,Manchester → Barcelona,1440,11:35,137.0,133.0,268.0,130,Security,0,119.0,113.5,2.0
FL11766,2024-02-01,2,Winter,Thursday,CloudJet,Boeing 777,Bristol,Malaga,Bristol → Malaga,1620,11:15,34.0,30.0,181.0,145,Security,0,262.0,76.87,2.5
FL12085,2024-02-01,2,Winter,Thursday,Atlantic Wings,Airbus A320,Leeds Bradford,Alicante,Leeds Bradford → Alicante,1590,15:40,,,,145,Technical,1,98.0,163.4,2.0
FL10475,2024-02-02,2,Winter,Friday,SkyWing Air,Boeing 787,London Heathrow,Singapore Changi,London Heathrow → Singapore Changi,10840,22:20,16.0,15.0,761.0,745,Air Traffic Control,0,142.0,760.12,4.4
FL10970,2024-02-02,2,Winter,Friday,Atlantic Wings,Airbus A320,Birmingham,Istanbul,Birmingham → Istanbul,2680,10:30,72.0,69.0,289.0,210,Late Aircraft,0,347.0,229.27,2.9
FL10166,2024-02-02,2,Winter,Friday,SkyWing Air,Boeing 787,Leeds Bradford,Alicante,Leeds Bradford → Alicante,1590,14:15,10.0,7.0,159.0,145,Crew Availability,0,146.0,101.48,3.2
FL14125,2024-02-02,2,Winter,Friday,CloudJet,Airbus A320,Manchester,Barcelona,Manchester → Barcelona,1440,22:00,42.0,50.0,180.0,130,Crew Availability,0,181.0,68.17,2.2
FL14145,2024-02-02,2,Winter,Friday,Atlantic Wings,Airbus A320,London Gatwick,Rome Fiumicino,London Gatwick → Rome Fiumicino,1430,13:15,175.0,189.0,326.0,135,Air Traffic Control,0,86.0,122.24,1.3
FL12570,2024-02-02,2,Winter,Friday,SkyWing Air,Embraer E190,London Heathrow,Singapore Changi,London Heathrow → Singapore Changi,10840,12:10,3.0,8.0,759.0,745,Technical,0,273.0,740.03,3.7
FL10632,2024-02-03,2,Winter,Saturday,AeroSwift,Boeing 787,London Heathrow,Dubai,London Heathrow → Dubai,5490,22:00,0.0,3.0,413.0,415,On Time,0,410.0,300.07,4.1
FL13817,2024-02-03,2,Winter,Saturday,PolarAir,Boeing 737,London Gatwick,Rome Fiumicino,London Gatwick → Rome Fiumicino,1430,07:55,31.0,24.0,165.0,135,Late Aircraft,0,61.0,132.16,2.5
FL14691,2024-02-03,2,Winter,Saturday,Atlantic Wings,Airbus A320,Manchester,Barcelona,Manchester → Barcelona,1440,12:00,28.0,42.0,173.0,130,Security,0,291.0,140.32,4.2
FL11593,2024-02-03,2,Winter,Saturday,SkyWing Air,Airbus A320,Bristol,Malaga,Bristol → Malaga,1620,13:45,22.0,33.0,179.0,145,Weather,0,342.0,66.38,4.4
FL11923,2024-02-03,2,Winter,Saturday,SkyWing Air,Boeing 737,Edinburgh,Amsterdam,Edinburgh → Amsterdam,700,08:35,7.0,11.0,105.0,85,Air Traffic Control,0,307.0,89.58,3.1
FL12177,2024-02-03,2,Winter,Saturday,Atlantic Wings,Airbus A320,London Gatwick,Rome Fiumicino,London Gatwick → Rome Fiumicino,1430,15:25,289.0,288.0,418.0,135,Technical,0,373.0,156.48,2.4
FL13674,2024-02-03,2,Winter,Saturday,PolarAir,Airbus A320,London Heathrow,Dubai,London Heathrow → Dubai,5490,06:30,64.0,59.0,481.0,415,Late Aircraft,0,344.0,368.76,3.1
FL12643,2024-02-03,2,Winter,Saturday,CloudJet,Airbus A320,London Stansted,Warsaw Chopin,London Stansted → Warsaw Chopin,1470,11:35,1.0,5.0,136.0,135,Weather,0,399.0,100.89,3.3
FL14668,2024-02-03,2,Winter,Saturday,PolarAir,Boeing 737,London Stansted,Warsaw Chopin,London Stansted → Warsaw Chopin,1470,18:00,3.0,9.0,142.0,135,Technical,0,308.0,79.92,4.3
FL12354,2024-02-03,2,Winter,Saturday,NovaStar,Airbus A380,Leeds Bradford,Alicante,Leeds Bradford → Alicante,1590,20:10,19.0,29.0,169.0,145,Air Traffic Control,0,310.0,59.76,4.3
FL13067,2024-02-04,2,Winter,Sunday,SkyWing Air,Embraer E190,London Stansted,Warsaw Chopin,London Stansted → Warsaw Chopin,1470,15:35,45.0,42.0,178.0,135,Technical,0,71.0,123.89,2.9
FL10472,2024-02-04,2,Winter,Sunday,Atlantic Wings,Boeing 737,Leeds Bradford,Alicante,Leeds Bradford → Alicante,1590,08:30,32.0,27.0,173.0,145,Technical,0,200.0,100.7,2.7
FL11067,2024-02-04,2,Winter,Sunday,CloudJet,Airbus A320,Manchester,Barcelona,Manchester → Barcelona,1440,17:35,0.0,0.0,132.0,130,On Time,0,390.0,94.04,4.4
FL10016,2024-02-04,2,Winter,Sunday,CloudJet,Airbus A320,Bristol,Malaga,Bristol → Malaga,1620,06:55,114.0,123.0,278.0,145,Crew Availability,0,139.0,69.13,1.3
FL14245,2024-02-04,2,Winter,Sunday,AeroSwift,Airbus A320,London Heathrow,Toronto Pearson,London Heathrow → Toronto Pearson,5730,09:20,12.0,22.0,457.0,430,Late Aircraft,0,350.0,254.85,3.2
FL14769,2024-02-04,2,Winter,Sunday,CloudJet,Airbus A320,Birmingham,Istanbul,Birmingham → Istanbul,2680,12:40,70.0,62.0,275.0,210,Crew Availability,0,92.0,191.74,3.0
FL11136,2024-02-04,2,Winter,Sunday,PolarAir,Boeing 777,Edinburgh,Amsterdam,Edinburgh → Amsterdam,700,05:50,111.0,122.0,210.0,85,Late Aircraft,0,254.0,81.26,2.2
FL12222,2024-02-05,2,Winter,Monday,CloudJet,Boeing 737,Bristol,Malaga,Bristol → Malaga,1620,13:50,10.0,17.0,169.0,145,Air Traffic Control,0,325.0,134.19,3.5
FL14911,2024-02-05,2,Winter,Monday,CloudJet,Airbus A380,London Heathrow,New York JFK,London Heathrow → New York JFK,5570,09:35,39.0,48.0,477.0,420,Technical,0,103.0,330.26,3.4
FL12000,2024-02-05,2,Winter,Monday,NovaStar,Embraer E190,Birmingham,Istanbul,Birmingham → Istanbul,2680,09:20,4.0,0.0,209.0,210,Weather,0,141.0,133.25,4.2
FL14359,2024-02-05,2,Winter,Monday,PolarAir,Airbus A320,Edinburgh,Amsterdam,Edinburgh → Amsterdam,700,16:25,0.0,8.0,101.0,85,On Time,0,91.0,49.0,3.9
FL14315,2024-02-05,2,Winter,Monday,CloudJet,Embraer E190,London Heathrow,Dubai,London Heathrow → Dubai,5490,13:15,5.0,12.0,431.0,415,Weather,0,294.0,328.7,3.1
FL13225,2024-02-05,2,Winter,Monday,PolarAir,Airbus A320,Leeds Bradford,Alicante,Leeds Bradford → Alicante,1590,22:35,6.0,20.0,171.0,145,Air Traffic Control,0,70.0,49.26,3.8
FL10407,2024-02-05,2,Winter,Monday,NovaStar,Boeing 777,London Heathrow,New York JFK,London Heathrow → New York JFK,5570,13:35,8.0,12.0,429.0,420,Crew Availability,0,336.0,295.55,3.3
FL12096,2024-02-05,2,Winter,Monday,NovaStar,Boeing 737,Glasgow,Dublin,Glasgow → Dublin,220,11:20,0.0,0.0,46.0,50,On Time,0,168.0,49.0,4.9
FL13392,2024-02-05,2,Winter,Monday,NovaStar,Boeing 777,London Stansted,Warsaw Chopin,London Stansted → Warsaw Chopin,1470,12:10,9.0,18.0,159.0,135,Air Traffic Control,0,229.0,49.0,4.1
FL14014,2024-02-05,2,Winter,Monday,SkyWing Air,Boeing 777,London Stansted,Warsaw Chopin,London Stansted → Warsaw Chopin,1470,20:15,0.0,15.0,145.0,135,On Time,0,186.0,163.16,4.7
FL12464,2024-02-05,2,Winter,Monday,CloudJet,Airbus A320,London Heathrow,Singapore Changi,London Heathrow → Singapore Changi,10840,20:50,2.0,13.0,764.0,745,Technical,0,78.0,655.59,3.8
FL14573,2024-02-06,2,Winter,Tuesday,Atlantic Wings,Boeing 787,Bristol,Malaga,Bristol → Malaga,1620,14:15,68.0,79.0,226.0,145,Security,0,355.0,140.68,2.2
FL14544,2024-02-06,2,Winter,Tuesday,SkyWing Air,Boeing 737,London Heathrow,New York JFK,London Heathrow → New York JFK,5570,14:05,5.0,18.0,448.0,420,Crew Availability,0,316.0,415.54,3.7
FL11775,2024-02-06,2,Winter,Tuesday,CloudJet,Airbus A320,Glasgow,Dublin,Glasgow → Dublin,220,15:10,,,,50,Crew Availability,1,295.0,49.0,1.7
FL10328,2024-02-06,2,Winter,Tuesday,SkyWing Air,Airbus A320,Glasgow,Dublin,Glasgow → Dublin,220,09:15,0.0,0.0,57.0,50,On Time,0,66.0,49.0,3.9
FL13105,2024-02-06,2,Winter,Tuesday,PolarAir,Airbus A320,London Heathrow,Toronto Pearson,London Heathrow → Toronto Pearson,5730,09:35,,,,430,Weather,1,310.0,320.91,2.0
FL10796,2024-02-07,2,Winter,Wednesday,PolarAir,Airbus A380,London Heathrow,Singapore Changi,London Heathrow → Singapore Changi,10840,08:25,24.0,32.0,774.0,745,Air Traffic Control,0,369.0,724.2,4.3
FL13706,2024-02-07,2,Winter,Wednesday,AeroSwift,Boeing 787,London Gatwick,Rome Fiumicino,London Gatwick → Rome Fiumicino,1430,22:05,27.0,36.0,181.0,135,Late Aircraft,0,285.0,130.5,3.5
FL10355,2024-02-07,2,Winter,Wednesday,Atlantic Wings,Boeing 737,Manchester,Barcelona,Manchester → Barcelona,1440,07:30,34.0,47.0,179.0,130,Security,0,273.0,95.98,2.4
FL12519,2024-02-07,2,Winter,Wednesday,Atlantic Wings,Boeing 737,Birmingham,Istanbul,Birmingham → Istanbul,2680,06:15,7.0,16.0,234.0,210,Crew Availability,0,398.0,179.16,3.7
FL12709,2024-02-07,2,Winter,Wednesday,PolarAir,Boeing 787,Edinburgh,Amsterdam,Edinburgh → Amsterdam,700,16:00,5.0,3.0,87.0,85,Late Aircraft,0,120.0,49.0,4.2
FL14633,2024-02-07,2,Winter,Wednesday,SkyWing Air,Airbus A380,Manchester,Barcelona,Manchester → Barcelona,1440,07:40,4.0,0.0,139.0,130,Air Traffic Control,0,94.0,63.52,3.5
FL14278,2024-02-08,2,Winter,Thursday,Atlantic Wings,Airbus A380,London Heathrow,Dubai,London Heathrow → Dubai,5490,14:35,69.0,69.0,483.0,415,Late Aircraft,0,311.0,350.56,3.0
FL13490,2024-02-08,2,Winter,Thursday,PolarAir,Airbus A380,London Heathrow,Singapore Changi,London Heathrow → Singapore Changi,10840,17:55,0.0,0.0,749.0,745,On Time,0,186.0,619.51,3.9
FL11451,2024-02-08,2,Winter,Thursday,PolarAir,Boeing 777,London Heathrow,New York JFK,London Heathrow → New York JFK,5570,11:30,0.0,4.0,430.0,420,On Time,0,417.0,404.18,4.7
FL13081,2024-02-08,2,Winter,Thursday,CloudJet,Boeing 787,London Gatwick,Rome Fiumicino,London Gatwick → Rome Fiumicino,1430,16:15,0.0,10.0,150.0,135,On Time,0,207.0,64.21,3.9
FL12635,2024-02-08,2,Winter,Thursday,NovaStar,Embraer E190,London Heathrow,Toronto Pearson,London Heathrow → Toronto Pearson,5730,20:55,5.0,13.0,448.0,430,Late Aircraft,0,405.0,323.59,4.4
FL10607,2024-02-08,2,Winter,Thursday,SkyWing Air,Airbus A320,Manchester,Barcelona,Manchester → Barcelona,1440,15:45,0.0,0.0,134.0,130,On Time,0,294.0,116.85,4.6
FL10891,2024-02-08,2,Winter,Thursday,Atlantic Wings,Boeing 737,Leeds Bradford,Alicante,Leeds Bradford → Alicante,1590,10:50,17.0,23.0,164.0,145,Security,0,264.0,145.23,4.2
FL13959,2024-02-09,2,Winter,Friday,AeroSwift,,Manchester,Barcelona,Manchester → Barcelona,1440,16:30,40.0,38.0,169.0,130,Air Traffic Control,0,293.0,114.66,2.4
FL11210,2024-02-09,2,Winter,Friday,AeroSwift,Airbus A320,London Heathrow,Singapore Changi,London Heathrow → Singapore Changi,10840,05:30,5.0,17.0,760.0,745,Technical,0,323.0,556.39,
FL11063,2024-02-09,2,Winter,Friday,AeroSwift,Airbus A320,Edinburgh,Amsterdam,Edinburgh → Amsterdam,700,12:05,0.0,12.0,98.0,85,On Time,0,116.0,49.0,4.8
FL11044,2024-02-09,2,Winter,Friday,CloudJet,Boeing 777,London Heathrow,New York JFK,London Heathrow → New York JFK,5570,14:00,12.0,18.0,445.0,420,Technical,0,61.0,402.57,3.6
FL11081,2024-02-09,2,Winter,Friday,Atlantic Wings,Airbus A380,London Stansted,Warsaw Chopin,London Stansted → Warsaw Chopin,1470,20:10,,,,135,Technical,1,335.0,132.73,2.3
FL12175,2024-02-09,2,Winter,Friday,CloudJet,Boeing 737,Bristol,Malaga,Bristol → Malaga,1620,06:35,11.0,24.0,166.0,145,Air Traffic Control,0,366.0,110.26,3.8
FL12691,2024-02-10,2,Winter,Saturday,Atlantic Wings,Airbus A320,Glasgow,Dublin,Glasgow → Dublin,220,11:40,0.0,0.0,45.0,50,On Time,0,401.0,49.0,4.1
FL11126,2024-02-10,2,Winter,Saturday,CloudJet,Boeing 737,Glasgow,Dublin,Glasgow → Dublin,220,15:05,28.0,29.0,81.0,50,Weather,0,291.0,49.0,3.3
FL10822,2024-02-10,2,Winter,Saturday,AeroSwift,Boeing 737,Manchester,Barcelona,Manchester → Barcelona,1440,06:05,26.0,22.0,162.0,130,Crew Availability,0,280.0,72.68,4.3
FL12870,2024-02-10,2,Winter,Saturday,AeroSwift,Airbus A320,Birmingham,Istanbul,Birmingham → Istanbul,2680,07:05,15.0,18.0,225.0,210,Technical,0,398.0,187.44,3.1
FL12838,2024-02-10,2,Winter,Saturday,PolarAir,Airbus A320,Manchester,Barcelona,Manchester → Barcelona,1440,19:30,,,,130,Technical,1,331.0,92.0,1.1
FL11523,2024-02-10,2,Winter,Saturday,Atlantic Wings,Boeing 737,London Heathrow,Singapore Changi,London Heathrow → Singapore Changi,10840,10:35,3.0,6.0,754.0,745,Late Aircraft,0,272.0,710.52,4.3
FL14990,2024-02-11,2,Winter,Sunday,AeroSwift,Boeing 777,Bristol,Malaga,Bristol → Malaga,1620,08:50,0.0,3.0,153.0,145,On Time,0,361.0,143.64,4.7
FL14881,2024-02-11,2,Winter,Sunday,NovaStar,Boeing 737,Glasgow,Dublin,Glasgow → Dublin,220,11:15,11.0,21.0,77.0,50,Security,0,185.0,49.0,4.5
FL14513,2024-02-11,2,Winter,Sunday,Atlantic Wings,Embraer E190,London Stansted,Warsaw Chopin,London Stansted → Warsaw Chopin,1470,17:15,0.0,0.0,139.0,135,On Time,0,200.0,129.19,4.5
FL11808,2024-02-11,2,Winter,Sunday,NovaStar,Airbus A320,Leeds Bradford,Alicante,Leeds Bradford → Alicante,1590,09:30,15.0,7.0,159.0,145,Air Traffic Control,0,220.0,125.83,3.6
FL13265,2024-02-11,2,Winter,Sunday,NovaStar,Boeing 777,Leeds Bradford,Alicante,Leeds Bradford → Alicante,1590,18:55,9.0,24.0,179.0,145,Late Aircraft,0,261.0,112.02,3.3
FL10288,2024-02-11,2,Winter,Sunday,CloudJet,Boeing 737,Glasgow,Dublin,Glasgow → Dublin,220,05:15,12.0,23.0,73.0,50,Crew Availability,0,323.0,49.0,3.2
FL11794,2024-02-11,2,Winter,Sunday,NovaStar,,London Heathrow,Dubai,London Heathrow → Dubai,5490,22:35,0.0,6.0,429.0,415,On Time,0,307.0,242.02,3.9
FL10746,2024-02-12,2,Winter,Monday,PolarAir,Boeing 737,London Heathrow,Toronto Pearson,London Heathrow → Toronto Pearson,5730,08:05,28.0,37.0,477.0,430,Technical,0,242.0,388.83,4.3
FL11113,2024-02-12,2,Winter,Monday,Atlantic Wings,Airbus A320,London Heathrow,Dubai,London Heathrow → Dubai,5490,07:30,42.0,34.0,458.0,415,Crew Availability,0,149.0,377.7,3.1
FL11489,2024-02-12,2,Winter,Monday,CloudJet,Boeing 737,London Gatwick,Rome Fiumicino,London Gatwick → Rome Fiumicino,1430,05:25,13.0,24.0,164.0,135,Security,0,115.0,79.7,4.0
FL11899,2024-02-12,2,Winter,Monday,PolarAir,Boeing 777,London Heathrow,Toronto Pearson,London Heathrow → Toronto Pearson,5730,22:20,0.0,0.0,439.0,430,On Time,0,347.0,401.95,4.5
FL12891,2024-02-12,2,Winter,Monday,Atlantic Wings,Airbus A320,Edinburgh,Amsterdam,Edinburgh → Amsterdam,700,09:15,13.0,15.0,106.0,85,Security,0,378.0,49.0,3.2
FL11363,2024-02-12,2,Winter,Monday,NovaStar,Airbus A320,Leeds Bradford,Alicante,Leeds Bradford → Alicante,1590,19:35,0.0,0.0,147.0,145,On Time,0,150.0,119.82,4.8
FL10567,2024-02-13,2,Winter,Tuesday,NovaStar,Boeing 777,Edinburgh,Amsterdam,Edinburgh → Amsterdam,700,13:45,4.0,10.0,91.0,85,Late Aircraft,0,106.0,75.85,3.4
FL11553,2024-02-13,2,Winter,Tuesday,AeroSwift,Airbus A380,London Stansted,Warsaw Chopin,London Stansted → Warsaw Chopin,1470,08:05,4.0,5.0,142.0,135,Crew Availability,0,77.0,107.96,4.3
FL13244,2024-02-13,2,Winter,Tuesday,AeroSwift,Embraer E190,Glasgow,Dublin,Glasgow → Dublin,220,11:15,0.0,4.0,61.0,50,On Time,0,368.0,49.0,4.7
FL13554,2024-02-13,2,Winter,Tuesday,NovaStar,Embraer E190,London Stansted,Warsaw Chopin,London Stansted → Warsaw Chopin,1470,07:10,28.0,23.0,159.0,135,Late Aircraft,0,345.0,84.19,4.3
FL10778,2024-02-13,2,Winter,Tuesday,CloudJet,Airbus A320,London Heathrow,New York JFK,London Heathrow → New York JFK,5570,21:55,10.0,22.0,446.0,420,Weather,0,289.0,342.39,3.6
FL11986,2024-02-14,2,Winter,Wednesday,NovaStar,Airbus A380,Glasgow,Dublin,Glasgow → Dublin,220,08:30,2.0,10.0,55.0,50,Weather,0,,49.0,4.4
FL14121,2024-02-14,2,Winter,Wednesday,SkyWing Air,Airbus A320,London Gatwick,Rome Fiumicino,London Gatwick → Rome Fiumicino,1430,11:00,0.0,11.0,141.0,135,On Time,0,188.0,152.85,4.1
FL12736,2024-02-14,2,Winter,Wednesday,AeroSwift,Embraer E190,London Stansted,Warsaw Chopin,London Stansted → Warsaw Chopin,1470,22:55,0.0,15.0,145.0,135,On Time,0,411.0,125.03,3.9
FL13646,2024-02-14,2,Winter,Wednesday,AeroSwift,Airbus A320,Manchester,Barcelona,Manchester → Barcelona,1440,16:00,37.0,49.0,177.0,130,Air Traffic Control,0,189.0,49.0,2.2
FL14276,2024-02-14,2,Winter,Wednesday,NovaStar,Boeing 787,London Heathrow,Toronto Pearson,London Heathrow → Toronto Pearson,5730,16:10,13.0,10.0,447.0,430,Weather,0,347.0,261.29,3.4
FL12088,2024-02-14,2,Winter,Wednesday,PolarAir,Airbus A320,London Heathrow,Dubai,London Heathrow → Dubai,5490,08:00,31.0,43.0,454.0,415,Weather,0,301.0,293.68,3.2
FL13927,2024-02-15,2,Winter,Thursday,PolarAir,Airbus A320,Manchester,Barcelona,Manchester → Barcelona,1440,14:35,41.0,42.0,168.0,130,Weather,0,295.0,108.02,2.3
FL12075,2024-02-15,2,Winter,Thursday,SkyWing Air,Airbus A380,Bristol,Malaga,Bristol → Malaga,1620,17:00,0.0,6.0,146.0,145,On Time,0,94.0,127.97,4.9
FL10831,2024-02-15,2,Winter,Thursday,NovaStar,Airbus A320,London Heathrow,Singapore Changi,London Heathrow → Singapore Changi,10840,07:15,8.0,19.0,769.0,745,Air Traffic Control,0,245.0,585.63,3.9
FL11607,2024-02-15,2,Winter,Thursday,AeroSwift,Boeing 737,London Heathrow,New York JFK,London Heathrow → New York JFK,5570,16:25,17.0,19.0,448.0,420,Crew Availability,0,410.0,324.55,3.8
FL10883,2024-02-15,2,Winter,Thursday,CloudJet,Boeing 787,London Heathrow,Singapore Changi,London Heathrow → Singapore Changi,10840,07:30,36.0,42.0,786.0,745,Air Traffic Control,0,213.0,645.25,2.0
FL14622,2024-02-15,2,Winter,Thursday,CloudJet,Boeing 787,London Gatwick,Rome Fiumicino,London Gatwick → Rome Fiumicino,1430,15:15,6.0,6.0,138.0,135,Technical,0,215.0,71.0,3.2
FL11957,2024-02-15,2,Winter,Thursday,PolarAir,Airbus A320,London Heathrow,Dubai,London Heathrow → Dubai,5490,18:50,7.0,15.0,428.0,415,Crew Availability,0,377.0,294.63,4.0
FL12084,2024-02-15,2,Winter,Thursday,Atlantic Wings,Boeing 737,Leeds Bradford,Alicante,Leeds Bradford → Alicante,1590,13:50,33.0,33.0,187.0,145,Weather,0,73.0,91.04,2.0
FL11412,2024-02-16,2,Winter,Friday,CloudJet,Airbus A380,Leeds Bradford,Alicante,Leeds Bradford → Alicante,1590,09:50,95.0,107.0,247.0,145,Crew Availability,0,351.0,121.45,1.3
FL14935,2024-02-16,2,Winter,Friday,Atlantic Wings,Embraer E190,London Heathrow,New York JFK,London Heathrow → New York JFK,5570,10:00,60.0,62.0,491.0,420,Weather,0,414.0,390.67,3.2
FL14953,2024-02-16,2,Winter,Friday,CloudJet,Boeing 777,Birmingham,Istanbul,Birmingham → Istanbul,2680,21:30,3.0,0.0,205.0,210,Air Traffic Control,0,181.0,148.21,3.5
FL12030,2024-02-16,2,Winter,Friday,PolarAir,Boeing 737,London Heathrow,Dubai,London Heathrow → Dubai,5490,06:45,26.0,36.0,456.0,415,Air Traffic Control,0,144.0,343.85,4.4
FL11458,2024-02-16,2,Winter,Friday,SkyWing Air,Boeing 777,London Gatwick,Rome Fiumicino,London Gatwick → Rome Fiumicino,1430,21:40,82.0,81.0,215.0,135,Late Aircraft,0,111.0,125.13,3.1
FL11205,2024-02-16,2,Winter,Friday,SkyWing Air,Airbus A380,Bristol,Malaga,Bristol → Malaga,1620,14:35,65.0,80.0,224.0,145,Weather,0,418.0,137.33,2.4
FL13029,2024-02-16,2,Winter,Friday,NovaStar,Airbus A380,Manchester,Barcelona,Manchester → Barcelona,1440,06:05,48.0,60.0,185.0,130,Weather,0,228.0,69.46,2.0
FL14135,2024-02-16,2,Winter,Friday,SkyWing Air,Boeing 737,Leeds Bradford,Alicante,Leeds Bradford → Alicante,1590,16:00,28.0,35.0,179.0,145,Technical,0,225.0,164.81,4.2
FL14688,2024-02-16,2,Winter,Friday,PolarAir,Airbus A380,London Heathrow,New York JFK,London Heathrow → New York JFK,5570,10:45,10.0,17.0,441.0,420,Technical,0,230.0,386.74,3.2
FL12795,2024-02-16,2,Winter,Friday,NovaStar,Airbus A320,Birmingham,Istanbul,Birmingham → Istanbul,2680,10:25,43.0,52.0,272.0,210,Air Traffic Control,0,62.0,96.64,2.3
FL12478,2024-02-17,2,Winter,Saturday,CloudJet,Airbus A320,Glasgow,Dublin,Glasgow → Dublin,220,10:35,113.0,126.0,185.0,50,Air Traffic Control,0,394.0,49.0,1.0
FL13658,2024-02-17,2,Winter,Saturday,AeroSwift,Airbus A320,London Heathrow,New York JFK,London Heathrow → New York JFK,5570,11:05,20.0,33.0,457.0,420,Security,0,349.0,268.24,3.9
FL10014,2024-02-17,2,Winter,Saturday,Atlantic Wings,Embraer E190,Birmingham,Istanbul,Birmingham → Istanbul,2680,13:05,0.0,0.0,219.0,210,On Time,0,131.0,161.45,4.3
FL11734,2024-02-17,2,Winter,Saturday,NovaStar,Airbus A320,Birmingham,Istanbul,Birmingham → Istanbul,2680,13:35,0.0,6.0,219.0,210,On Time,0,78.0,163.59,3.9
FL13548,2024-02-17,2,Winter,Saturday,NovaStar,Boeing 737,Bristol,Malaga,Bristol → Malaga,1620,06:50,0.0,3.0,154.0,145,On Time,0,311.0,108.74,4.4
FL11436,2024-02-17,2,Winter,Saturday,PolarAir,Boeing 777,Edinburgh,Amsterdam,Edinburgh → Amsterdam,700,08:45,,,,85,Security,1,326.0,102.0,1.9
FL11308,2024-02-17,2,Winter,Saturday,PolarAir,Airbus A320,Edinburgh,Amsterdam,Edinburgh → Amsterdam,700,06:20,10.0,8.0,92.0,85,Technical,0,132.0,95.1,4.4
FL11663,2024-02-18,2,Winter,Sunday,CloudJet,Boeing 777,Birmingham,Istanbul,Birmingham → Istanbul,2680,07:05,22.0,26.0,242.0,210,Technical,0,186.0,181.56,4.3
FL11433,2024-02-18,2,Winter,Sunday,NovaStar,Airbus A380,Leeds Bradford,Alicante,Leeds Bradford → Alicante,1590,08:40,2.0,0.0,144.0,145,Late Aircraft,0,161.0,121.68,4.2
FL10249,2024-02-18,2,Winter,Sunday,SkyWing Air,Boeing 737,Edinburgh,Amsterdam,Edinburgh → Amsterdam,700,20:10,0.0,0.0,85.0,85,On Time,0,123.0,59.1,4.2
FL10913,2024-02-18,2,Winter,Sunday,PolarAir,Boeing 737,London Heathrow,Singapore Changi,London Heathrow → Singapore Changi,10840,11:00,30.0,32.0,787.0,745,Security,0,372.0,676.64,3.6
FL13338,2024-02-19,2,Winter,Monday,CloudJet,Airbus A380,London Heathrow,Singapore Changi,London Heathrow → Singapore Changi,10840,17:10,60.0,73.0,828.0,745,Late Aircraft,0,369.0,643.35,2.1
FL12050,2024-02-19,2,Winter,Monday,AeroSwift,Airbus A380,Birmingham,Istanbul,Birmingham → Istanbul,2680,08:50,2.0,5.0,213.0,210,Weather,0,104.0,122.76,3.2
FL11735,2024-02-19,2,Winter,Monday,NovaStar,Airbus A380,Glasgow,Dublin,Glasgow → Dublin,220,15:50,0.0,7.0,55.0,50,On Time,0,283.0,49.0,3.9
FL14285,2024-02-19,2,Winter,Monday,PolarAir,Airbus A320,Birmingham,Istanbul,Birmingham → Istanbul,2680,11:30,17.0,24.0,241.0,210,Late Aircraft,0,285.0,226.16,4.2
FL10728,2024-02-19,2,Winter,Monday,PolarAir,Embraer E190,Manchester,Barcelona,Manchester → Barcelona,1440,07:40,127.0,138.0,277.0,130,Crew Availability,0,396.0,100.76,1.9
FL13372,2024-02-19,2,Winter,Monday,AeroSwift,Airbus A320,Glasgow,Dublin,Glasgow → Dublin,220,13:05,30.0,25.0,81.0,50,Late Aircraft,0,168.0,49.0,4.4
FL12769,2024-02-19,2,Winter,Monday,Atlantic Wings,Embraer E190,London Heathrow,Singapore Changi,London Heathrow → Singapore Changi,10840,11:50,11.0,8.0,754.0,745,Weather,0,98.0,780.18,3.6
FL11254,2024-02-20,2,Winter,Tuesday,CloudJet,Airbus A320,Glasgow,Dublin,Glasgow → Dublin,220,09:55,5.0,3.0,55.0,50,Security,0,188.0,67.12,4.3
FL14361,2024-02-20,2,Winter,Tuesday,SkyWing Air,Boeing 737,Bristol,Malaga,Bristol → Malaga,1620,09:30,0.0,13.0,166.0,145,On Time,0,318.0,152.96,4.1
FL13033,2024-02-20,2,Winter,Tuesday,CloudJet,Embraer E190,London Heathrow,Toronto Pearson,London Heathrow → Toronto Pearson,5730,07:05,31.0,31.0,463.0,430,Weather,0,217.0,390.04,2.3
FL10968,2024-02-20,2,Winter,Tuesday,AeroSwift,Boeing 737,Manchester,Barcelona,Manchester → Barcelona,1440,08:30,16.0,31.0,162.0,130,Technical,0,351.0,78.37,4.1
FL12903,2024-02-21,2,Winter,Wednesday,Atlantic Wings,Boeing 737,London Stansted,Warsaw Chopin,London Stansted → Warsaw Chopin,1470,15:30,70.0,80.0,224.0,135,Air Traffic Control,0,175.0,135.04,2.8
FL11099,2024-02-21,2,Winter,Wednesday,SkyWing Air,Boeing 737,Leeds Bradford,Alicante,Leeds Bradford → Alicante,1590,19:05,38.0,49.0,204.0,145,Security,0,227.0,99.81,3.5
FL10678,2024-02-21,2,Winter,Wednesday,CloudJet,Airbus A380,Glasgow,Dublin,Glasgow → Dublin,220,17:35,32.0,28.0,87.0,50,Crew Availability,0,387.0,49.0,3.5
FL11943,2024-02-21,2,Winter,Wednesday,AeroSwift,Boeing 737,London Heathrow,Singapore Changi,London Heathrow → Singapore Changi,10840,15:35,7.0,22.0,764.0,745,Late Aircraft,0,403.0,529.07,4.2
FL11863,2024-02-21,2,Winter,Wednesday,PolarAir,Boeing 787,London Gatwick,Rome Fiumicino,London Gatwick → Rome Fiumicino,1430,09:35,2.0,0.0,132.0,135,Technical,0,,69.64,4.4
FL11322,2024-02-21,2,Winter,Wednesday,AeroSwift,Airbus A320,Birmingham,Istanbul,Birmingham → Istanbul,2680,22:15,10.0,3.0,220.0,210,Security,0,199.0,176.85,3.8
FL11721,2024-02-21,2,Winter,Wednesday,Atlantic Wings,Airbus A320,Manchester,Barcelona,Manchester → Barcelona,1440,08:30,44.0,54.0,189.0,130,Late Aircraft,0,256.0,79.48,2.8
FL14678,2024-02-21,2,Winter,Wednesday,Atlantic Wings,Airbus A320,Leeds Bradford,Alicante,Leeds Bradford → Alicante,1590,10:35,,,,145,Late Aircraft,1,170.0,186.33,2.4
FL10737,2024-02-22,2,Winter,Thursday,NovaStar,Embraer E190,Glasgow,Dublin,Glasgow → Dublin,220,06:25,7.0,22.0,82.0,50,Crew Availability,0,157.0,49.0,4.2
FL11574,2024-02-22,2,Winter,Thursday,AeroSwift,Airbus A320,Edinburgh,Amsterdam,Edinburgh → Amsterdam,700,14:45,1.0,0.0,87.0,85,Air Traffic Control,0,66.0,49.2,3.2
FL11103,2024-02-22,2,Winter,Thursday,AeroSwift,Embraer E190,Manchester,Barcelona,Manchester → Barcelona,1440,10:10,6.0,17.0,146.0,130,Security,0,97.0,62.49,3.4
FL14700,2024-02-22,2,Winter,Thursday,AeroSwift,Airbus A380,Leeds Bradford,Alicante,Leeds Bradford → Alicante,1590,07:55,0.0,15.0,165.0,145,On Time,0,384.0,75.81,4.4
FL13464,2024-02-22,2,Winter,Thursday,CloudJet,Boeing 777,London Heathrow,Dubai,London Heathrow → Dubai,5490,09:35,1.0,11.0,430.0,415,Crew Availability,0,96.0,318.14,
FL12598,2024-02-22,2,Winter,Thursday,AeroSwift,Airbus A380,Manchester,Barcelona,Manchester → Barcelona,1440,08:45,6.0,18.0,157.0,130,Security,0,64.0,95.17,
FL14770,2024-02-22,2,Winter,Thursday,CloudJet,Embraer E190,Edinburgh,Amsterdam,Edinburgh → Amsterdam,700,12:00,43.0,41.0,136.0,85,Crew Availability,0,371.0,98.14,3.2
FL14861,2024-02-22,2,Winter,Thursday,PolarAir,Boeing 737,Birmingham,Istanbul,Birmingham → Istanbul,2680,20:30,5.0,3.0,217.0,210,Crew Availability,0,329.0,215.09,3.7
FL14063,2024-02-23,2,Winter,Friday,SkyWing Air,Boeing 737,Edinburgh,Amsterdam,Edinburgh → Amsterdam,700,07:20,44.0,59.0,154.0,85,Technical,0,90.0,82.08,2.3
FL13032,2024-02-23,2,Winter,Friday,AeroSwift,Airbus A380,Manchester,Barcelona,Manchester → Barcelona,1440,07:15,60.0,60.0,200.0,130,Technical,0,81.0,118.49,2.3
FL11884,2024-02-23,2,Winter,Friday,PolarAir,Boeing 777,Edinburgh,Amsterdam,Edinburgh → Amsterdam,700,16:45,0.0,0.0,84.0,85,On Time,0,396.0,68.72,4.7
FL13024,2024-02-23,2,Winter,Friday,PolarAir,Airbus A320,London Heathrow,Singapore Changi,London Heathrow → Singapore Changi,10840,14:40,15.0,19.0,769.0,745,Technical,0,84.0,685.67,3.8
FL14841,2024-02-23,2,Winter,Friday,CloudJet,,Birmingham,Istanbul,Birmingham → Istanbul,2680,05:10,45.0,52.0,261.0,210,Technical,0,163.0,217.8,2.1
FL14878,2024-02-23,2,Winter,Friday,NovaStar,Boeing 737,Leeds Bradford,Alicante,Leeds Bradford → Alicante,1590,12:50,4.0,8.0,160.0,145,Air Traffic Control,0,93.0,106.77,3.2
FL10754,2024-02-23,2,Winter,Friday,SkyWing Air,Boeing 787,London Stansted,Warsaw Chopin,London Stansted → Warsaw Chopin,1470,09:20,26.0,35.0,167.0,135,Air Traffic Control,0,285.0,130.9,3.3
FL12585,2024-02-24,2,Winter,Saturday,SkyWing Air,Boeing 777,Leeds Bradford,Alicante,Leeds Bradford → Alicante,1590,06:40,,,,145,Late Aircraft,1,129.0,101.88,1.0
FL13846,2024-02-24,2,Winter,Saturday,NovaStar,Airbus A380,Leeds Bradford,Alicante,Leeds Bradford → Alicante,1590,15:25,5.0,9.0,158.0,145,Air Traffic Control,0,169.0,147.43,3.9
FL13662,2024-02-24,2,Winter,Saturday,SkyWing Air,Airbus A320,London Heathrow,Toronto Pearson,London Heathrow → Toronto Pearson,5730,17:15,3.0,8.0,441.0,430,Technical,0,89.0,390.49,3.8
FL14556,2024-02-24,2,Winter,Saturday,CloudJet,Boeing 787,Glasgow,Dublin,Glasgow → Dublin,220,08:05,66.0,74.0,133.0,50,Technical,0,253.0,49.0,3.5
FL14476,2024-02-25,2,Winter,Sunday,AeroSwift,Airbus A320,London Gatwick,Rome Fiumicino,London Gatwick → Rome Fiumicino,1430,10:50,72.0,86.0,231.0,135,Late Aircraft,0,317.0,118.23,2.1
FL10468,2024-02-25,2,Winter,Sunday,CloudJet,Boeing 777,London Heathrow,Dubai,London Heathrow → Dubai,5490,17:30,1.0,2.0,417.0,415,Crew Availability,0,191.0,310.19,4.0
FL10293,2024-02-25,2,Winter,Sunday,SkyWing Air,Boeing 737,Edinburgh,Amsterdam,Edinburgh → Amsterdam,700,14:45,52.0,48.0,129.0,85,Crew Availability,0,353.0,49.0,2.2
FL12027,2024-02-25,2,Winter,Sunday,AeroSwift,Boeing 777,London Heathrow,Dubai,London Heathrow → Dubai,5490,10:30,0.0,0.0,425.0,415,On Time,0,256.0,321.65,3.9
FL14912,2024-02-25,2,Winter,Sunday,AeroSwift,Boeing 737,London Heathrow,Dubai,London Heathrow → Dubai,5490,16:45,0.0,9.0,433.0,415,On Time,0,148.0,312.45,4.2
FL11287,2024-02-25,2,Winter,Sunday,Atlantic Wings,Boeing 787,Manchester,Barcelona,Manchester → Barcelona,1440,19:55,102.0,114.0,249.0,130,Security,0,196.0,72.67,2.0
FL13665,2024-02-26,2,Winter,Monday,CloudJet,Airbus A380,London Gatwick,Rome Fiumicino,London Gatwick → Rome Fiumicino,1430,11:30,28.0,28.0,161.0,135,Late Aircraft,0,157.0,120.11,3.3
FL12353,2024-02-26,2,Winter,Monday,CloudJet,Boeing 737,London Heathrow,Toronto Pearson,London Heathrow → Toronto Pearson,5730,10:10,43.0,45.0,479.0,430,Air Traffic Control,0,273.0,301.21,3.5
FL11444,2024-02-26,2,Winter,Monday,CloudJet,Boeing 787,Manchester,Barcelona,Manchester → Barcelona,1440,13:15,46.0,52.0,177.0,130,Weather,0,210.0,131.88,2.1
FL11055,2024-02-26,2,Winter,Monday,SkyWing Air,Airbus A320,Glasgow,Dublin,Glasgow → Dublin,220,15:35,10.0,11.0,56.0,50,Late Aircraft,0,73.0,49.0,4.5
FL12504,2024-02-26,2,Winter,Monday,Atlantic Wings,Boeing 787,Manchester,Barcelona,Manchester → Barcelona,1440,07:00,9.0,4.0,135.0,130,Air Traffic Control,0,319.0,74.21,3.6
FL11635,2024-02-26,2,Winter,Monday,PolarAir,Embraer E190,London Stansted,Warsaw Chopin,London Stansted → Warsaw Chopin,1470,09:00,70.0,69.0,212.0,135,Late Aircraft,0,212.0,52.89,3.2
FL14475,2024-02-26,2,Winter,Monday,CloudJet,Airbus A380,London Gatwick,Rome Fiumicino,London Gatwick → Rome Fiumicino,1430,08:40,16.0,26.0,162.0,135,Air Traffic Control,0,409.0,126.76,4.1
FL12209,2024-02-26,2,Winter,Monday,NovaStar,Boeing 737,Bristol,Malaga,Bristol → Malaga,1620,10:30,3.0,10.0,165.0,145,Weather,0,63.0,110.65,3.8
FL12789,2024-02-27,2,Winter,Tuesday,PolarAir,Boeing 777,Edinburgh,Amsterdam,Edinburgh → Amsterdam,700,08:10,8.0,7.0,98.0,85,Air Traffic Control,0,104.0,49.0,3.7
FL10947,2024-02-27,2,Winter,Tuesday,NovaStar,Airbus A320,London Heathrow,Toronto Pearson,London Heathrow → Toronto Pearson,5730,08:30,0.0,3.0,435.0,430,On Time,0,331.0,342.2,3.8
FL11180,2024-02-27,2,Winter,Tuesday,NovaStar,Boeing 737,Edinburgh,Amsterdam,Edinburgh → Amsterdam,700,18:30,4.0,0.0,85.0,85,Late Aircraft,0,276.0,52.52,3.8
FL12489,2024-02-27,2,Winter,Tuesday,NovaStar,Boeing 777,Leeds Bradford,Alicante,Leeds Bradford → Alicante,1590,07:10,5.0,0.0,148.0,145,Crew Availability,0,299.0,122.53,3.3
FL13402,2024-02-28,2,Winter,Wednesday,CloudJet,Boeing 737,Birmingham,Istanbul,Birmingham → Istanbul,2680,13:25,0.0,0.0,215.0,210,On Time,0,375.0,213.85,
FL11486,2024-02-28,2,Winter,Wednesday,NovaStar,Boeing 737,Glasgow,Dublin,Glasgow → Dublin,220,12:20,0.0,4.0,57.0,50,On Time,0,313.0,49.0,4.8
FL13584,2024-02-28,2,Winter,Wednesday,NovaStar,Airbus A380,London Heathrow,New York JFK,London Heathrow → New York JFK,5570,06:25,24.0,17.0,433.0,420,Weather,0,244.0,296.6,4.4
FL13647,2024-02-28,2,Winter,Wednesday,CloudJet,Airbus A320,Manchester,Barcelona,Manchester → Barcelona,1440,10:10,2.0,0.0,133.0,130,Late Aircraft,0,410.0,77.54,3.5
FL10511,2024-02-28,2,Winter,Wednesday,PolarAir,Boeing 787,Bristol,Malaga,Bristol → Malaga,1620,18:40,28.0,31.0,185.0,145,Weather,0,134.0,132.48,4.2
FL13852,2024-02-28,2,Winter,Wednesday,PolarAir,Boeing 777,Bristol,Malaga,Bristol → Malaga,1620,22:50,0.0,11.0,165.0,145,On Time,0,347.0,148.44,3.8
FL11341,2024-02-28,2,Winter,Wednesday,CloudJet,Embraer E190,London Heathrow,Toronto Pearson,London Heathrow → Toronto Pearson,5730,16:35,8.0,3.0,443.0,430,Late Aircraft,0,224.0,355.94,4.2
FL10300,2024-02-28,2,Winter,Wednesday,NovaStar,Airbus A320,Glasgow,Dublin,Glasgow → Dublin,220,07:25,0.0,7.0,60.0,50,On Time,0,217.0,49.0,4.5
FL11066,2024-02-28,2,Winter,Wednesday,SkyWing Air,Boeing 737,London Gatwick,Rome Fiumicino,London Gatwick → Rome Fiumicino,1430,11:20,100.0,92.0,224.0,135,Late Aircraft,0,360.0,80.37,1.7
FL10684,2024-02-29,2,Winter,Thursday,Atlantic Wings,Boeing 737,Edinburgh,Amsterdam,Edinburgh → Amsterdam,700,05:30,,,,85,Weather,1,138.0,97.19,2.2
FL10086,2024-02-29,2,Winter,Thursday,CloudJet,Airbus A380,Edinburgh,Amsterdam,Edinburgh → Amsterdam,700,12:05,3.0,0.0,95.0,85,Air Traffic Control,0,329.0,49.0,
FL14565,2024-02-29,2,Winter,Thursday,PolarAir,Boeing 737,London Heathrow,Dubai,London Heathrow → Dubai,5490,14:05,25.0,26.0,450.0,415,Security,0,281.0,319.33,4.0
FL12760,2024-02-29,2,Winter,Thursday,Atlantic Wings,Airbus A320,London Stansted,Warsaw Chopin,London Stansted → Warsaw Chopin,1470,19:25,1.0,14.0,147.0,135,Crew Availability,0,172.0,147.29,4.4
FL13087,2024-02-29,2,Winter,Thursday,CloudJet,Boeing 737,London Heathrow,Dubai,London Heathrow → Dubai,5490,07:05,39.0,33.0,458.0,415,Crew Availability,0,185.0,351.6,3.0
FL12872,2024-02-29,2,Winter,Thursday,SkyWing Air,Boeing 787,Bristol,Malaga,Bristol → Malaga,1620,13:00,46.0,41.0,195.0,145,Crew Availability,0,169.0,101.11,2.7
FL12833,2024-02-29,2,Winter,Thursday,NovaStar,Airbus A320,Leeds Bradford,Alicante,Leeds Bradford → Alicante,1590,15:25,12.0,26.0,168.0,145,Late Aircraft,0,288.0,113.13,3.4
FL14496,2024-02-29,2,Winter,Thursday,AeroSwift,Boeing 787,London Stansted,Warsaw Chopin,London Stansted → Warsaw Chopin,1470,22:55,0.0,0.0,143.0,135,On Time,0,274.0,86.08,4.9
FL12890,2024-02-29,2,Winter,Thursday,SkyWing Air,Boeing 737,Leeds Bradford,Alicante,Leeds Bradford → Alicante,1590,13:40,38.0,34.0,189.0,145,Air Traffic Control,0,396.0,74.99,2.1
FL12959,2024-02-29,2,Winter,Thursday,PolarAir,Boeing 777,London Heathrow,Dubai,London Heathrow → Dubai,5490,07:30,48.0,61.0,471.0,415,Late Aircraft,0,107.0,295.13,
FL12311,2024-02-29,2,Winter,Thursday,AeroSwift,Airbus A320,Manchester,Barcelona,Manchester → Barcelona,1440,13:25,32.0,32.0,168.0,130,Late Aircraft,0,158.0,96.22,3.3
FL14629,2024-03-01,3,Spring,Friday,AeroSwift,Boeing 737,London Gatwick,Rome Fiumicino,London Gatwick → Rome Fiumicino,1430,10:50,22.0,26.0,169.0,135,Weather,0,349.0,82.11,3.3
FL10651,2024-03-01,3,Spring,Friday,AeroSwift,Boeing 787,London Heathrow,New York JFK,London Heathrow → New York JFK,5570,11:00,0.0,4.0,423.0,420,On Time,0,240.0,291.01,4.6
FL14910,2024-03-01,3,Spring,Friday,NovaStar,Airbus A320,Glasgow,Dublin,Glasgow → Dublin,220,06:15,0.0,0.0,49.0,50,On Time,0,348.0,49.0,4.3
FL13739,2024-03-01,3,Spring,Friday,PolarAir,Airbus A320,Bristol,Malaga,Bristol → Malaga,1620,16:50,0.0,15.0,163.0,145,On Time,0,270.0,142.73,4.5
FL11562,2024-03-01,3,Spring,Friday,AeroSwift,Airbus A320,Edinburgh,Amsterdam,Edinburgh → Amsterdam,700,10:05,0.0,0.0,95.0,85,On Time,0,271.0,74.0,4.2
FL10338,2024-03-01,3,Spring,Friday,CloudJet,Boeing 737,Leeds Bradford,Alicante,Leeds Bradford → Alicante,1590,22:45,24.0,17.0,159.0,145,Crew Availability,0,215.0,85.61,3.1
FL13054,2024-03-01,3,Spring,Friday,PolarAir,Boeing 737,Leeds Bradford,Alicante,Leeds Bradford → Alicante,1590,10:15,36.0,39.0,181.0,145,Late Aircraft,0,319.0,84.6,2.4
FL10392,2024-03-01,3,Spring,Friday,PolarAir,Boeing 777,Leeds Bradford,Alicante,Leeds Bradford → Alicante,1590,09:30,42.0,48.0,201.0,145,Security,0,342.0,89.05,
FL12707,2024-03-01,3,Spring,Friday,Atlantic Wings,Boeing 787,London Heathrow,Toronto Pearson,London Heathrow → Toronto Pearson,5730,16:05,151.0,155.0,588.0,430,Weather,0,372.0,411.44,2.0
FL12882,2024-03-01,3,Spring,Friday,AeroSwift,Boeing 777,London Heathrow,Singapore Changi,London Heathrow → Singapore Changi,10840,06:45,23.0,29.0,778.0,745,Weather,0,133.0,561.32,3.4
FL14067,2024-03-01,3,Spring,Friday,CloudJet,Airbus A320,Edinburgh,Amsterdam,Edinburgh → Amsterdam,700,13:15,9.0,6.0,95.0,85,Weather,0,261.0,62.87,3.4
FL10757,2024-03-01,3,Spring,Friday,SkyWing Air,Airbus A320,London Heathrow,Toronto Pearson,London Heathrow → Toronto Pearson,5730,18:20,0.0,2.0,438.0,430,On Time,0,231.0,429.01,5.0
FL10489,2024-03-02,3,Spring,Saturday,SkyWing Air,Airbus A380,Edinburgh,Amsterdam,Edinburgh → Amsterdam,700,06:50,16.0,18.0,107.0,85,Weather,0,408.0,49.0,4.5
FL11045,2024-03-02,3,Spring,Saturday,SkyWing Air,Embraer E190,Glasgow,Dublin,Glasgow → Dublin,220,07:55,0.0,12.0,66.0,50,On Time,0,367.0,49.0,4.6
FL13284,2024-03-02,3,Spring,Saturday,SkyWing Air,Airbus A320,London Stansted,Warsaw Chopin,London Stansted → Warsaw Chopin,1470,09:15,3.0,6.0,142.0,135,Crew Availability,0,395.0,112.49,3.4
FL12173,2024-03-02,3,Spring,Saturday,Atlantic Wings,Airbus A380,Leeds Bradford,Alicante,Leeds Bradford → Alicante,1590,07:45,28.0,21.0,162.0,145,Late Aircraft,0,352.0,149.44,4.4
FL13680,2024-03-02,3,Spring,Saturday,CloudJet,Boeing 787,London Heathrow,Singapore Changi,London Heathrow → Singapore Changi,10840,22:30,41.0,55.0,798.0,745,Air Traffic Control,0,408.0,652.74,2.6
FL10431,2024-03-02,3,Spring,Saturday,Atlantic Wings,Boeing 787,Glasgow,Dublin,Glasgow → Dublin,220,07:35,15.0,21.0,66.0,50,Crew Availability,0,209.0,49.0,3.3
FL14564,2024-03-03,3,Spring,Sunday,CloudJet,Airbus A320,Glasgow,Dublin,Glasgow → Dublin,220,14:20,26.0,40.0,87.0,50,Security,0,390.0,49.0,3.1
FL14402,2024-03-03,3,Spring,Sunday,Atlantic Wings,Airbus A380,London Heathrow,Singapore Changi,London Heathrow → Singapore Changi,10840,15:45,66.0,76.0,821.0,745,Security,0,312.0,736.87,3.4
FL12078,2024-03-03,3,Spring,Sunday,SkyWing Air,Embraer E190,London Heathrow,New York JFK,London Heathrow → New York JFK,5570,09:10,0.0,8.0,430.0,420,On Time,0,394.0,396.0,4.4
FL13047,2024-03-03,3,Spring,Sunday,PolarAir,Boeing 737,Glasgow,Dublin,Glasgow → Dublin,220,07:40,0.0,0.0,59.0,50,On Time,0,372.0,49.0,4.6
FL13606,2024-03-04,3,Spring,Monday,Atlantic Wings,Airbus A320,Birmingham,Istanbul,Birmingham → Istanbul,2680,18:15,,,,210,Air Traffic Control,1,167.0,215.2,2.4
FL10130,2024-03-04,3,Spring,Monday,AeroSwift,Airbus A380,London Heathrow,Singapore Changi,London Heathrow → Singapore Changi,10840,15:30,6.0,17.0,758.0,745,Late Aircraft,0,130.0,590.17,3.8
FL13223,2024-03-04,3,Spring,Monday,NovaStar,Airbus A380,London Heathrow,Singapore Changi,London Heathrow → Singapore Changi,10840,11:05,0.0,0.0,748.0,745,On Time,0,60.0,584.83,4.6
FL11534,2024-03-04,3,Spring,Monday,PolarAir,Boeing 787,London Heathrow,New York JFK,London Heathrow → New York JFK,5570,13:45,7.0,18.0,447.0,420,Air Traffic Control,0,157.0,331.75,3.0
FL11965,2024-03-04,3,Spring,Monday,SkyWing Air,Boeing 737,London Heathrow,Toronto Pearson,London Heathrow → Toronto Pearson,5730,21:00,17.0,9.0,436.0,430,Security,0,274.0,392.11,4.0
FL14328,2024-03-04,3,Spring,Monday,SkyWing Air,Airbus A320,London Heathrow,Dubai,London Heathrow → Dubai,5490,15:25,11.0,8.0,418.0,415,Air Traffic Control,0,130.0,391.98,4.4
FL14775,2024-03-04,3,Spring,Monday,Atlantic Wings,Airbus A320,London Stansted,Warsaw Chopin,London Stansted → Warsaw Chopin,1470,10:40,,,,135,Air Traffic Control,1,352.0,86.35,2.2
FL10222,2024-03-05,3,Spring,Tuesday,AeroSwift,Airbus A320,London Heathrow,Singapore Changi,London Heathrow → Singapore Changi,10840,15:30,0.0,4.0,747.0,745,On Time,0,305.0,581.89,4.7
FL11730,2024-03-05,3,Spring,Tuesday,CloudJet,Airbus A380,London Stansted,Warsaw Chopin,London Stansted → Warsaw Chopin,1470,15:00,7.0,5.0,143.0,135,Technical,0,378.0,152.57,3.6
FL11560,2024-03-05,3,Spring,Tuesday,SkyWing Air,Airbus A380,London Stansted,Warsaw Chopin,London Stansted → Warsaw Chopin,1470,16:10,19.0,15.0,155.0,135,Crew Availability,0,378.0,130.71,4.1
FL10036,2024-03-05,3,Spring,Tuesday,NovaStar,Airbus A380,Leeds Bradford,Alicante,Leeds Bradford → Alicante,1590,05:45,9.0,16.0,164.0,145,Technical,0,283.0,92.09,3.7
FL10801,2024-03-05,3,Spring,Tuesday,SkyWing Air,Airbus A320,London Heathrow,New York JFK,London Heathrow → New York JFK,5570,10:55,16.0,11.0,434.0,420,Security,0,159.0,400.93,4.0
FL11093,2024-03-05,3,Spring,Tuesday,Atlantic Wings,Airbus A320,Manchester,Barcelona,Manchester → Barcelona,1440,20:55,13.0,18.0,146.0,130,Technical,0,218.0,85.45,4.4
FL13673,2024-03-05,3,Spring,Tuesday,NovaStar,Airbus A380,Leeds Bradford,Alicante,Leeds Bradford → Alicante,1590,15:15,5.0,8.0,149.0,145,Weather,0,192.0,90.1,3.2
FL10042,2024-03-06,3,Spring,Wednesday,PolarAir,Airbus A320,London Heathrow,Dubai,London Heathrow → Dubai,5490,09:25,4.0,10.0,424.0,415,Crew Availability,0,282.0,352.38,3.3
FL10540,2024-03-06,3,Spring,Wednesday,NovaStar,Airbus A320,Bristol,Malaga,Bristol → Malaga,1620,20:30,31.0,25.0,165.0,145,Security,0,175.0,72.52,3.5
FL12849,2024-03-06,3,Spring,Wednesday,PolarAir,Boeing 777,Birmingham,Istanbul,Birmingham → Istanbul,2680,09:00,59.0,71.0,282.0,210,Late Aircraft,0,362.0,201.61,3.0
FL11269,2024-03-07,3,Spring,Thursday,Atlantic Wings,Airbus A320,London Heathrow,New York JFK,London Heathrow → New York JFK,5570,16:00,20.0,29.0,457.0,420,Security,0,321.0,351.46,3.4
FL13213,2024-03-07,3,Spring,Thursday,CloudJet,Boeing 777,London Heathrow,New York JFK,London Heathrow → New York JFK,5570,09:55,67.0,64.0,490.0,420,Air Traffic Control,0,170.0,366.96,2.2
FL13243,2024-03-07,3,Spring,Thursday,CloudJet,Boeing 737,Glasgow,Dublin,Glasgow → Dublin,220,22:45,9.0,11.0,57.0,50,Air Traffic Control,0,,53.21,4.0
FL10817,2024-03-07,3,Spring,Thursday,AeroSwift,Airbus A320,Manchester,Barcelona,Manchester → Barcelona,1440,09:40,0.0,6.0,133.0,130,On Time,0,237.0,70.2,
FL11968,2024-03-07,3,Spring,Thursday,NovaStar,Embraer E190,London Heathrow,New York JFK,London Heathrow → New York JFK,5570,07:50,4.0,4.0,426.0,420,Technical,0,171.0,324.7,4.5
FL13071,2024-03-07,3,Spring,Thursday,PolarAir,Airbus A320,Birmingham,Istanbul,Birmingham → Istanbul,2680,12:35,30.0,25.0,230.0,210,Technical,0,369.0,135.51,3.5
FL10191,2024-03-08,3,Spring,Friday,Atlantic Wings,Airbus A320,Manchester,Barcelona,Manchester → Barcelona,1440,19:15,0.0,15.0,143.0,130,On Time,0,112.0,134.74,4.2
FL12888,2024-03-08,3,Spring,Friday,PolarAir,Embraer E190,London Gatwick,Rome Fiumicino,London Gatwick → Rome Fiumicino,1430,13:00,46.0,59.0,192.0,135,Security,0,147.0,63.56,3.0
FL13682,2024-03-08,3,Spring,Friday,PolarAir,Boeing 777,London Heathrow,Toronto Pearson,London Heathrow → Toronto Pearson,5730,12:10,2.0,7.0,443.0,430,Technical,0,,338.37,3.2
FL13886,2024-03-08,3,Spring,Friday,CloudJet,Airbus A320,London Heathrow,Toronto Pearson,London Heathrow → Toronto Pearson,5730,15:00,30.0,26.0,456.0,430,Technical,0,,359.03,3.2
FL14263,2024-03-08,3,Spring,Friday,AeroSwift,Boeing 787,London Stansted,Warsaw Chopin,London Stansted → Warsaw Chopin,1470,12:10,0.0,10.0,151.0,135,On Time,0,163.0,76.63,4.3
FL10983,2024-03-08,3,Spring,Friday,CloudJet,Airbus A320,London Heathrow,Toronto Pearson,London Heathrow → Toronto Pearson,5730,20:55,23.0,25.0,461.0,430,Late Aircraft,0,166.0,386.32,3.5
FL11983,2024-03-08,3,Spring,Friday,SkyWing Air,Boeing 737,Glasgow,Dublin,Glasgow → Dublin,220,06:45,,,,50,Weather,1,100.0,53.99,2.4
FL14440,2024-03-08,3,Spring,Friday,NovaStar,Airbus A320,London Heathrow,Singapore Changi,London Heathrow → Singapore Changi,10840,13:30,3.0,14.0,762.0,745,Technical,0,359.0,587.49,4.0
FL10483,2024-03-09,3,Spring,Saturday,Atlantic Wings,Airbus A320,London Stansted,Warsaw Chopin,London Stansted → Warsaw Chopin,1470,20:05,29.0,22.0,159.0,135,Air Traffic Control,0,301.0,180.27,4.4
FL14256,2024-03-09,3,Spring,Saturday,CloudJet,Airbus A320,London Heathrow,Singapore Changi,London Heathrow → Singapore Changi,10840,08:50,1.0,6.0,761.0,745,Late Aircraft,0,339.0,628.06,3.8
FL11197,2024-03-09,3,Spring,Saturday,SkyWing Air,Airbus A320,Birmingham,Istanbul,Birmingham → Istanbul,2680,07:35,6.0,18.0,228.0,210,Technical,0,309.0,240.0,3.4
FL13796,2024-03-09,3,Spring,Saturday,AeroSwift,Embraer E190,Birmingham,Istanbul,Birmingham → Istanbul,2680,15:00,7.0,12.0,222.0,210,Technical,0,73.0,159.57,3.5
FL12847,2024-03-09,3,Spring,Saturday,AeroSwift,Boeing 777,Glasgow,Dublin,Glasgow → Dublin,220,14:20,1.0,7.0,65.0,50,Late Aircraft,0,415.0,51.05,4.4
FL11014,2024-03-09,3,Spring,Saturday,AeroSwift,Boeing 737,Edinburgh,Amsterdam,Edinburgh → Amsterdam,700,08:15,3.0,0.0,83.0,85,Weather,0,197.0,49.0,4.2
FL14827,2024-03-09,3,Spring,Saturday,SkyWing Air,Airbus A380,London Heathrow,New York JFK,London Heathrow → New York JFK,5570,15:40,26.0,18.0,448.0,420,Late Aircraft,0,302.0,367.88,4.0
FL12913,2024-03-09,3,Spring,Saturday,NovaStar,Airbus A320,London Stansted,Warsaw Chopin,London Stansted → Warsaw Chopin,1470,12:00,19.0,23.0,155.0,135,Security,0,141.0,62.14,3.7
FL11584,2024-03-09,3,Spring,Saturday,SkyWing Air,Boeing 777,Birmingham,Istanbul,Birmingham → Istanbul,2680,11:45,66.0,62.0,275.0,210,Technical,0,214.0,161.22,2.1
FL10082,2024-03-09,3,Spring,Saturday,Atlantic Wings,Boeing 787,London Heathrow,New York JFK,London Heathrow → New York JFK,5570,06:45,63.0,58.0,479.0,420,Security,0,139.0,341.15,3.0
FL11771,2024-03-09,3,Spring,Saturday,AeroSwift,Airbus A380,London Gatwick,Rome Fiumicino,London Gatwick → Rome Fiumicino,1430,14:45,0.0,0.0,145.0,135,On Time,0,385.0,61.69,4.1
FL12261,2024-03-10,3,Spring,Sunday,CloudJet,Airbus A320,London Stansted,Warsaw Chopin,London Stansted → Warsaw Chopin,1470,13:20,36.0,44.0,186.0,135,Late Aircraft,0,257.0,137.25,2.9
FL12295,2024-03-10,3,Spring,Sunday,NovaStar,Boeing 737,London Heathrow,Toronto Pearson,London Heathrow → Toronto Pearson,5730,13:25,0.0,13.0,453.0,430,On Time,0,418.0,321.79,5.0
FL12339,2024-03-10,3,Spring,Sunday,PolarAir,Airbus A320,Leeds Bradford,Alicante,Leeds Bradford → Alicante,1590,09:55,9.0,21.0,167.0,145,Late Aircraft,0,245.0,124.22,3.8
FL12155,2024-03-10,3,Spring,Sunday,SkyWing Air,Boeing 737,London Heathrow,New York JFK,London Heathrow → New York JFK,5570,13:00,12.0,6.0,434.0,420,Security,0,389.0,360.7,4.5
FL13403,2024-03-10,3,Spring,Sunday,CloudJet,Boeing 787,London Heathrow,Singapore Changi,London Heathrow → Singapore Changi,10840,11:35,39.0,32.0,773.0,745,Crew Availability,0,213.0,637.32,3.0
FL11949,2024-03-10,3,Spring,Sunday,NovaStar,Boeing 777,Glasgow,Dublin,Glasgow → Dublin,220,09:35,0.0,0.0,50.0,50,On Time,0,81.0,49.0,4.1
FL14758,2024-03-10,3,Spring,Sunday,CloudJet,Boeing 787,Birmingham,Istanbul,Birmingham → Istanbul,2680,10:45,85.0,81.0,288.0,210,Technical,0,269.0,165.98,3.1
FL12744,2024-03-11,3,Spring,Monday,CloudJet,,London Heathrow,Toronto Pearson,London Heathrow → Toronto Pearson,5730,22:30,47.0,50.0,486.0,430,Air Traffic Control,0,289.0,390.09,3.2
FL10821,2024-03-11,3,Spring,Monday,CloudJet,Airbus A320,London Heathrow,Toronto Pearson,London Heathrow → Toronto Pearson,5730,06:00,15.0,12.0,448.0,430,Air Traffic Control,0,273.0,348.46,3.0
FL13798,2024-03-11,3,Spring,Monday,NovaStar,Airbus A380,Manchester,Barcelona,Manchester → Barcelona,1440,08:40,4.0,12.0,137.0,130,Technical,0,302.0,117.01,4.0
FL12333,2024-03-11,3,Spring,Monday,AeroSwift,Boeing 787,London Heathrow,Toronto Pearson,London Heathrow → Toronto Pearson,5730,06:10,0.0,10.0,440.0,430,On Time,0,270.0,293.87,3.8
FL12032,2024-03-12,3,Spring,Tuesday,CloudJet,Boeing 777,London Heathrow,New York JFK,London Heathrow → New York JFK,5570,12:40,,,,420,Security,1,315.0,372.57,1.7
FL13605,2024-03-12,3,Spring,Tuesday,NovaStar,Boeing 737,Birmingham,Istanbul,Birmingham → Istanbul,2680,13:15,0.0,12.0,229.0,210,On Time,0,82.0,113.43,4.2
FL11727,2024-03-12,3,Spring,Tuesday,AeroSwift,Boeing 737,London Heathrow,New York JFK,London Heathrow → New York JFK,5570,15:10,17.0,13.0,429.0,420,Weather,0,406.0,287.82,3.8
FL14436,2024-03-12,3,Spring,Tuesday,AeroSwift,,London Heathrow,New York JFK,London Heathrow → New York JFK,5570,12:50,0.0,13.0,434.0,420,On Time,0,163.0,305.44,4.2
FL10988,2024-03-12,3,Spring,Tuesday,SkyWing Air,Boeing 737,London Heathrow,Toronto Pearson,London Heathrow → Toronto Pearson,5730,06:05,12.0,19.0,444.0,430,Technical,0,258.0,441.27,4.2
FL14932,2024-03-12,3,Spring,Tuesday,PolarAir,Boeing 777,London Stansted,Warsaw Chopin,London Stansted → Warsaw Chopin,1470,15:55,62.0,65.0,207.0,135,Security,0,72.0,57.02,2.7
FL13518,2024-03-12,3,Spring,Tuesday,AeroSwift,Airbus A320,Birmingham,Istanbul,Birmingham → Istanbul,2680,09:15,1.0,6.0,222.0,210,Crew Availability,0,92.0,135.96,3.1
FL12775,2024-03-12,3,Spring,Tuesday,Atlantic Wings,Boeing 787,London Heathrow,Dubai,London Heathrow → Dubai,5490,12:15,7.0,12.0,424.0,415,Technical,0,90.0,325.55,3.8
FL14149,2024-03-13,3,Spring,Wednesday,NovaStar,Airbus A320,London Stansted,Warsaw Chopin,London Stansted → Warsaw Chopin,1470,18:25,34.0,30.0,175.0,135,Weather,0,209.0,91.95,3.3
FL12412,2024-03-13,3,Spring,Wednesday,CloudJet,Boeing 737,London Heathrow,New York JFK,London Heathrow → New York JFK,5570,21:00,6.0,15.0,434.0,420,Security,0,259.0,361.71,3.4
FL12017,2024-03-13,3,Spring,Wednesday,Atlantic Wings,Airbus A320,Manchester,Barcelona,Manchester → Barcelona,1440,20:35,0.0,0.0,131.0,130,On Time,0,346.0,140.82,4.8
FL10751,2024-03-13,3,Spring,Wednesday,Atlantic Wings,Airbus A380,Leeds Bradford,Alicante,Leeds Bradford → Alicante,1590,19:05,45.0,60.0,209.0,145,Crew Availability,0,333.0,131.36,2.7
FL14080,2024-03-13,3,Spring,Wednesday,AeroSwift,Airbus A320,London Stansted,Warsaw Chopin,London Stansted → Warsaw Chopin,1470,11:15,7.0,3.0,140.0,135,Late Aircraft,0,266.0,108.05,3.0
FL14685,2024-03-14,3,Spring,Thursday,Atlantic Wings,Boeing 777,London Heathrow,Toronto Pearson,London Heathrow → Toronto Pearson,5730,14:15,12.0,9.0,443.0,430,Late Aircraft,0,142.0,384.28,3.7
FL13663,2024-03-14,3,Spring,Thursday,AeroSwift,Boeing 737,Manchester,Barcelona,Manchester → Barcelona,1440,21:05,11.0,3.0,138.0,130,Crew Availability,0,307.0,51.96,4.1
FL11556,2024-03-14,3,Spring,Thursday,NovaStar,Boeing 777,London Heathrow,Dubai,London Heathrow → Dubai,5490,11:20,29.0,40.0,454.0,415,Late Aircraft,0,351.0,319.59,4.4
FL13926,2024-03-14,3,Spring,Thursday,PolarAir,Boeing 737,Bristol,Malaga,Bristol → Malaga,1620,14:45,0.0,13.0,168.0,145,On Time,0,326.0,65.94,4.0
FL11338,2024-03-14,3,Spring,Thursday,PolarAir,Boeing 787,Birmingham,Istanbul,Birmingham → Istanbul,2680,09:00,24.0,29.0,249.0,210,Technical,0,372.0,190.99,3.9
FL11623,2024-03-14,3,Spring,Thursday,CloudJet,Embraer E190,London Gatwick,Rome Fiumicino,London Gatwick → Rome Fiumicino,1430,07:55,34.0,46.0,177.0,135,Late Aircraft,0,403.0,79.69,3.3
FL11661,2024-03-14,3,Spring,Thursday,SkyWing Air,Airbus A320,Manchester,Barcelona,Manchester → Barcelona,1440,11:40,10.0,8.0,138.0,130,Air Traffic Control,0,87.0,114.06,4.1
FL10653,2024-03-14,3,Spring,Thursday,NovaStar,Boeing 777,Birmingham,Istanbul,Birmingham → Istanbul,2680,07:50,1.0,14.0,228.0,210,Crew Availability,0,379.0,121.99,4.2
FL14321,2024-03-14,3,Spring,Thursday,Atlantic Wings,Boeing 737,Edinburgh,Amsterdam,Edinburgh → Amsterdam,700,06:00,,,,85,Weather,1,285.0,119.12,1.1
FL12063,2024-03-15,3,Spring,Friday,CloudJet,Embraer E190,Glasgow,Dublin,Glasgow → Dublin,220,08:35,0.0,0.0,60.0,50,On Time,0,228.0,74.05,4.3
FL14754,2024-03-15,3,Spring,Friday,PolarAir,Boeing 737,London Gatwick,Rome Fiumicino,London Gatwick → Rome Fiumicino,1430,15:50,8.0,9.0,146.0,135,Security,0,183.0,129.46,3.6
FL14620,2024-03-15,3,Spring,Friday,AeroSwift,Boeing 737,Bristol,Malaga,Bristol → Malaga,1620,06:05,0.0,0.0,142.0,145,On Time,0,365.0,88.75,4.4
FL12483,2024-03-15,3,Spring,Friday,CloudJet,Boeing 737,Edinburgh,Amsterdam,Edinburgh → Amsterdam,700,08:45,0.0,0.0,82.0,85,On Time,0,172.0,49.0,
FL13729,2024-03-15,3,Spring,Friday,AeroSwift,Boeing 787,London Stansted,Warsaw Chopin,London Stansted → Warsaw Chopin,1470,09:30,45.0,48.0,184.0,135,Security,0,110.0,91.28,3.2
FL14201,2024-03-15,3,Spring,Friday,Atlantic Wings,Airbus A320,London Heathrow,Dubai,London Heathrow → Dubai,5490,06:00,,,,415,Late Aircraft,1,95.0,406.64,1.9
FL10553,2024-03-15,3,Spring,Friday,Atlantic Wings,Boeing 787,Edinburgh,Amsterdam,Edinburgh → Amsterdam,700,14:45,1.0,10.0,94.0,85,Air Traffic Control,0,227.0,66.72,3.4
FL14989,2024-03-16,3,Spring,Saturday,PolarAir,Embraer E190,Glasgow,Dublin,Glasgow → Dublin,220,22:15,42.0,55.0,113.0,50,Security,0,307.0,49.0,2.5
FL12490,2024-03-16,3,Spring,Saturday,PolarAir,Boeing 737,London Heathrow,Singapore Changi,London Heathrow → Singapore Changi,10840,18:25,8.0,9.0,761.0,745,Security,0,104.0,723.43,3.8
FL11981,2024-03-16,3,Spring,Saturday,SkyWing Air,Airbus A320,Leeds Bradford,Alicante,Leeds Bradford → Alicante,1590,10:05,0.0,9.0,160.0,145,On Time,0,,99.91,4.1
FL11491,2024-03-16,3,Spring,Saturday,Atlantic Wings,Airbus A320,London Heathrow,Singapore Changi,London Heathrow → Singapore Changi,10840,22:50,4.0,1.0,746.0,745,Late Aircraft,0,343.0,705.89,4.0
FL14012,2024-03-16,3,Spring,Saturday,CloudJet,Boeing 737,London Heathrow,Singapore Changi,London Heathrow → Singapore Changi,10840,06:30,2.0,2.0,749.0,745,Security,0,322.0,673.31,4.3
FL14322,2024-03-16,3,Spring,Saturday,AeroSwift,Boeing 777,Manchester,Barcelona,Manchester → Barcelona,1440,19:25,44.0,39.0,177.0,130,Late Aircraft,0,124.0,71.48,2.1
FL10716,2024-03-17,3,Spring,Sunday,CloudJet,Airbus A380,Edinburgh,Amsterdam,Edinburgh → Amsterdam,700,15:15,0.0,4.0,87.0,85,On Time,0,200.0,89.06,4.9
FL14202,2024-03-17,3,Spring,Sunday,Atlantic Wings,Boeing 787,London Gatwick,Rome Fiumicino,London Gatwick → Rome Fiumicino,1430,08:55,14.0,16.0,147.0,135,Security,0,244.0,81.6,4.1
FL10028,2024-03-17,3,Spring,Sunday,SkyWing Air,Boeing 787,London Heathrow,Toronto Pearson,London Heathrow → Toronto Pearson,5730,06:45,0.0,0.0,434.0,430,On Time,0,319.0,381.71,4.2
FL12437,2024-03-17,3,Spring,Sunday,Atlantic Wings,Airbus A320,London Gatwick,Rome Fiumicino,London Gatwick → Rome Fiumicino,1430,15:50,11.0,7.0,144.0,135,Air Traffic Control,0,284.0,68.26,3.8
FL12620,2024-03-17,3,Spring,Sunday,AeroSwift,Boeing 777,Manchester,Barcelona,Manchester → Barcelona,1440,09:25,34.0,35.0,169.0,130,Weather,0,61.0,77.9,2.8
FL10764,2024-03-17,3,Spring,Sunday,SkyWing Air,Boeing 737,Leeds Bradford,Alicante,Leeds Bradford → Alicante,1590,06:05,16.0,24.0,177.0,145,Late Aircraft,0,241.0,130.59,3.2
FL13867,2024-03-18,3,Spring,Monday,AeroSwift,Airbus A320,London Heathrow,Toronto Pearson,London Heathrow → Toronto Pearson,5730,06:35,6.0,13.0,442.0,430,Air Traffic Control,0,74.0,357.1,3.1
FL13616,2024-03-18,3,Spring,Monday,NovaStar,Boeing 777,Leeds Bradford,Alicante,Leeds Bradford → Alicante,1590,11:45,0.0,15.0,159.0,145,On Time,0,190.0,128.25,4.4
FL12460,2024-03-18,3,Spring,Monday,AeroSwift,Embraer E190,London Gatwick,Rome Fiumicino,London Gatwick → Rome Fiumicino,1430,07:45,20.0,27.0,162.0,135,Late Aircraft,0,363.0,116.12,3.3
FL10694,2024-03-19,3,Spring,Tuesday,PolarAir,Boeing 777,London Heathrow,Singapore Changi,London Heathrow → Singapore Changi,10840,09:20,16.0,27.0,779.0,745,Weather,0,279.0,668.08,3.3
FL10265,2024-03-19,3,Spring,Tuesday,NovaStar,Boeing 787,Bristol,Malaga,Bristol → Malaga,1620,18:10,33.0,30.0,174.0,145,Crew Availability,0,113.0,118.37,2.6
FL12677,2024-03-19,3,Spring,Tuesday,CloudJet,Boeing 787,London Heathrow,Singapore Changi,London Heathrow → Singapore Changi,10840,20:25,0.0,0.0,753.0,745,On Time,0,260.0,713.72,4.2
FL13159,2024-03-19,3,Spring,Tuesday,NovaStar,Airbus A380,London Heathrow,Toronto Pearson,London Heathrow → Toronto Pearson,5730,11:40,0.0,4.0,440.0,430,On Time,0,290.0,279.61,4.2
FL12619,2024-03-19,3,Spring,Tuesday,AeroSwift,Embraer E190,London Gatwick,Rome Fiumicino,London Gatwick → Rome Fiumicino,1430,17:55,0.0,13.0,144.0,135,On Time,0,177.0,70.13,4.9
FL12248,2024-03-19,3,Spring,Tuesday,CloudJet,Boeing 737,London Heathrow,Dubai,London Heathrow → Dubai,5490,09:20,0.0,0.0,422.0,415,On Time,0,180.0,359.75,4.4
FL14188,2024-03-19,3,Spring,Tuesday,CloudJet,Embraer E190,London Heathrow,Toronto Pearson,London Heathrow → Toronto Pearson,5730,14:55,,,,430,Crew Availability,1,289.0,381.54,2.0
FL12111,2024-03-19,3,Spring,Tuesday,CloudJet,Embraer E190,Leeds Bradford,Alicante,Leeds Bradford → Alicante,1590,17:05,26.0,18.0,163.0,145,Technical,0,233.0,166.43,3.2
FL13563,2024-03-20,3,Spring,Wednesday,Atlantic Wings,Boeing 777,Leeds Bradford,Alicante,Leeds Bradford → Alicante,1590,11:55,14.0,26.0,166.0,145,Air Traffic Control,0,227.0,79.55,3.1
FL10345,2024-03-20,3,Spring,Wednesday,PolarAir,Embraer E190,London Heathrow,Dubai,London Heathrow → Dubai,5490,22:15,0.0,11.0,421.0,415,On Time,0,384.0,326.02,4.7
FL12430,2024-03-20,3,Spring,Wednesday,SkyWing Air,Airbus A320,London Stansted,Warsaw Chopin,London Stansted → Warsaw Chopin,1470,19:05,34.0,26.0,164.0,135,Technical,0,122.0,138.25,3.4
FL14840,2024-03-20,3,Spring,Wednesday,PolarAir,Boeing 777,Leeds Bradford,Alicante,Leeds Bradford → Alicante,1590,16:00,1.0,0.0,150.0,145,Air Traffic Control,0,,160.59,4.0
FL10160,2024-03-20,3,Spring,Wednesday,Atlantic Wings,Boeing 777,Birmingham,Istanbul,Birmingham → Istanbul,2680,10:05,1.0,0.0,211.0,210,Technical,0,414.0,172.82,4.3
FL13767,2024-03-20,3,Spring,Wednesday,PolarAir,Boeing 777,Glasgow,Dublin,Glasgow → Dublin,220,11:25,10.0,16.0,72.0,50,Technical,0,193.0,49.0,4.3
FL13363,2024-03-20,3,Spring,Wednesday,SkyWing Air,Airbus A320,Edinburgh,Amsterdam,Edinburgh → Amsterdam,700,09:55,0.0,4.0,86.0,85,On Time,0,280.0,87.73,3.9
FL13968,2024-03-20,3,Spring,Wednesday,CloudJet,Airbus A320,Glasgow,Dublin,Glasgow → Dublin,220,07:10,31.0,36.0,90.0,50,Air Traffic Control,0,382.0,76.62,3.2
FL13251,2024-03-20,3,Spring,Wednesday,Atlantic Wings,Boeing 737,Edinburgh,Amsterdam,Edinburgh → Amsterdam,700,14:25,29.0,43.0,131.0,85,Weather,0,320.0,99.49,4.3
FL10423,2024-03-20,3,Spring,Wednesday,NovaStar,Embraer E190,Edinburgh,Amsterdam,Edinburgh → Amsterdam,700,11:45,0.0,10.0,90.0,85,On Time,0,273.0,49.0,5.0
FL12232,2024-03-21,3,Spring,Thursday,AeroSwift,Airbus A320,London Heathrow,Toronto Pearson,London Heathrow → Toronto Pearson,5730,08:40,9.0,10.0,439.0,430,Air Traffic Control,0,273.0,320.54,3.3
FL13571,2024-03-21,3,Spring,Thursday,NovaStar,Airbus A380,Birmingham,Istanbul,Birmingham → Istanbul,2680,10:00,4.0,2.0,210.0,210,Late Aircraft,0,393.0,173.73,4.2
FL14938,2024-03-21,3,Spring,Thursday,CloudJet,Boeing 737,Bristol,Malaga,Bristol → Malaga,1620,06:10,8.0,17.0,165.0,145,Weather,0,405.0,93.14,3.2
FL11448,2024-03-21,3,Spring,Thursday,CloudJet,Boeing 787,Edinburgh,Amsterdam,Edinburgh → Amsterdam,700,14:55,1.0,1.0,93.0,85,Air Traffic Control,0,83.0,49.0,4.5
FL12192,2024-03-21,3,Spring,Thursday,Atlantic Wings,Airbus A320,London Heathrow,Toronto Pearson,London Heathrow → Toronto Pearson,5730,13:05,62.0,70.0,501.0,430,Late Aircraft,0,76.0,401.92,2.1
FL13517,2024-03-22,3,Spring,Friday,CloudJet,Boeing 737,Leeds Bradford,Alicante,Leeds Bradford → Alicante,1590,06:35,19.0,17.0,171.0,145,Weather,0,208.0,68.86,3.9
FL13471,2024-03-22,3,Spring,Friday,NovaStar,Boeing 787,Glasgow,Dublin,Glasgow → Dublin,220,11:05,0.0,0.0,54.0,50,On Time,0,374.0,49.0,4.2
FL14946,2024-03-22,3,Spring,Friday,Atlantic Wings,Boeing 777,Edinburgh,Amsterdam,Edinburgh → Amsterdam,700,07:20,,,,85,Weather,1,352.0,81.88,2.4
FL13134,2024-03-22,3,Spring,Friday,SkyWing Air,Boeing 777,Bristol,Malaga,Bristol → Malaga,1620,22:15,2.0,13.0,158.0,145,Air Traffic Control,0,386.0,168.08,4.4
FL14830,2024-03-22,3,Spring,Friday,NovaStar,Boeing 777,London Heathrow,Dubai,London Heathrow → Dubai,5490,08:05,2.0,12.0,425.0,415,Security,0,302.0,264.9,3.4
FL14816,2024-03-22,3,Spring,Friday,Atlantic Wings,Boeing 787,Birmingham,Istanbul,Birmingham → Istanbul,2680,22:15,244.0,251.0,471.0,210,Weather,0,326.0,158.18,2.1
FL10027,2024-03-22,3,Spring,Friday,NovaStar,Boeing 737,Glasgow,Dublin,Glasgow → Dublin,220,13:45,20.0,13.0,71.0,50,Crew Availability,0,60.0,54.89,3.8
FL14007,2024-03-23,3,Spring,Saturday,PolarAir,Airbus A320,London Heathrow,New York JFK,London Heathrow → New York JFK,5570,13:50,7.0,22.0,448.0,420,Security,0,411.0,294.38,3.7
FL14362,2024-03-23,3,Spring,Saturday,CloudJet,Boeing 777,Glasgow,Dublin,Glasgow → Dublin,220,14:25,34.0,40.0,92.0,50,Weather,0,172.0,49.0,2.2
FL10602,2024-03-23,3,Spring,Saturday,AeroSwift,Airbus A320,Edinburgh,Amsterdam,Edinburgh → Amsterdam,700,12:20,45.0,39.0,125.0,85,Air Traffic Control,0,119.0,49.0,2.9
FL14951,2024-03-24,3,Spring,Sunday,CloudJet,Embraer E190,Edinburgh,Amsterdam,Edinburgh → Amsterdam,700,08:50,3.0,15.0,99.0,85,Crew Availability,0,398.0,56.32,3.1
FL14459,2024-03-24,3,Spring,Sunday,NovaStar,Airbus A320,London Stansted,Warsaw Chopin,London Stansted → Warsaw Chopin,1470,18:05,0.0,0.0,136.0,135,On Time,0,161.0,86.38,5.0
FL13644,2024-03-24,3,Spring,Sunday,PolarAir,Boeing 777,Birmingham,Istanbul,Birmingham → Istanbul,2680,08:50,54.0,51.0,271.0,210,Weather,0,60.0,145.94,3.5
FL14433,2024-03-24,3,Spring,Sunday,NovaStar,Airbus A380,London Heathrow,Singapore Changi,London Heathrow → Singapore Changi,10840,08:00,0.0,11.0,761.0,745,On Time,0,391.0,582.4,4.2
FL14015,2024-03-24,3,Spring,Sunday,Atlantic Wings,Boeing 787,London Gatwick,Rome Fiumicino,London Gatwick → Rome Fiumicino,1430,11:55,30.0,34.0,170.0,135,Security,0,290.0,50.97,4.1
FL12754,2024-03-24,3,Spring,Sunday,SkyWing Air,Boeing 777,London Stansted,Warsaw Chopin,London Stansted → Warsaw Chopin,1470,09:35,32.0,39.0,172.0,135,Weather,0,263.0,175.43,3.5
FL10736,2024-03-24,3,Spring,Sunday,Atlantic Wings,,London Gatwick,Rome Fiumicino,London Gatwick → Rome Fiumicino,1430,15:55,127.0,135.0,267.0,135,Technical,0,358.0,140.25,1.0
FL11462,2024-03-24,3,Spring,Sunday,CloudJet,Airbus A320,Edinburgh,Amsterdam,Edinburgh → Amsterdam,700,15:10,3.0,0.0,85.0,85,Late Aircraft,0,345.0,87.8,3.8
FL10630,2024-03-25,3,Spring,Monday,AeroSwift,Airbus A320,Manchester,Barcelona,Manchester → Barcelona,1440,10:30,,,,130,Crew Availability,1,161.0,55.08,1.2
FL14122,2024-03-25,3,Spring,Monday,CloudJet,Airbus A320,London Heathrow,Singapore Changi,London Heathrow → Singapore Changi,10840,15:45,0.0,8.0,754.0,745,On Time,0,255.0,675.16,4.1
FL13214,2024-03-25,3,Spring,Monday,AeroSwift,Airbus A380,Birmingham,Istanbul,Birmingham → Istanbul,2680,06:40,5.0,6.0,216.0,210,Air Traffic Control,0,213.0,150.64,4.4
FL12756,2024-03-25,3,Spring,Monday,AeroSwift,Boeing 737,London Heathrow,Dubai,London Heathrow → Dubai,5490,12:25,0.0,0.0,414.0,415,On Time,0,285.0,288.57,4.3
FL12346,2024-03-25,3,Spring,Monday,CloudJet,Boeing 777,London Heathrow,Toronto Pearson,London Heathrow → Toronto Pearson,5730,16:25,18.0,25.0,465.0,430,Crew Availability,0,307.0,362.78,4.2
FL12657,2024-03-25,3,Spring,Monday,PolarAir,Airbus A380,Edinburgh,Amsterdam,Edinburgh → Amsterdam,700,09:25,,,,85,Air Traffic Control,1,151.0,56.05,2.5
FL11546,2024-03-26,3,Spring,Tuesday,CloudJet,Boeing 777,London Gatwick,Rome Fiumicino,London Gatwick → Rome Fiumicino,1430,16:15,9.0,23.0,157.0,135,Air Traffic Control,0,120.0,118.39,3.5
FL13359,2024-03-26,3,Spring,Tuesday,SkyWing Air,Boeing 777,London Stansted,Warsaw Chopin,London Stansted → Warsaw Chopin,1470,05:50,23.0,27.0,163.0,135,Technical,0,238.0,134.28,3.4
FL13133,2024-03-26,3,Spring,Tuesday,CloudJet,Airbus A320,London Heathrow,Toronto Pearson,London Heathrow → Toronto Pearson,5730,15:40,24.0,31.0,469.0,430,Late Aircraft,0,219.0,344.99,3.8
FL13079,2024-03-26,3,Spring,Tuesday,Atlantic Wings,Airbus A320,Glasgow,Dublin,Glasgow → Dublin,220,22:30,17.0,16.0,73.0,50,Security,0,166.0,49.0,4.2
FL11902,2024-03-26,3,Spring,Tuesday,PolarAir,Airbus A320,London Heathrow,Singapore Changi,London Heathrow → Singapore Changi,10840,09:25,5.0,0.0,740.0,745,Late Aircraft,0,245.0,676.21,3.5
FL13910,2024-03-26,3,Spring,Tuesday,CloudJet,Boeing 777,London Heathrow,New York JFK,London Heathrow → New York JFK,5570,11:40,58.0,72.0,500.0,420,Crew Availability,0,380.0,345.36,2.9
FL13380,2024-03-27,3,Spring,Wednesday,CloudJet,Embraer E190,London Heathrow,Toronto Pearson,London Heathrow → Toronto Pearson,5730,08:35,0.0,10.0,436.0,430,On Time,0,237.0,332.41,5.0
FL12986,2024-03-27,3,Spring,Wednesday,Atlantic Wings,Boeing 777,Manchester,Barcelona,Manchester → Barcelona,1440,22:55,16.0,8.0,138.0,130,Late Aircraft,0,382.0,166.13,4.0
FL14036,2024-03-27,3,Spring,Wednesday,CloudJet,Airbus A320,Manchester,Barcelona,Manchester → Barcelona,1440,10:10,23.0,38.0,171.0,130,Security,0,211.0,64.85,3.2
FL13526,2024-03-27,3,Spring,Wednesday,Atlantic Wings,Airbus A320,Bristol,Malaga,Bristol → Malaga,1620,08:20,7.0,0.0,148.0,145,Crew Availability,0,163.0,173.19,3.9
FL10543,2024-03-28,3,Spring,Thursday,SkyWing Air,Boeing 777,London Gatwick,Rome Fiumicino,London Gatwick → Rome Fiumicino,1430,08:30,0.0,13.0,144.0,135,On Time,0,346.0,141.59,3.9
FL14843,2024-03-28,3,Spring,Thursday,Atlantic Wings,Airbus A380,London Heathrow,Singapore Changi,London Heathrow → Singapore Changi,10840,08:15,10.0,24.0,776.0,745,Security,0,268.0,742.7,4.0
FL10670,2024-03-28,3,Spring,Thursday,Atlantic Wings,Boeing 787,Manchester,Barcelona,Manchester → Barcelona,1440,20:45,21.0,24.0,161.0,130,Air Traffic Control,0,269.0,138.0,4.3
FL11452,2024-03-28,3,Spring,Thursday,PolarAir,Airbus A320,Glasgow,Dublin,Glasgow → Dublin,220,11:20,21.0,22.0,81.0,50,Late Aircraft,0,101.0,49.0,4.0
FL12525,2024-03-28,3,Spring,Thursday,AeroSwift,Airbus A320,London Gatwick,Rome Fiumicino,London Gatwick → Rome Fiumicino,1430,21:15,6.0,18.0,163.0,135,Security,0,251.0,75.76,
FL11714,2024-03-28,3,Spring,Thursday,SkyWing Air,Boeing 777,London Heathrow,Singapore Changi,London Heathrow → Singapore Changi,10840,08:35,2.0,0.0,747.0,745,Air Traffic Control,0,129.0,735.08,3.2
FL12401,2024-03-28,3,Spring,Thursday,NovaStar,Embraer E190,London Stansted,Warsaw Chopin,London Stansted → Warsaw Chopin,1470,12:40,0.0,10.0,144.0,135,On Time,0,,84.7,4.3
FL13414,2024-03-29,3,Spring,Friday,NovaStar,Boeing 777,London Heathrow,Singapore Changi,London Heathrow → Singapore Changi,10840,11:00,0.0,13.0,765.0,745,On Time,0,107.0,550.78,4.9
FL10033,2024-03-29,3,Spring,Friday,NovaStar,Embraer E190,Leeds Bradford,Alicante,Leeds Bradford → Alicante,1590,07:30,11.0,20.0,165.0,145,Late Aircraft,0,303.0,126.7,3.7
FL13979,2024-03-29,3,Spring,Friday,SkyWing Air,Boeing 777,London Stansted,Warsaw Chopin,London Stansted → Warsaw Chopin,1470,16:15,19.0,14.0,155.0,135,Technical,0,393.0,59.82,4.3
FL14799,2024-03-29,3,Spring,Friday,PolarAir,,Edinburgh,Amsterdam,Edinburgh → Amsterdam,700,19:50,27.0,38.0,125.0,85,Security,0,321.0,49.0,3.0
FL14586,2024-03-29,3,Spring,Friday,PolarAir,Airbus A320,Glasgow,Dublin,Glasgow → Dublin,220,08:05,18.0,21.0,74.0,50,Air Traffic Control,0,364.0,49.0,3.5
FL13340,2024-03-29,3,Spring,Friday,CloudJet,Boeing 787,Bristol,Malaga,Bristol → Malaga,1620,08:30,54.0,58.0,213.0,145,Air Traffic Control,0,142.0,107.0,2.2
FL11261,2024-03-29,3,Spring,Friday,Atlantic Wings,Embraer E190,Edinburgh,Amsterdam,Edinburgh → Amsterdam,700,10:35,188.0,181.0,272.0,85,Air Traffic Control,0,389.0,49.0,
FL12089,2024-03-29,3,Spring,Friday,NovaStar,,London Heathrow,Singapore Changi,London Heathrow → Singapore Changi,10840,08:10,4.0,5.0,747.0,745,Late Aircraft,0,402.0,585.55,3.1
FL14902,2024-03-29,3,Spring,Friday,CloudJet,,London Heathrow,Toronto Pearson,London Heathrow → Toronto Pearson,5730,12:05,32.0,32.0,463.0,430,Late Aircraft,0,276.0,337.85,2.7
FL12128,2024-03-29,3,Spring,Friday,SkyWing Air,Boeing 777,London Gatwick,Rome Fiumicino,London Gatwick → Rome Fiumicino,1430,19:20,66.0,75.0,216.0,135,Technical,0,142.0,88.48,3.0
FL13558,2024-03-29,3,Spring,Friday,Atlantic Wings,Boeing 737,Leeds Bradford,Alicante,Leeds Bradford → Alicante,1590,19:45,37.0,46.0,187.0,145,Weather,0,243.0,131.58,3.0
FL12915,2024-03-29,3,Spring,Friday,SkyWing Air,Boeing 737,Edinburgh,Amsterdam,Edinburgh → Amsterdam,700,08:40,0.0,0.0,88.0,85,On Time,0,346.0,90.93,4.7
FL10650,2024-03-30,3,Spring,Saturday,AeroSwift,Airbus A320,London Gatwick,Rome Fiumicino,London Gatwick → Rome Fiumicino,1430,17:10,0.0,9.0,147.0,135,On Time,0,381.0,49.0,4.5
FL13670,2024-03-30,3,Spring,Saturday,Atlantic Wings,Airbus A320,London Heathrow,New York JFK,London Heathrow → New York JFK,5570,09:05,,,,420,Crew Availability,1,190.0,452.36,1.7
FL10454,2024-03-30,3,Spring,Saturday,AeroSwift,Airbus A320,Glasgow,Dublin,Glasgow → Dublin,220,16:30,24.0,18.0,74.0,50,Late Aircraft,0,151.0,49.0,3.0
FL12319,2024-03-30,3,Spring,Saturday,CloudJet,Embraer E190,Edinburgh,Amsterdam,Edinburgh → Amsterdam,700,14:10,0.0,5.0,96.0,85,On Time,0,263.0,49.0,4.8
FL12097,2024-03-30,3,Spring,Saturday,CloudJet,Airbus A320,London Gatwick,Rome Fiumicino,London Gatwick → Rome Fiumicino,1430,06:45,4.0,13.0,149.0,135,Late Aircraft,0,153.0,117.33,3.4
FL11756,2024-03-30,3,Spring,Saturday,NovaStar,Airbus A380,London Heathrow,Dubai,London Heathrow → Dubai,5490,13:20,42.0,51.0,466.0,415,Weather,0,329.0,320.48,3.0
FL12664,2024-03-30,3,Spring,Saturday,NovaStar,Boeing 777,London Heathrow,Toronto Pearson,London Heathrow → Toronto Pearson,5730,14:20,7.0,10.0,448.0,430,Technical,0,116.0,249.48,3.5
FL10929,2024-03-30,3,Spring,Saturday,PolarAir,Airbus A320,Bristol,Malaga,Bristol → Malaga,1620,05:25,0.0,0.0,146.0,145,On Time,0,185.0,72.17,4.1
FL13236,2024-03-30,3,Spring,Saturday,AeroSwift,Boeing 737,London Heathrow,Singapore Changi,London Heathrow → Singapore Changi,10840,08:25,0.0,12.0,753.0,745,On Time,0,146.0,542.79,4.7
FL13985,2024-03-31,3,Spring,Sunday,Atlantic Wings,Boeing 787,Birmingham,Istanbul,Birmingham → Istanbul,2680,05:10,10.0,16.0,231.0,210,Technical,0,167.0,198.12,4.0
FL13037,2024-03-31,3,Spring,Sunday,AeroSwift,Airbus A320,London Gatwick,Rome Fiumicino,London Gatwick → Rome Fiumicino,1430,06:35,1.0,0.0,141.0,135,Crew Availability,0,219.0,103.47,3.2
FL14046,2024-03-31,3,Spring,Sunday,SkyWing Air,Boeing 777,London Heathrow,Toronto Pearson,London Heathrow → Toronto Pearson,5730,15:50,10.0,25.0,457.0,430,Weather,0,116.0,378.53,4.3
FL14963,2024-03-31,3,Spring,Sunday,Atlantic Wings,Boeing 777,Leeds Bradford,Alicante,Leeds Bradford → Alicante,1590,10:55,27.0,34.0,186.0,145,Late Aircraft,0,306.0,125.04,3.8
FL10439,2024-04-01,4,Spring,Monday,NovaStar,Boeing 737,London Heathrow,Dubai,London Heathrow → Dubai,5490,17:35,0.0,5.0,429.0,415,On Time,0,207.0,326.09,4.0
FL14842,2024-04-01,4,Spring,Monday,PolarAir,Boeing 787,Birmingham,Istanbul,Birmingham → Istanbul,2680,07:45,0.0,4.0,223.0,210,On Time,0,238.0,184.95,4.4
FL12384,2024-04-01,4,Spring,Monday,Atlantic Wings,Boeing 737,London Heathrow,Toronto Pearson,London Heathrow → Toronto Pearson,5730,18:05,48.0,59.0,499.0,430,Security,0,65.0,338.71,2.3
FL13315,2024-04-01,4,Spring,Monday,SkyWing Air,Airbus A320,London Gatwick,Rome Fiumicino,London Gatwick → Rome Fiumicino,1430,06:40,43.0,35.0,165.0,135,Security,0,242.0,89.49,3.0
FL12182,2024-04-01,4,Spring,Monday,SkyWing Air,Boeing 737,London Gatwick,Rome Fiumicino,London Gatwick → Rome Fiumicino,1430,11:15,13.0,11.0,144.0,135,Crew Availability,0,383.0,149.8,3.9
FL12850,2024-04-01,4,Spring,Monday,PolarAir,Boeing 787,Bristol,Malaga,Bristol → Malaga,1620,05:05,21.0,24.0,178.0,145,Late Aircraft,0,,118.13,3.2
FL12223,2024-04-01,4,Spring,Monday,PolarAir,Boeing 737,London Heathrow,Dubai,London Heathrow → Dubai,5490,17:30,12.0,27.0,449.0,415,Security,0,282.0,320.34,3.0
FL11849,2024-04-02,4,Spring,Tuesday,CloudJet,Embraer E190,London Gatwick,Rome Fiumicino,London Gatwick → Rome Fiumicino,1430,13:35,0.0,5.0,140.0,135,On Time,0,405.0,57.83,4.3
FL13570,2024-04-02,4,Spring,Tuesday,PolarAir,Boeing 777,London Stansted,Warsaw Chopin,London Stansted → Warsaw Chopin,1470,07:15,35.0,34.0,166.0,135,Security,0,222.0,104.13,2.7
FL14478,2024-04-03,4,Spring,Wednesday,CloudJet,Boeing 777,Birmingham,Istanbul,Birmingham → Istanbul,2680,06:05,17.0,27.0,235.0,210,Technical,0,80.0,206.35,3.5
FL14066,2024-04-03,4,Spring,Wednesday,CloudJet,Boeing 777,Birmingham,Istanbul,Birmingham → Istanbul,2680,07:20,12.0,15.0,224.0,210,Security,0,250.0,157.06,3.0
FL11132,2024-04-03,4,Spring,Wednesday,SkyWing Air,Airbus A320,London Heathrow,Toronto Pearson,London Heathrow → Toronto Pearson,5730,16:45,40.0,34.0,464.0,430,Security,0,97.0,361.63,3.5
FL14864,2024-04-03,4,Spring,Wednesday,AeroSwift,Boeing 787,London Heathrow,Toronto Pearson,London Heathrow → Toronto Pearson,5730,18:10,22.0,14.0,453.0,430,Late Aircraft,0,78.0,274.92,3.6
FL14073,2024-04-03,4,Spring,Wednesday,CloudJet,Airbus A320,London Stansted,Warsaw Chopin,London Stansted → Warsaw Chopin,1470,09:05,69.0,76.0,211.0,135,Late Aircraft,0,72.0,104.62,3.2
FL13187,2024-04-03,4,Spring,Wednesday,NovaStar,Boeing 737,London Stansted,Warsaw Chopin,London Stansted → Warsaw Chopin,1470,07:50,7.0,7.0,144.0,135,Crew Availability,0,230.0,93.84,3.1
FL14824,2024-04-03,4,Spring,Wednesday,CloudJet,Boeing 737,Birmingham,Istanbul,Birmingham → Istanbul,2680,10:40,1.0,0.0,216.0,210,Late Aircraft,0,415.0,148.97,4.4
FL11840,2024-04-03,4,Spring,Wednesday,SkyWing Air,Airbus A320,Birmingham,Istanbul,Birmingham → Istanbul,2680,13:25,10.0,25.0,230.0,210,Air Traffic Control,0,394.0,197.83,3.5
FL11857,2024-04-03,4,Spring,Wednesday,CloudJet,Airbus A320,London Heathrow,Singapore Changi,London Heathrow → Singapore Changi,10840,05:20,46.0,53.0,806.0,745,Late Aircraft,0,107.0,685.5,
FL14000,2024-04-03,4,Spring,Wednesday,Atlantic Wings,Embraer E190,London Gatwick,Rome Fiumicino,London Gatwick → Rome Fiumicino,1430,07:20,33.0,39.0,182.0,135,Security,0,329.0,61.25,3.4
FL13052,2024-04-04,4,Spring,Thursday,NovaStar,Boeing 787,London Heathrow,Toronto Pearson,London Heathrow → Toronto Pearson,5730,17:30,8.0,15.0,444.0,430,Technical,0,291.0,306.02,3.7
FL14554,2024-04-04,4,Spring,Thursday,Atlantic Wings,Airbus A380,London Heathrow,Toronto Pearson,London Heathrow → Toronto Pearson,5730,16:20,30.0,26.0,457.0,430,Crew Availability,0,121.0,336.23,3.9
FL11023,2024-04-04,4,Spring,Thursday,PolarAir,Embraer E190,Birmingham,Istanbul,Birmingham → Istanbul,2680,07:35,25.0,27.0,243.0,210,Air Traffic Control,0,86.0,198.85,4.2
FL11422,2024-04-04,4,Spring,Thursday,Atlantic Wings,Boeing 737,London Heathrow,Toronto Pearson,London Heathrow → Toronto Pearson,5730,18:10,13.0,6.0,441.0,430,Security,0,181.0,433.49,3.6
FL10400,2024-04-04,4,Spring,Thursday,PolarAir,Airbus A320,London Heathrow,Toronto Pearson,London Heathrow → Toronto Pearson,5730,09:40,0.0,0.0,428.0,430,On Time,0,332.0,397.13,4.6
FL12822,2024-04-04,4,Spring,Thursday,NovaStar,Airbus A320,London Gatwick,Rome Fiumicino,London Gatwick → Rome Fiumicino,1430,21:45,11.0,10.0,140.0,135,Security,0,161.0,74.72,3.7
FL13022,2024-04-04,4,Spring,Thursday,NovaStar,Airbus A320,London Heathrow,New York JFK,London Heathrow → New York JFK,5570,12:40,0.0,0.0,418.0,420,On Time,0,288.0,284.39,4.0
FL12212,2024-04-04,4,Spring,Thursday,CloudJet,Boeing 737,Glasgow,Dublin,Glasgow → Dublin,220,18:30,70.0,84.0,142.0,50,Technical,0,127.0,58.34,3.1
FL13983,2024-04-04,4,Spring,Thursday,NovaStar,Airbus A380,Edinburgh,Amsterdam,Edinburgh → Amsterdam,700,15:55,0.0,0.0,88.0,85,On Time,0,239.0,49.0,4.9
FL12301,2024-04-05,4,Spring,Friday,NovaStar,Airbus A380,London Heathrow,Dubai,London Heathrow → Dubai,5490,12:30,0.0,5.0,427.0,415,On Time,0,187.0,289.11,
FL12988,2024-04-05,4,Spring,Friday,Atlantic Wings,Boeing 787,London Heathrow,New York JFK,London Heathrow → New York JFK,5570,17:15,26.0,21.0,450.0,420,Air Traffic Control,0,304.0,423.62,4.4
FL14968,2024-04-06,4,Spring,Saturday,AeroSwift,Boeing 777,London Heathrow,Toronto Pearson,London Heathrow → Toronto Pearson,5730,13:00,3.0,14.0,439.0,430,Air Traffic Control,0,68.0,287.41,
FL11478,2024-04-06,4,Spring,Saturday,AeroSwift,Boeing 777,Glasgow,Dublin,Glasgow → Dublin,220,09:20,21.0,27.0,85.0,50,Late Aircraft,0,188.0,49.0,3.2
FL10840,2024-04-06,4,Spring,Saturday,Atlantic Wings,Boeing 777,London Gatwick,Rome Fiumicino,London Gatwick → Rome Fiumicino,1430,12:45,,,,135,Technical,1,135.0,79.15,1.8
FL10279,2024-04-06,4,Spring,Saturday,Atlantic Wings,Airbus A320,London Heathrow,Singapore Changi,London Heathrow → Singapore Changi,10840,10:00,0.0,0.0,740.0,745,On Time,0,388.0,698.54,4.7
FL11861,2024-04-06,4,Spring,Saturday,AeroSwift,Boeing 777,Edinburgh,Amsterdam,Edinburgh → Amsterdam,700,06:05,4.0,19.0,109.0,85,Crew Availability,0,145.0,49.0,3.4
FL11937,2024-04-07,4,Spring,Sunday,CloudJet,Embraer E190,Bristol,Malaga,Bristol → Malaga,1620,18:20,41.0,43.0,183.0,145,Weather,0,214.0,162.27,2.8
FL13038,2024-04-07,4,Spring,Sunday,AeroSwift,Boeing 777,London Heathrow,Dubai,London Heathrow → Dubai,5490,08:30,56.0,58.0,473.0,415,Security,0,,299.75,2.6
FL13400,2024-04-07,4,Spring,Sunday,NovaStar,Boeing 787,Leeds Bradford,Alicante,Leeds Bradford → Alicante,1590,14:10,0.0,5.0,154.0,145,On Time,0,320.0,80.83,4.2
FL12104,2024-04-07,4,Spring,Sunday,CloudJet,Boeing 737,London Heathrow,Dubai,London Heathrow → Dubai,5490,12:00,0.0,11.0,425.0,415,On Time,0,357.0,384.57,
FL10829,2024-04-07,4,Spring,Sunday,Atlantic Wings,Boeing 737,Bristol,Malaga,Bristol → Malaga,1620,11:45,0.0,11.0,162.0,145,On Time,0,349.0,153.44,4.3
FL12608,2024-04-07,4,Spring,Sunday,SkyWing Air,Boeing 737,Birmingham,Istanbul,Birmingham → Istanbul,2680,08:25,6.0,14.0,223.0,210,Crew Availability,0,266.0,210.68,3.3
FL13064,2024-04-07,4,Spring,Sunday,CloudJet,Airbus A320,Bristol,Malaga,Bristol → Malaga,1620,22:25,0.0,0.0,152.0,145,On Time,0,,124.16,4.0
FL11109,2024-04-07,4,Spring,Sunday,Atlantic Wings,Boeing 737,Leeds Bradford,Alicante,Leeds Bradford → Alicante,1590,16:00,31.0,41.0,183.0,145,Security,0,208.0,70.57,2.4
FL10208,2024-04-07,4,Spring,Sunday,CloudJet,Airbus A320,Bristol,Malaga,Bristol → Malaga,1620,09:05,81.0,94.0,235.0,145,Air Traffic Control,0,170.0,80.35,3.3
FL14559,2024-04-08,4,Spring,Monday,SkyWing Air,Airbus A320,Bristol,Malaga,Bristol → Malaga,1620,07:30,1.0,14.0,164.0,145,Technical,0,310.0,170.48,3.9
FL13948,2024-04-08,4,Spring,Monday,CloudJet,Airbus A320,London Heathrow,Dubai,London Heathrow → Dubai,5490,16:30,20.0,35.0,458.0,415,Crew Availability,0,415.0,363.47,3.6
FL11797,2024-04-08,4,Spring,Monday,PolarAir,Boeing 737,London Heathrow,New York JFK,London Heathrow → New York JFK,5570,19:00,0.0,11.0,432.0,420,On Time,0,199.0,373.46,4.3
FL14738,2024-04-08,4,Spring,Monday,PolarAir,Airbus A320,Manchester,Barcelona,Manchester → Barcelona,1440,15:05,21.0,31.0,162.0,130,Late Aircraft,0,407.0,70.85,3.1
FL14800,2024-04-09,4,Spring,Tuesday,PolarAir,Boeing 787,London Heathrow,New York JFK,London Heathrow → New York JFK,5570,12:45,34.0,29.0,459.0,420,Crew Availability,0,364.0,299.39,2.8
FL12556,2024-04-09,4,Spring,Tuesday,PolarAir,Boeing 737,London Heathrow,Dubai,London Heathrow → Dubai,5490,09:40,32.0,32.0,444.0,415,Security,0,362.0,377.43,3.0
FL13365,2024-04-09,4,Spring,Tuesday,NovaStar,Airbus A320,London Stansted,Warsaw Chopin,London Stansted → Warsaw Chopin,1470,10:00,4.0,8.0,152.0,135,Security,0,131.0,101.51,4.5
FL13849,2024-04-09,4,Spring,Tuesday,Atlantic Wings,Boeing 777,London Gatwick,Rome Fiumicino,London Gatwick → Rome Fiumicino,1430,22:40,11.0,24.0,163.0,135,Late Aircraft,0,214.0,59.84,4.5
FL12129,2024-04-09,4,Spring,Tuesday,Atlantic Wings,Boeing 777,Glasgow,Dublin,Glasgow → Dublin,220,13:40,16.0,10.0,65.0,50,Late Aircraft,0,109.0,50.33,4.3
FL10863,2024-04-09,4,Spring,Tuesday,NovaStar,Airbus A380,Leeds Bradford,Alicante,Leeds Bradford → Alicante,1590,19:30,15.0,19.0,168.0,145,Security,0,63.0,65.76,3.9
FL12924,2024-04-10,4,Spring,Wednesday,AeroSwift,Boeing 737,London Stansted,Warsaw Chopin,London Stansted → Warsaw Chopin,1470,15:45,23.0,29.0,163.0,135,Technical,0,,67.56,3.7
FL13182,2024-04-10,4,Spring,Wednesday,CloudJet,Airbus A320,London Heathrow,New York JFK,London Heathrow → New York JFK,5570,06:50,12.0,15.0,431.0,420,Air Traffic Control,0,390.0,348.22,3.6
FL14615,2024-04-10,4,Spring,Wednesday,Atlantic Wings,Airbus A320,London Gatwick,Rome Fiumicino,London Gatwick → Rome Fiumicino,1430,09:20,5.0,14.0,154.0,135,Technical,0,208.0,97.42,4.2
FL10648,2024-04-10,4,Spring,Wednesday,Atlantic Wings,Boeing 737,London Heathrow,Singapore Changi,London Heathrow → Singapore Changi,10840,09:40,30.0,22.0,765.0,745,Security,0,253.0,673.88,3.6
FL13437,2024-04-11,4,Spring,Thursday,AeroSwift,Boeing 787,Edinburgh,Amsterdam,Edinburgh → Amsterdam,700,12:10,7.0,0.0,90.0,85,Security,0,331.0,53.8,3.3
FL13210,2024-04-11,4,Spring,Thursday,NovaStar,Boeing 737,Birmingham,Istanbul,Birmingham → Istanbul,2680,19:30,0.0,5.0,224.0,210,On Time,0,243.0,122.22,4.6
FL11106,2024-04-11,4,Spring,Thursday,SkyWing Air,Boeing 787,Birmingham,Istanbul,Birmingham → Istanbul,2680,18:15,0.0,0.0,211.0,210,On Time,0,190.0,191.8,4.9
FL14023,2024-04-11,4,Spring,Thursday,Atlantic Wings,Boeing 787,Edinburgh,Amsterdam,Edinburgh → Amsterdam,700,15:30,41.0,56.0,145.0,85,Weather,0,315.0,49.0,3.0
FL10127,2024-04-12,4,Spring,Friday,AeroSwift,Embraer E190,London Stansted,Warsaw Chopin,London Stansted → Warsaw Chopin,1470,10:10,21.0,32.0,167.0,135,Air Traffic Control,0,261.0,98.0,4.5
FL11916,2024-04-12,4,Spring,Friday,Atlantic Wings,Boeing 737,Leeds Bradford,Alicante,Leeds Bradford → Alicante,1590,17:25,0.0,5.0,156.0,145,On Time,0,347.0,91.54,4.8
FL14676,2024-04-12,4,Spring,Friday,NovaStar,Boeing 787,London Stansted,Warsaw Chopin,London Stansted → Warsaw Chopin,1470,15:05,15.0,9.0,139.0,135,Technical,0,303.0,65.24,3.3
FL12886,2024-04-12,4,Spring,Friday,PolarAir,Boeing 777,London Heathrow,Dubai,London Heathrow → Dubai,5490,08:30,0.0,7.0,418.0,415,On Time,0,281.0,294.9,4.3
FL11111,2024-04-12,4,Spring,Friday,SkyWing Air,Airbus A320,Glasgow,Dublin,Glasgow → Dublin,220,19:40,8.0,18.0,70.0,50,Late Aircraft,0,135.0,49.0,3.5
FL10430,2024-04-13,4,Spring,Saturday,SkyWing Air,Airbus A320,London Heathrow,Dubai,London Heathrow → Dubai,5490,07:10,62.0,56.0,471.0,415,Weather,0,201.0,330.01,2.2
FL11759,2024-04-13,4,Spring,Saturday,SkyWing Air,Boeing 787,Birmingham,Istanbul,Birmingham → Istanbul,2680,08:15,13.0,7.0,223.0,210,Weather,0,408.0,176.07,3.8
FL12550,2024-04-13,4,Spring,Saturday,PolarAir,Boeing 737,Bristol,Malaga,Bristol → Malaga,1620,07:30,27.0,33.0,182.0,145,Late Aircraft,0,242.0,112.4,3.5
FL13579,2024-04-13,4,Spring,Saturday,PolarAir,Airbus A320,Birmingham,Istanbul,Birmingham → Istanbul,2680,18:45,41.0,48.0,260.0,210,Security,0,358.0,184.47,2.1
FL10893,2024-04-14,4,Spring,Sunday,Atlantic Wings,Airbus A320,London Heathrow,Toronto Pearson,London Heathrow → Toronto Pearson,5730,17:10,0.0,9.0,444.0,430,On Time,0,265.0,409.38,4.7
FL10367,2024-04-14,4,Spring,Sunday,PolarAir,Boeing 777,Bristol,Malaga,Bristol → Malaga,1620,07:00,28.0,35.0,181.0,145,Technical,0,361.0,105.71,
FL12639,2024-04-15,4,Spring,Monday,CloudJet,Airbus A320,Manchester,Barcelona,Manchester → Barcelona,1440,09:50,0.0,0.0,135.0,130,On Time,0,184.0,122.45,4.4
FL11002,2024-04-15,4,Spring,Monday,NovaStar,Boeing 737,Birmingham,Istanbul,Birmingham → Istanbul,2680,13:45,5.0,0.0,217.0,210,Late Aircraft,0,61.0,163.49,3.1
FL11561,2024-04-15,4,Spring,Monday,SkyWing Air,Airbus A320,Edinburgh,Amsterdam,Edinburgh → Amsterdam,700,10:10,2.0,3.0,97.0,85,Air Traffic Control,0,206.0,49.0,3.8
FL10131,2024-04-15,4,Spring,Monday,NovaStar,Boeing 777,Birmingham,Istanbul,Birmingham → Istanbul,2680,06:50,2.0,17.0,230.0,210,Crew Availability,0,372.0,175.58,3.7
FL14820,2024-04-16,4,Spring,Tuesday,Atlantic Wings,Boeing 777,London Heathrow,New York JFK,London Heathrow → New York JFK,5570,11:35,15.0,26.0,450.0,420,Air Traffic Control,0,207.0,392.18,
FL10343,2024-04-16,4,Spring,Tuesday,CloudJet,Boeing 737,Manchester,Barcelona,Manchester → Barcelona,1440,20:25,0.0,0.0,132.0,130,On Time,0,191.0,60.66,4.8
FL10523,2024-04-16,4,Spring,Tuesday,PolarAir,Airbus A320,London Heathrow,Toronto Pearson,London Heathrow → Toronto Pearson,5730,19:55,3.0,14.0,452.0,430,Crew Availability,0,258.0,351.03,3.3
FL12739,2024-04-16,4,Spring,Tuesday,Atlantic Wings,Boeing 787,London Heathrow,New York JFK,London Heathrow → New York JFK,5570,08:50,12.0,4.0,429.0,420,Late Aircraft,0,221.0,415.25,4.1
FL10827,2024-04-16,4,Spring,Tuesday,NovaStar,Boeing 777,London Heathrow,Singapore Changi,London Heathrow → Singapore Changi,10840,22:25,3.0,10.0,750.0,745,Security,0,235.0,551.61,3.5
FL11866,2024-04-16,4,Spring,Tuesday,CloudJet,Boeing 737,London Stansted,Warsaw Chopin,London Stansted → Warsaw Chopin,1470,17:40,0.0,0.0,137.0,135,On Time,0,219.0,127.78,4.4
FL10725,2024-04-16,4,Spring,Tuesday,SkyWing Air,Boeing 737,London Heathrow,Dubai,London Heathrow → Dubai,5490,07:50,5.0,16.0,435.0,415,Weather,0,349.0,344.57,3.7
FL13855,2024-04-16,4,Spring,Tuesday,NovaStar,Airbus A320,Birmingham,Istanbul,Birmingham → Istanbul,2680,08:50,7.0,1.0,218.0,210,Late Aircraft,0,142.0,165.25,4.0
FL11590,2024-04-16,4,Spring,Tuesday,PolarAir,Embraer E190,London Stansted,Warsaw Chopin,London Stansted → Warsaw Chopin,1470,21:50,7.0,4.0,149.0,135,Late Aircraft,0,181.0,110.97,3.9
FL13834,2024-04-16,4,Spring,Tuesday,CloudJet,Airbus A380,Edinburgh,Amsterdam,Edinburgh → Amsterdam,700,12:40,22.0,21.0,113.0,85,Technical,0,207.0,49.0,3.8
FL11191,2024-04-16,4,Spring,Tuesday,NovaStar,Boeing 737,Manchester,Barcelona,Manchester → Barcelona,1440,14:30,0.0,0.0,125.0,130,On Time,0,382.0,79.77,4.8
FL11513,2024-04-17,4,Spring,Wednesday,PolarAir,Boeing 737,London Heathrow,Toronto Pearson,London Heathrow → Toronto Pearson,5730,18:30,21.0,16.0,454.0,430,Crew Availability,0,88.0,338.23,3.7
FL14531,2024-04-17,4,Spring,Wednesday,SkyWing Air,Boeing 777,Birmingham,Istanbul,Birmingham → Istanbul,2680,08:40,32.0,44.0,251.0,210,Weather,0,415.0,248.4,2.1
FL14370,2024-04-17,4,Spring,Wednesday,CloudJet,Boeing 787,London Heathrow,Singapore Changi,London Heathrow → Singapore Changi,10840,11:55,33.0,45.0,788.0,745,Air Traffic Control,0,71.0,692.36,2.8
FL10170,2024-04-17,4,Spring,Wednesday,Atlantic Wings,Airbus A320,Edinburgh,Amsterdam,Edinburgh → Amsterdam,700,06:20,53.0,47.0,142.0,85,Late Aircraft,0,131.0,49.0,3.0
FL10699,2024-04-17,4,Spring,Wednesday,CloudJet,Embraer E190,Manchester,Barcelona,Manchester → Barcelona,1440,07:30,,,,130,Security,1,330.0,97.21,1.1
FL13487,2024-04-18,4,Spring,Thursday,Atlantic Wings,Airbus A320,London Heathrow,Singapore Changi,London Heathrow → Singapore Changi,10840,11:45,43.0,47.0,801.0,745,Technical,0,386.0,716.55,2.5
FL14132,2024-04-18,4,Spring,Thursday,CloudJet,Airbus A320,Bristol,Malaga,Bristol → Malaga,1620,11:55,5.0,4.0,159.0,145,Late Aircraft,0,306.0,94.76,4.4
FL12963,2024-04-18,4,Spring,Thursday,AeroSwift,Airbus A320,London Heathrow,New York JFK,London Heathrow → New York JFK,5570,21:20,0.0,11.0,426.0,420,On Time,0,311.0,279.59,4.7
FL11740,2024-04-18,4,Spring,Thursday,AeroSwift,Airbus A380,Bristol,Malaga,Bristol → Malaga,1620,13:30,0.0,12.0,159.0,145,On Time,0,190.0,118.37,4.2
FL10387,2024-04-19,4,Spring,Friday,CloudJet,Boeing 737,Glasgow,Dublin,Glasgow → Dublin,220,20:35,39.0,43.0,91.0,50,Weather,0,410.0,49.0,3.2
FL14914,2024-04-19,4,Spring,Friday,CloudJet,Embraer E190,London Heathrow,Toronto Pearson,London Heathrow → Toronto Pearson,5730,13:10,0.0,9.0,442.0,430,On Time,0,156.0,373.89,4.4
FL11127,2024-04-19,4,Spring,Friday,Atlantic Wings,Boeing 777,Bristol,Malaga,Bristol → Malaga,1620,07:10,15.0,9.0,154.0,145,Weather,0,387.0,135.41,3.1
FL10930,2024-04-19,4,Spring,Friday,NovaStar,Airbus A320,London Heathrow,Singapore Changi,London Heathrow → Singapore Changi,10840,22:20,0.0,0.0,755.0,745,On Time,0,115.0,578.13,4.5
FL10969,2024-04-19,4,Spring,Friday,SkyWing Air,Boeing 777,London Heathrow,Toronto Pearson,London Heathrow → Toronto Pearson,5730,22:45,0.0,0.0,431.0,430,On Time,0,321.0,359.59,3.8
FL14948,2024-04-19,4,Spring,Friday,CloudJet,Airbus A320,London Stansted,Warsaw Chopin,London Stansted → Warsaw Chopin,1470,17:45,16.0,14.0,159.0,135,Technical,0,121.0,126.24,4.5
FL13738,2024-04-19,4,Spring,Friday,SkyWing Air,Airbus A380,Leeds Bradford,Alicante,Leeds Bradford → Alicante,1590,22:25,33.0,33.0,186.0,145,Weather,0,371.0,154.38,3.2
FL12498,2024-04-19,4,Spring,Friday,PolarAir,Embraer E190,Birmingham,Istanbul,Birmingham → Istanbul,2680,20:15,5.0,2.0,216.0,210,Air Traffic Control,0,331.0,231.37,3.4
FL12894,2024-04-19,4,Spring,Friday,AeroSwift,Embraer E190,London Heathrow,Toronto Pearson,London Heathrow → Toronto Pearson,5730,14:35,6.0,15.0,449.0,430,Technical,0,120.0,347.46,4.1
FL13669,2024-04-19,4,Spring,Friday,NovaStar,Boeing 777,London Heathrow,Toronto Pearson,London Heathrow → Toronto Pearson,5730,12:20,0.0,8.0,447.0,430,On Time,0,105.0,319.99,4.5
FL11053,2024-04-19,4,Spring,Friday,SkyWing Air,Embraer E190,Manchester,Barcelona,Manchester → Barcelona,1440,11:45,0.0,0.0,129.0,130,On Time,0,302.0,169.69,4.4
FL10496,2024-04-20,4,Spring,Saturday,Atlantic Wings,Boeing 777,Leeds Bradford,Alicante,Leeds Bradford → Alicante,1590,05:20,5.0,15.0,155.0,145,Weather,0,118.0,129.21,4.1
FL10072,2024-04-20,4,Spring,Saturday,Atlantic Wings,Boeing 777,London Gatwick,Rome Fiumicino,London Gatwick → Rome Fiumicino,1430,09:05,0.0,0.0,139.0,135,On Time,0,312.0,86.13,3.9
FL13822,2024-04-20,4,Spring,Saturday,Atlantic Wings,Boeing 737,London Heathrow,Singapore Changi,London Heathrow → Singapore Changi,10840,08:55,26.0,28.0,771.0,745,Security,0,103.0,758.28,4.0
FL11157,2024-04-20,4,Spring,Saturday,CloudJet,Airbus A380,London Gatwick,Rome Fiumicino,London Gatwick → Rome Fiumicino,1430,20:25,19.0,19.0,153.0,135,Late Aircraft,0,254.0,88.52,3.2
FL14422,2024-04-20,4,Spring,Saturday,NovaStar,Embraer E190,London Gatwick,Rome Fiumicino,London Gatwick → Rome Fiumicino,1430,15:55,5.0,4.0,145.0,135,Weather,0,355.0,60.09,3.7
FL13351,2024-04-20,4,Spring,Saturday,CloudJet,Boeing 777,Manchester,Barcelona,Manchester → Barcelona,1440,20:30,12.0,13.0,140.0,130,Late Aircraft,0,408.0,80.62,
FL13481,2024-04-20,4,Spring,Saturday,AeroSwift,Boeing 787,Manchester,Barcelona,Manchester → Barcelona,1440,10:10,0.0,4.0,142.0,130,On Time,0,224.0,109.33,4.1
FL10730,2024-04-20,4,Spring,Saturday,PolarAir,Boeing 737,London Heathrow,Singapore Changi,London Heathrow → Singapore Changi,10840,22:20,20.0,30.0,770.0,745,Late Aircraft,0,357.0,694.19,3.5
FL12553,2024-04-20,4,Spring,Saturday,SkyWing Air,Airbus A320,Manchester,Barcelona,Manchester → Barcelona,1440,13:00,3.0,8.0,145.0,130,Weather,0,285.0,77.84,3.4
FL12082,2024-04-21,4,Spring,Sunday,Atlantic Wings,Airbus A320,London Gatwick,Rome Fiumicino,London Gatwick → Rome Fiumicino,1430,15:40,59.0,59.0,203.0,135,Weather,0,61.0,121.49,3.2
FL10043,2024-04-21,4,Spring,Sunday,PolarAir,Boeing 777,Leeds Bradford,Alicante,Leeds Bradford → Alicante,1590,16:25,20.0,14.0,168.0,145,Air Traffic Control,0,184.0,123.41,4.1
FL12467,2024-04-21,4,Spring,Sunday,SkyWing Air,Airbus A320,Manchester,Barcelona,Manchester → Barcelona,1440,12:00,0.0,0.0,127.0,130,On Time,0,72.0,62.6,4.9
FL13737,2024-04-21,4,Spring,Sunday,AeroSwift,Airbus A320,London Heathrow,Dubai,London Heathrow → Dubai,5490,12:15,0.0,3.0,414.0,415,On Time,0,138.0,316.93,4.6
FL14115,2024-04-21,4,Spring,Sunday,PolarAir,Airbus A320,London Heathrow,New York JFK,London Heathrow → New York JFK,5570,08:45,0.0,0.0,426.0,420,On Time,0,179.0,324.43,4.4
FL12336,2024-04-21,4,Spring,Sunday,PolarAir,Embraer E190,Bristol,Malaga,Bristol → Malaga,1620,19:05,12.0,22.0,166.0,145,Late Aircraft,0,417.0,97.2,3.6
FL10383,2024-04-21,4,Spring,Sunday,NovaStar,Boeing 737,Manchester,Barcelona,Manchester → Barcelona,1440,07:55,20.0,26.0,165.0,130,Air Traffic Control,0,300.0,79.5,3.3
FL10352,2024-04-21,4,Spring,Sunday,Atlantic Wings,Boeing 737,London Heathrow,New York JFK,London Heathrow → New York JFK,5570,17:50,2.0,15.0,433.0,420,Air Traffic Control,0,69.0,417.54,3.4
FL13066,2024-04-22,4,Spring,Monday,CloudJet,Boeing 777,Glasgow,Dublin,Glasgow → Dublin,220,13:20,62.0,74.0,125.0,50,Weather,0,274.0,68.65,3.5
FL10804,2024-04-22,4,Spring,Monday,NovaStar,Boeing 737,Leeds Bradford,Alicante,Leeds Bradford → Alicante,1590,13:35,0.0,0.0,145.0,145,On Time,0,104.0,119.44,4.0
FL13394,2024-04-22,4,Spring,Monday,SkyWing Air,Boeing 777,Edinburgh,Amsterdam,Edinburgh → Amsterdam,700,11:10,9.0,21.0,115.0,85,Late Aircraft,0,228.0,49.0,3.9
FL10035,2024-04-22,4,Spring,Monday,PolarAir,Boeing 737,London Heathrow,New York JFK,London Heathrow → New York JFK,5570,17:30,0.0,10.0,425.0,420,On Time,0,354.0,298.8,4.3
FL10453,2024-04-22,4,Spring,Monday,SkyWing Air,Boeing 737,Glasgow,Dublin,Glasgow → Dublin,220,06:25,0.0,9.0,55.0,50,On Time,0,102.0,49.0,4.2
FL14254,2024-04-22,4,Spring,Monday,NovaStar,Airbus A380,London Heathrow,Singapore Changi,London Heathrow → Singapore Changi,10840,08:55,4.0,0.0,754.0,745,Crew Availability,0,362.0,565.76,3.8
FL11098,2024-04-22,4,Spring,Monday,Atlantic Wings,Boeing 777,London Heathrow,Dubai,London Heathrow → Dubai,5490,16:45,1.0,0.0,412.0,415,Security,0,383.0,363.49,4.0
FL10548,2024-04-23,4,Spring,Tuesday,NovaStar,Airbus A320,Leeds Bradford,Alicante,Leeds Bradford → Alicante,1590,10:45,4.0,6.0,155.0,145,Security,0,274.0,78.66,3.5
FL14540,2024-04-23,4,Spring,Tuesday,Atlantic Wings,Airbus A320,Glasgow,Dublin,Glasgow → Dublin,220,12:05,45.0,50.0,95.0,50,Security,0,91.0,49.0,3.2
FL12454,2024-04-23,4,Spring,Tuesday,Atlantic Wings,Boeing 777,Edinburgh,Amsterdam,Edinburgh → Amsterdam,700,07:30,25.0,25.0,106.0,85,Weather,0,254.0,49.0,4.2
FL10583,2024-04-23,4,Spring,Tuesday,CloudJet,Airbus A380,Manchester,Barcelona,Manchester → Barcelona,1440,20:15,34.0,45.0,179.0,130,Technical,0,206.0,131.55,2.9
FL10467,2024-04-23,4,Spring,Tuesday,CloudJet,Boeing 777,London Heathrow,Toronto Pearson,London Heathrow → Toronto Pearson,5730,09:45,69.0,74.0,500.0,430,Security,0,327.0,345.04,2.3
FL13041,2024-04-23,4,Spring,Tuesday,AeroSwift,Airbus A380,London Gatwick,Rome Fiumicino,London Gatwick → Rome Fiumicino,1430,08:00,0.0,9.0,153.0,135,On Time,0,171.0,68.69,4.7
FL12580,2024-04-23,4,Spring,Tuesday,PolarAir,Airbus A320,Bristol,Malaga,Bristol → Malaga,1620,15:45,16.0,20.0,162.0,145,Crew Availability,0,269.0,120.41,4.3
FL11186,2024-04-23,4,Spring,Tuesday,SkyWing Air,Boeing 737,London Gatwick,Rome Fiumicino,London Gatwick → Rome Fiumicino,1430,12:55,16.0,26.0,158.0,135,Technical,0,348.0,151.56,
FL13240,2024-04-24,4,Spring,Wednesday,NovaStar,Airbus A320,London Gatwick,Rome Fiumicino,London Gatwick → Rome Fiumicino,1430,12:15,1.0,15.0,153.0,135,Technical,0,152.0,49.0,4.1
FL13259,2024-04-24,4,Spring,Wednesday,PolarAir,Embraer E190,Leeds Bradford,Alicante,Leeds Bradford → Alicante,1590,11:10,58.0,51.0,198.0,145,Air Traffic Control,0,321.0,132.69,2.8
FL13114,2024-04-24,4,Spring,Wednesday,CloudJet,Airbus A320,Birmingham,Istanbul,Birmingham → Istanbul,2680,12:25,15.0,29.0,247.0,210,Security,0,208.0,135.82,4.2
FL10485,2024-04-24,4,Spring,Wednesday,AeroSwift,Airbus A320,London Heathrow,Dubai,London Heathrow → Dubai,5490,07:40,24.0,24.0,444.0,415,Weather,0,82.0,311.61,4.5
FL12415,2024-04-24,4,Spring,Wednesday,SkyWing Air,Boeing 777,Bristol,Malaga,Bristol → Malaga,1620,05:30,39.0,42.0,185.0,145,Crew Availability,0,304.0,82.0,2.4
FL11163,2024-04-24,4,Spring,Wednesday,NovaStar,Airbus A380,Bristol,Malaga,Bristol → Malaga,1620,13:15,4.0,6.0,153.0,145,Technical,0,126.0,129.37,3.2
FL11750,2024-04-24,4,Spring,Wednesday,CloudJet,Airbus A320,London Stansted,Warsaw Chopin,London Stansted → Warsaw Chopin,1470,08:40,0.0,0.0,137.0,135,On Time,0,223.0,91.52,4.1
FL14158,2024-04-24,4,Spring,Wednesday,SkyWing Air,Boeing 737,London Heathrow,Dubai,London Heathrow → Dubai,5490,07:40,8.0,21.0,439.0,415,Security,0,411.0,348.43,3.5
FL10100,2024-04-25,4,Spring,Thursday,AeroSwift,Boeing 777,Birmingham,Istanbul,Birmingham → Istanbul,2680,20:45,13.0,19.0,236.0,210,Air Traffic Control,0,317.0,197.78,3.8
FL11010,2024-04-25,4,Spring,Thursday,SkyWing Air,Boeing 787,London Heathrow,Toronto Pearson,London Heathrow → Toronto Pearson,5730,09:15,0.0,0.0,439.0,430,On Time,0,71.0,374.59,4.3
FL13656,2024-04-25,4,Spring,Thursday,AeroSwift,Embraer E190,Glasgow,Dublin,Glasgow → Dublin,220,09:35,2.0,8.0,67.0,50,Security,0,259.0,70.66,
FL10395,2024-04-25,4,Spring,Thursday,PolarAir,Boeing 787,Glasgow,Dublin,Glasgow → Dublin,220,17:45,0.0,5.0,61.0,50,On Time,0,210.0,49.0,4.1
FL12712,2024-04-25,4,Spring,Thursday,Atlantic Wings,Airbus A320,London Heathrow,New York JFK,London Heathrow → New York JFK,5570,17:20,0.0,10.0,426.0,420,On Time,0,302.0,356.17,3.9
FL13184,2024-04-25,4,Spring,Thursday,SkyWing Air,Embraer E190,Leeds Bradford,Alicante,Leeds Bradford → Alicante,1590,09:30,21.0,23.0,165.0,145,Security,0,403.0,72.99,4.2
FL11974,2024-04-25,4,Spring,Thursday,NovaStar,Boeing 737,Leeds Bradford,Alicante,Leeds Bradford → Alicante,1590,10:35,1.0,9.0,156.0,145,Weather,0,186.0,83.51,3.0
FL13809,2024-04-26,4,Spring,Friday,AeroSwift,Airbus A320,Edinburgh,Amsterdam,Edinburgh → Amsterdam,700,07:25,0.0,0.0,91.0,85,On Time,0,224.0,67.13,4.4
FL10660,2024-04-26,4,Spring,Friday,Atlantic Wings,Airbus A380,Manchester,Barcelona,Manchester → Barcelona,1440,07:55,23.0,30.0,165.0,130,Late Aircraft,0,287.0,122.34,4.2
FL14391,2024-04-26,4,Spring,Friday,Atlantic Wings,Boeing 787,Manchester,Barcelona,Manchester → Barcelona,1440,20:35,15.0,26.0,158.0,130,Late Aircraft,0,109.0,101.57,3.8
FL12684,2024-04-26,4,Spring,Friday,NovaStar,Airbus A380,Leeds Bradford,Alicante,Leeds Bradford → Alicante,1590,10:00,1.0,0.0,140.0,145,Security,0,,100.74,4.3
FL13447,2024-04-27,4,Spring,Saturday,CloudJet,Boeing 737,London Heathrow,Dubai,London Heathrow → Dubai,5490,06:00,,,,415,Late Aircraft,1,270.0,345.23,2.1
FL11408,2024-04-27,4,Spring,Saturday,PolarAir,Airbus A320,Manchester,Barcelona,Manchester → Barcelona,1440,17:10,16.0,21.0,158.0,130,Crew Availability,0,269.0,130.47,3.0
FL10784,2024-04-27,4,Spring,Saturday,PolarAir,Airbus A320,London Gatwick,Rome Fiumicino,London Gatwick → Rome Fiumicino,1430,08:15,8.0,17.0,162.0,135,Air Traffic Control,0,,93.57,4.4
FL14430,2024-04-27,4,Spring,Saturday,Atlantic Wings,Airbus A380,London Gatwick,Rome Fiumicino,London Gatwick → Rome Fiumicino,1430,12:45,15.0,8.0,147.0,135,Air Traffic Control,0,402.0,105.98,4.0
FL14148,2024-04-27,4,Spring,Saturday,AeroSwift,Airbus A320,London Heathrow,New York JFK,London Heathrow → New York JFK,5570,11:40,7.0,3.0,433.0,420,Late Aircraft,0,,331.99,3.2
FL12858,2024-04-27,4,Spring,Saturday,AeroSwift,Boeing 777,Birmingham,Istanbul,Birmingham → Istanbul,2680,11:25,0.0,4.0,211.0,210,On Time,0,238.0,130.11,4.3
FL10141,2024-04-27,4,Spring,Saturday,NovaStar,Embraer E190,London Heathrow,Toronto Pearson,London Heathrow → Toronto Pearson,5730,17:15,15.0,26.0,465.0,430,Weather,0,330.0,275.27,4.1
FL10243,2024-04-27,4,Spring,Saturday,AeroSwift,Airbus A320,Leeds Bradford,Alicante,Leeds Bradford → Alicante,1590,12:40,63.0,60.0,210.0,145,Crew Availability,0,395.0,92.54,2.1
FL11617,2024-04-27,4,Spring,Saturday,CloudJet,Airbus A320,Glasgow,Dublin,Glasgow → Dublin,220,14:25,74.0,69.0,123.0,50,Crew Availability,0,94.0,49.0,2.8
FL14922,2024-04-28,4,Spring,Sunday,PolarAir,Airbus A320,Bristol,Malaga,Bristol → Malaga,1620,12:00,5.0,6.0,156.0,145,Technical,0,90.0,112.05,3.7
FL11610,2024-04-28,4,Spring,Sunday,CloudJet,Boeing 737,London Heathrow,New York JFK,London Heathrow → New York JFK,5570,13:15,17.0,22.0,450.0,420,Security,0,68.0,317.94,3.8
FL14021,2024-04-28,4,Spring,Sunday,Atlantic Wings,Boeing 777,London Gatwick,Rome Fiumicino,London Gatwick → Rome Fiumicino,1430,12:05,0.0,0.0,137.0,135,On Time,0,369.0,89.62,4.0
FL10214,2024-04-28,4,Spring,Sunday,NovaStar,Airbus A380,Birmingham,Istanbul,Birmingham → Istanbul,2680,17:15,0.0,0.0,212.0,210,On Time,0,396.0,163.66,4.1
FL11071,2024-04-28,4,Spring,Sunday,NovaStar,Embraer E190,Edinburgh,Amsterdam,Edinburgh → Amsterdam,700,15:25,10.0,12.0,107.0,85,Air Traffic Control,0,183.0,49.0,3.8
FL13697,2024-04-28,4,Spring,Sunday,NovaStar,Boeing 777,London Heathrow,New York JFK,London Heathrow → New York JFK,5570,10:05,0.0,15.0,438.0,420,On Time,0,263.0,244.55,4.3
FL13691,2024-04-28,4,Spring,Sunday,SkyWing Air,Boeing 737,Birmingham,Istanbul,Birmingham → Istanbul,2680,07:40,25.0,32.0,247.0,210,Air Traffic Control,0,80.0,151.83,3.5
FL14397,2024-04-28,4,Spring,Sunday,AeroSwift,Airbus A320,Bristol,Malaga,Bristol → Malaga,1620,06:35,0.0,14.0,168.0,145,On Time,0,154.0,138.8,4.3
FL14773,2024-04-28,4,Spring,Sunday,SkyWing Air,Boeing 737,Edinburgh,Amsterdam,Edinburgh → Amsterdam,700,09:05,1.0,10.0,90.0,85,Security,0,218.0,70.62,4.2
FL13420,2024-04-29,4,Spring,Monday,NovaStar,Embraer E190,Birmingham,Istanbul,Birmingham → Istanbul,2680,06:10,0.0,0.0,213.0,210,On Time,0,,133.63,4.0
FL10262,2024-04-29,4,Spring,Monday,Atlantic Wings,Airbus A320,London Heathrow,Toronto Pearson,London Heathrow → Toronto Pearson,5730,10:35,75.0,88.0,513.0,430,Technical,0,234.0,419.91,2.5
FL14699,2024-04-29,4,Spring,Monday,PolarAir,Boeing 737,Bristol,Malaga,Bristol → Malaga,1620,18:20,37.0,44.0,196.0,145,Weather,0,349.0,88.74,2.4
FL13758,2024-04-30,4,Spring,Tuesday,Atlantic Wings,Boeing 737,London Stansted,Warsaw Chopin,London Stansted → Warsaw Chopin,1470,08:20,20.0,12.0,143.0,135,Weather,0,74.0,134.4,4.1
FL12451,2024-04-30,4,Spring,Tuesday,Atlantic Wings,Airbus A320,London Heathrow,Singapore Changi,London Heathrow → Singapore Changi,10840,09:20,6.0,10.0,761.0,745,Weather,0,124.0,766.02,3.0
FL10510,2024-04-30,4,Spring,Tuesday,CloudJet,Boeing 777,London Gatwick,Rome Fiumicino,London Gatwick → Rome Fiumicino,1430,20:05,27.0,41.0,182.0,135,Late Aircraft,0,382.0,79.59,4.0
FL10853,2024-04-30,4,Spring,Tuesday,Atlantic Wings,Embraer E190,London Stansted,Warsaw Chopin,London Stansted → Warsaw Chopin,1470,21:55,0.0,0.0,145.0,135,On Time,0,215.0,103.41,4.2
FL10634,2024-04-30,4,Spring,Tuesday,Atlantic Wings,Airbus A380,London Heathrow,Dubai,London Heathrow → Dubai,5490,17:40,50.0,48.0,462.0,415,Security,0,177.0,360.02,2.2
FL14835,2024-04-30,4,Spring,Tuesday,NovaStar,Boeing 737,Manchester,Barcelona,Manchester → Barcelona,1440,19:40,0.0,0.0,140.0,130,On Time,0,187.0,70.86,4.3
FL11588,2024-04-30,4,Spring,Tuesday,Atlantic Wings,Boeing 777,London Heathrow,Dubai,London Heathrow → Dubai,5490,05:15,12.0,24.0,439.0,415,Weather,0,143.0,364.52,3.0
FL10237,2024-04-30,4,Spring,Tuesday,NovaStar,Airbus A320,Glasgow,Dublin,Glasgow → Dublin,220,16:10,2.0,2.0,49.0,50,Crew Availability,0,205.0,49.0,3.0
FL11185,2024-05-01,5,Spring,Wednesday,SkyWing Air,Boeing 737,London Heathrow,New York JFK,London Heathrow → New York JFK,5570,12:20,32.0,37.0,461.0,420,Weather,0,229.0,319.8,2.9
FL11480,2024-05-01,5,Spring,Wednesday,NovaStar,Airbus A320,London Heathrow,New York JFK,London Heathrow → New York JFK,5570,06:50,17.0,17.0,444.0,420,Security,0,362.0,279.82,4.0
FL13529,2024-05-01,5,Spring,Wednesday,NovaStar,Airbus A320,Glasgow,Dublin,Glasgow → Dublin,220,08:50,0.0,8.0,62.0,50,On Time,0,239.0,49.0,4.8
FL10597,2024-05-01,5,Spring,Wednesday,NovaStar,Boeing 777,London Heathrow,Singapore Changi,London Heathrow → Singapore Changi,10840,14:00,26.0,28.0,779.0,745,Weather,0,83.0,590.75,4.5
FL12511,2024-05-01,5,Spring,Wednesday,SkyWing Air,Boeing 737,Leeds Bradford,Alicante,Leeds Bradford → Alicante,1590,13:00,33.0,33.0,184.0,145,Security,0,285.0,164.51,2.9
FL13044,2024-05-01,5,Spring,Wednesday,Atlantic Wings,Embraer E190,Manchester,Barcelona,Manchester → Barcelona,1440,22:10,7.0,21.0,149.0,130,Security,0,345.0,84.53,3.1
FL14652,2024-05-01,5,Spring,Wednesday,AeroSwift,Boeing 777,Bristol,Malaga,Bristol → Malaga,1620,17:55,10.0,12.0,167.0,145,Air Traffic Control,0,119.0,125.74,3.9
FL10848,2024-05-02,5,Spring,Thursday,AeroSwift,Boeing 777,London Heathrow,Dubai,London Heathrow → Dubai,5490,09:15,1.0,2.0,412.0,415,Security,0,357.0,332.52,3.6
FL13491,2024-05-02,5,Spring,Thursday,SkyWing Air,Boeing 737,London Gatwick,Rome Fiumicino,London Gatwick → Rome Fiumicino,1430,05:10,23.0,24.0,161.0,135,Technical,0,75.0,139.77,4.2
FL10359,2024-05-03,5,Spring,Friday,AeroSwift,Embraer E190,Glasgow,Dublin,Glasgow → Dublin,220,09:35,0.0,3.0,53.0,50,On Time,0,258.0,49.0,4.4
FL12846,2024-05-03,5,Spring,Friday,PolarAir,Embraer E190,London Gatwick,Rome Fiumicino,London Gatwick → Rome Fiumicino,1430,16:35,3.0,9.0,140.0,135,Security,0,224.0,126.91,3.4
FL11277,2024-05-03,5,Spring,Friday,AeroSwift,Boeing 737,London Heathrow,New York JFK,London Heathrow → New York JFK,5570,10:40,0.0,1.0,420.0,420,On Time,0,380.0,318.9,4.9
FL14867,2024-05-03,5,Spring,Friday,AeroSwift,Boeing 737,London Heathrow,Dubai,London Heathrow → Dubai,5490,10:10,4.0,19.0,443.0,415,Technical,0,146.0,302.84,3.3
FL12120,2024-05-03,5,Spring,Friday,NovaStar,Embraer E190,Glasgow,Dublin,Glasgow → Dublin,220,06:05,11.0,21.0,75.0,50,Late Aircraft,0,264.0,49.0,4.3
FL13224,2024-05-03,5,Spring,Friday,PolarAir,Boeing 737,Bristol,Malaga,Bristol → Malaga,1620,10:30,,,,145,Security,1,273.0,128.33,1.3
FL11679,2024-05-04,5,Spring,Saturday,NovaStar,Boeing 737,London Heathrow,Toronto Pearson,London Heathrow → Toronto Pearson,5730,11:45,0.0,9.0,446.0,430,On Time,0,90.0,310.91,3.9
FL10992,2024-05-04,5,Spring,Saturday,SkyWing Air,,London Heathrow,Toronto Pearson,London Heathrow → Toronto Pearson,5730,14:30,18.0,11.0,442.0,430,Technical,0,135.0,414.73,3.5
FL14178,2024-05-05,5,Spring,Sunday,Atlantic Wings,Boeing 777,Leeds Bradford,Alicante,Leeds Bradford → Alicante,1590,10:45,,,,145,Air Traffic Control,1,280.0,170.91,2.1
FL10424,2024-05-05,5,Spring,Sunday,Atlantic Wings,Airbus A320,London Heathrow,Dubai,London Heathrow → Dubai,5490,11:15,0.0,0.0,423.0,415,On Time,0,171.0,364.53,4.0
FL13541,2024-05-06,5,Spring,Monday,CloudJet,Airbus A380,London Heathrow,New York JFK,London Heathrow → New York JFK,5570,18:35,42.0,47.0,464.0,420,Technical,0,175.0,372.57,2.2
FL11179,2024-05-06,5,Spring,Monday,SkyWing Air,Embraer E190,Manchester,Barcelona,Manchester → Barcelona,1440,07:20,2.0,0.0,126.0,130,Weather,0,344.0,85.12,3.1
FL11357,2024-05-06,5,Spring,Monday,AeroSwift,Boeing 777,Birmingham,Istanbul,Birmingham → Istanbul,2680,10:55,32.0,44.0,258.0,210,Late Aircraft,0,264.0,155.22,3.1
FL13387,2024-05-06,5,Spring,Monday,SkyWing Air,Boeing 737,London Heathrow,Toronto Pearson,London Heathrow → Toronto Pearson,5730,09:50,31.0,37.0,472.0,430,Security,0,182.0,377.88,3.2
FL11852,2024-05-06,5,Spring,Monday,PolarAir,Airbus A320,Bristol,Malaga,Bristol → Malaga,1620,13:20,36.0,39.0,188.0,145,Technical,0,105.0,145.76,2.1
FL13167,2024-05-06,5,Spring,Monday,PolarAir,Boeing 787,Leeds Bradford,Alicante,Leeds Bradford → Alicante,1590,13:40,0.0,14.0,167.0,145,On Time,0,101.0,139.78,4.3
FL13780,2024-05-06,5,Spring,Monday,PolarAir,Boeing 777,Glasgow,Dublin,Glasgow → Dublin,220,15:15,17.0,18.0,67.0,50,Air Traffic Control,0,200.0,49.0,4.4
FL11558,2024-05-06,5,Spring,Monday,AeroSwift,Boeing 787,London Heathrow,Toronto Pearson,London Heathrow → Toronto Pearson,5730,07:50,37.0,38.0,472.0,430,Weather,0,186.0,280.55,3.2
FL13263,2024-05-06,5,Spring,Monday,NovaStar,Airbus A320,London Heathrow,Dubai,London Heathrow → Dubai,5490,13:30,0.0,4.0,419.0,415,On Time,0,93.0,287.98,4.7
FL11049,2024-05-07,5,Spring,Tuesday,Atlantic Wings,Airbus A320,London Stansted,Warsaw Chopin,London Stansted → Warsaw Chopin,1470,19:05,33.0,27.0,162.0,135,Air Traffic Control,0,,108.02,3.2
FL14991,2024-05-07,5,Spring,Tuesday,Atlantic Wings,Airbus A320,Manchester,Barcelona,Manchester → Barcelona,1440,07:40,0.0,8.0,147.0,130,On Time,0,69.0,80.87,4.9
FL11217,2024-05-07,5,Spring,Tuesday,Atlantic Wings,Boeing 787,Bristol,Malaga,Bristol → Malaga,1620,15:10,4.0,0.0,151.0,145,Technical,0,287.0,179.99,4.4
FL13552,2024-05-07,5,Spring,Tuesday,SkyWing Air,Boeing 737,London Heathrow,New York JFK,London Heathrow → New York JFK,5570,14:20,1.0,15.0,443.0,420,Security,0,199.0,383.64,3.2
FL11860,2024-05-07,5,Spring,Tuesday,Atlantic Wings,Boeing 777,Edinburgh,Amsterdam,Edinburgh → Amsterdam,700,11:30,7.0,3.0,91.0,85,Weather,0,88.0,49.0,3.5
FL13391,2024-05-07,5,Spring,Tuesday,AeroSwift,Boeing 737,Edinburgh,Amsterdam,Edinburgh → Amsterdam,700,08:40,0.0,4.0,94.0,85,On Time,0,170.0,49.0,4.9
FL14593,2024-05-07,5,Spring,Tuesday,SkyWing Air,Boeing 777,London Stansted,Warsaw Chopin,London Stansted → Warsaw Chopin,1470,12:30,5.0,14.0,157.0,135,Security,0,176.0,138.56,4.4
FL11529,2024-05-08,5,Spring,Wednesday,PolarAir,Airbus A380,London Heathrow,New York JFK,London Heathrow → New York JFK,5570,15:25,32.0,44.0,459.0,420,Air Traffic Control,0,403.0,341.15,3.0
FL11675,2024-05-08,5,Spring,Wednesday,Atlantic Wings,Boeing 787,Edinburgh,Amsterdam,Edinburgh → Amsterdam,700,15:20,3.0,0.0,81.0,85,Air Traffic Control,0,348.0,65.19,3.8
FL11500,2024-05-08,5,Spring,Wednesday,CloudJet,Airbus A380,Edinburgh,Amsterdam,Edinburgh → Amsterdam,700,10:10,53.0,53.0,143.0,85,Late Aircraft,0,137.0,74.5,3.0
FL12019,2024-05-08,5,Spring,Wednesday,NovaStar,Airbus A320,London Heathrow,Singapore Changi,London Heathrow → Singapore Changi,10840,05:00,3.0,6.0,749.0,745,Air Traffic Control,0,304.0,588.93,4.3
FL10375,2024-05-08,5,Spring,Wednesday,AeroSwift,Airbus A320,London Heathrow,Toronto Pearson,London Heathrow → Toronto Pearson,5730,10:40,20.0,26.0,452.0,430,Late Aircraft,0,326.0,314.81,3.4
FL12068,2024-05-08,5,Spring,Wednesday,PolarAir,Airbus A320,London Heathrow,Dubai,London Heathrow → Dubai,5490,09:45,8.0,1.0,418.0,415,Security,0,242.0,328.48,3.5
FL11367,2024-05-08,5,Spring,Wednesday,PolarAir,Boeing 737,London Heathrow,Singapore Changi,London Heathrow → Singapore Changi,10840,14:00,2.0,14.0,765.0,745,Crew Availability,0,357.0,694.91,3.3
FL13436,2024-05-09,5,Spring,Thursday,CloudJet,Embraer E190,Edinburgh,Amsterdam,Edinburgh → Amsterdam,700,18:00,61.0,54.0,141.0,85,Late Aircraft,0,142.0,98.7,2.4
FL14952,2024-05-09,5,Spring,Thursday,NovaStar,Airbus A320,Manchester,Barcelona,Manchester → Barcelona,1440,12:45,1.0,14.0,151.0,130,Security,0,333.0,79.28,3.6
FL14814,2024-05-09,5,Spring,Thursday,AeroSwift,Airbus A320,London Gatwick,Rome Fiumicino,London Gatwick → Rome Fiumicino,1430,21:40,0.0,0.0,131.0,135,On Time,0,71.0,123.46,4.4
FL10344,2024-05-09,5,Spring,Thursday,AeroSwift,Embraer E190,Bristol,Malaga,Bristol → Malaga,1620,12:55,1.0,0.0,149.0,145,Security,0,79.0,84.34,4.1
FL14451,2024-05-09,5,Spring,Thursday,SkyWing Air,Boeing 737,Birmingham,Istanbul,Birmingham → Istanbul,2680,13:15,1.0,14.0,229.0,210,Weather,0,104.0,170.68,3.9
FL10224,2024-05-09,5,Spring,Thursday,Atlantic Wings,Airbus A320,London Heathrow,New York JFK,London Heathrow → New York JFK,5570,15:50,0.0,5.0,425.0,420,On Time,0,87.0,342.57,3.9
FL12984,2024-05-09,5,Spring,Thursday,NovaStar,Airbus A320,London Heathrow,Singapore Changi,London Heathrow → Singapore Changi,10840,14:30,0.0,0.0,755.0,745,On Time,0,161.0,536.43,4.9
FL11142,2024-05-09,5,Spring,Thursday,AeroSwift,Airbus A320,Birmingham,Istanbul,Birmingham → Istanbul,2680,05:45,2.0,12.0,224.0,210,Technical,0,235.0,165.78,3.8
FL11958,2024-05-09,5,Spring,Thursday,Atlantic Wings,Boeing 737,Manchester,Barcelona,Manchester → Barcelona,1440,08:10,0.0,10.0,139.0,130,On Time,0,83.0,119.7,3.9
FL10627,2024-05-09,5,Spring,Thursday,CloudJet,Boeing 737,London Gatwick,Rome Fiumicino,London Gatwick → Rome Fiumicino,1430,10:55,51.0,55.0,194.0,135,Technical,0,389.0,153.62,2.8
FL10704,2024-05-09,5,Spring,Thursday,AeroSwift,Airbus A320,London Heathrow,Dubai,London Heathrow → Dubai,5490,12:20,0.0,3.0,420.0,415,On Time,0,397.0,327.76,4.6
FL10958,2024-05-09,5,Spring,Thursday,NovaStar,Embraer E190,Manchester,Barcelona,Manchester → Barcelona,1440,07:25,0.0,2.0,133.0,130,On Time,0,390.0,122.81,4.0
FL10167,2024-05-10,5,Spring,Friday,SkyWing Air,Airbus A320,Birmingham,Istanbul,Birmingham → Istanbul,2680,08:15,4.0,11.0,222.0,210,Security,0,294.0,191.99,3.2
FL12804,2024-05-10,5,Spring,Friday,NovaStar,Boeing 777,London Heathrow,Singapore Changi,London Heathrow → Singapore Changi,10840,10:50,0.0,6.0,758.0,745,On Time,0,87.0,589.67,3.9
FL10289,2024-05-10,5,Spring,Friday,CloudJet,Boeing 737,London Heathrow,New York JFK,London Heathrow → New York JFK,5570,13:35,9.0,9.0,431.0,420,Air Traffic Control,0,81.0,362.47,4.0
FL14427,2024-05-10,5,Spring,Friday,AeroSwift,Boeing 737,London Stansted,Warsaw Chopin,London Stansted → Warsaw Chopin,1470,14:30,7.0,2.0,139.0,135,Air Traffic Control,0,174.0,114.86,3.4
FL14252,2024-05-10,5,Spring,Friday,AeroSwift,Embraer E190,Manchester,Barcelona,Manchester → Barcelona,1440,14:10,0.0,14.0,148.0,130,On Time,0,229.0,51.72,4.0
FL13434,2024-05-11,5,Spring,Saturday,PolarAir,Airbus A380,Manchester,Barcelona,Manchester → Barcelona,1440,16:35,7.0,10.0,139.0,130,Air Traffic Control,0,143.0,63.87,3.4
FL13384,2024-05-11,5,Spring,Saturday,Atlantic Wings,Airbus A380,Bristol,Malaga,Bristol → Malaga,1620,18:50,20.0,18.0,165.0,145,Air Traffic Control,0,382.0,162.34,3.1
FL14533,2024-05-11,5,Spring,Saturday,AeroSwift,Boeing 737,Glasgow,Dublin,Glasgow → Dublin,220,21:45,9.0,10.0,62.0,50,Security,0,312.0,64.1,4.4
FL14687,2024-05-11,5,Spring,Saturday,PolarAir,Airbus A320,London Heathrow,Singapore Changi,London Heathrow → Singapore Changi,10840,12:40,28.0,42.0,795.0,745,Air Traffic Control,0,74.0,674.54,4.0
FL13070,2024-05-12,5,Spring,Sunday,PolarAir,Boeing 787,Bristol,Malaga,Bristol → Malaga,1620,06:35,24.0,34.0,180.0,145,Crew Availability,0,125.0,93.95,4.1
FL11107,2024-05-12,5,Spring,Sunday,Atlantic Wings,Airbus A320,Bristol,Malaga,Bristol → Malaga,1620,08:40,0.0,0.0,146.0,145,On Time,0,328.0,121.19,4.8
FL12762,2024-05-12,5,Spring,Sunday,CloudJet,Boeing 777,London Heathrow,Toronto Pearson,London Heathrow → Toronto Pearson,5730,13:20,31.0,31.0,461.0,430,Weather,0,282.0,318.58,3.0
FL10470,2024-05-12,5,Spring,Sunday,SkyWing Air,Embraer E190,London Heathrow,New York JFK,London Heathrow → New York JFK,5570,20:05,28.0,29.0,457.0,420,Weather,0,246.0,418.18,4.0
FL10429,2024-05-12,5,Spring,Sunday,NovaStar,Embraer E190,Glasgow,Dublin,Glasgow → Dublin,220,05:35,5.0,18.0,72.0,50,Security,0,291.0,64.73,3.9
FL13748,2024-05-13,5,Spring,Monday,Atlantic Wings,Boeing 737,London Heathrow,New York JFK,London Heathrow → New York JFK,5570,17:30,0.0,4.0,420.0,420,On Time,0,237.0,408.92,4.2
FL12687,2024-05-13,5,Spring,Monday,Atlantic Wings,Airbus A320,London Gatwick,Rome Fiumicino,London Gatwick → Rome Fiumicino,1430,19:50,13.0,6.0,139.0,135,Crew Availability,0,100.0,49.0,4.0
FL11242,2024-05-13,5,Spring,Monday,PolarAir,Airbus A380,London Gatwick,Rome Fiumicino,London Gatwick → Rome Fiumicino,1430,17:50,8.0,15.0,157.0,135,Air Traffic Control,0,368.0,64.19,3.3
FL10690,2024-05-13,5,Spring,Monday,Atlantic Wings,Boeing 737,London Heathrow,Dubai,London Heathrow → Dubai,5490,19:30,20.0,22.0,446.0,415,Crew Availability,0,142.0,317.49,3.3
FL11685,2024-05-13,5,Spring,Monday,Atlantic Wings,Boeing 787,London Heathrow,Dubai,London Heathrow → Dubai,5490,08:35,0.0,11.0,429.0,415,On Time,0,326.0,416.45,4.4
FL11335,2024-05-13,5,Spring,Monday,PolarAir,Boeing 737,London Gatwick,Rome Fiumicino,London Gatwick → Rome Fiumicino,1430,06:20,25.0,18.0,154.0,135,Air Traffic Control,0,223.0,88.11,3.1
FL10315,2024-05-13,5,Spring,Monday,CloudJet,Boeing 777,London Gatwick,Rome Fiumicino,London Gatwick → Rome Fiumicino,1430,06:45,,,,135,Weather,1,413.0,65.36,1.2
FL10044,2024-05-14,5,Spring,Tuesday,AeroSwift,Embraer E190,Birmingham,Istanbul,Birmingham → Istanbul,2680,20:25,2.0,13.0,226.0,210,Crew Availability,0,344.0,167.13,3.0
FL12989,2024-05-14,5,Spring,Tuesday,SkyWing Air,Boeing 787,Edinburgh,Amsterdam,Edinburgh → Amsterdam,700,20:45,4.0,11.0,91.0,85,Weather,0,413.0,49.0,4.5
FL13498,2024-05-14,5,Spring,Tuesday,Atlantic Wings,Boeing 737,Leeds Bradford,Alicante,Leeds Bradford → Alicante,1590,08:10,2.0,0.0,151.0,145,Air Traffic Control,0,331.0,101.68,4.1
FL10554,2024-05-15,5,Spring,Wednesday,AeroSwift,Boeing 737,Leeds Bradford,Alicante,Leeds Bradford → Alicante,1590,22:35,0.0,11.0,153.0,145,On Time,0,145.0,118.87,4.4
FL10815,2024-05-15,5,Spring,Wednesday,Atlantic Wings,Boeing 787,Leeds Bradford,Alicante,Leeds Bradford → Alicante,1590,07:00,0.0,11.0,156.0,145,On Time,0,180.0,118.51,4.2
FL10777,2024-05-15,5,Spring,Wednesday,NovaStar,Airbus A380,London Heathrow,Singapore Changi,London Heathrow → Singapore Changi,10840,21:00,0.0,8.0,754.0,745,On Time,0,269.0,576.85,3.9
FL12258,2024-05-15,5,Spring,Wednesday,PolarAir,,London Heathrow,New York JFK,London Heathrow → New York JFK,5570,10:50,0.0,13.0,431.0,420,On Time,0,298.0,335.04,4.6
FL13191,2024-05-16,5,Spring,Thursday,Atlantic Wings,Airbus A320,Edinburgh,Amsterdam,Edinburgh → Amsterdam,700,22:45,40.0,42.0,137.0,85,Security,0,290.0,49.0,3.3
FL12642,2024-05-16,5,Spring,Thursday,AeroSwift,Embraer E190,London Heathrow,Toronto Pearson,London Heathrow → Toronto Pearson,5730,06:35,0.0,0.0,433.0,430,On Time,0,361.0,289.1,4.9
FL12185,2024-05-16,5,Spring,Thursday,Atlantic Wings,Boeing 777,Leeds Bradford,Alicante,Leeds Bradford → Alicante,1590,22:15,0.0,13.0,158.0,145,On Time,0,282.0,112.47,4.1
FL12947,2024-05-17,5,Spring,Friday,SkyWing Air,Boeing 777,Bristol,Malaga,Bristol → Malaga,1620,17:55,44.0,43.0,198.0,145,Late Aircraft,0,313.0,108.89,3.0
FL14647,2024-05-17,5,Spring,Friday,AeroSwift,Boeing 777,London Heathrow,Dubai,London Heathrow → Dubai,5490,12:40,0.0,0.0,423.0,415,On Time,0,274.0,263.52,4.9
FL10438,2024-05-17,5,Spring,Friday,CloudJet,Boeing 777,London Stansted,Warsaw Chopin,London Stansted → Warsaw Chopin,1470,13:00,0.0,3.0,145.0,135,On Time,0,,92.13,4.7
FL13757,2024-05-17,5,Spring,Friday,PolarAir,Boeing 737,London Heathrow,Toronto Pearson,London Heathrow → Toronto Pearson,5730,08:00,28.0,21.0,447.0,430,Technical,0,311.0,353.03,4.3
FL14723,2024-05-17,5,Spring,Friday,AeroSwift,Airbus A380,London Heathrow,Dubai,London Heathrow → Dubai,5490,21:20,0.0,0.0,413.0,415,On Time,0,235.0,324.79,4.0
FL10055,2024-05-18,5,Spring,Saturday,SkyWing Air,Airbus A320,Bristol,Malaga,Bristol → Malaga,1620,09:25,0.0,0.0,145.0,145,On Time,0,228.0,129.47,4.3
FL10637,2024-05-18,5,Spring,Saturday,CloudJet,Airbus A320,Birmingham,Istanbul,Birmingham → Istanbul,2680,21:05,22.0,35.0,244.0,210,Security,0,229.0,213.42,3.5
FL11435,2024-05-18,5,Spring,Saturday,Atlantic Wings,Boeing 737,Leeds Bradford,Alicante,Leeds Bradford → Alicante,1590,14:00,132.0,134.0,280.0,145,Weather,0,171.0,75.92,1.0
FL13524,2024-05-18,5,Spring,Saturday,SkyWing Air,Airbus A320,Edinburgh,Amsterdam,Edinburgh → Amsterdam,700,08:10,25.0,24.0,111.0,85,Crew Availability,0,194.0,49.0,4.3
FL13253,2024-05-19,5,Spring,Sunday,Atlantic Wings,Airbus A380,London Gatwick,Rome Fiumicino,London Gatwick → Rome Fiumicino,1430,06:45,6.0,0.0,131.0,135,Crew Availability,0,91.0,112.71,4.2
FL14345,2024-05-19,5,Spring,Sunday,AeroSwift,Airbus A320,Manchester,Barcelona,Manchester → Barcelona,1440,14:55,9.0,19.0,145.0,130,Crew Availability,0,181.0,73.9,3.7
FL11505,2024-05-19,5,Spring,Sunday,Atlantic Wings,Embraer E190,London Heathrow,Singapore Changi,London Heathrow → Singapore Changi,10840,16:15,1.0,0.0,753.0,745,Technical,0,241.0,786.54,3.1
FL14465,2024-05-19,5,Spring,Sunday,SkyWing Air,Airbus A380,London Heathrow,Singapore Changi,London Heathrow → Singapore Changi,10840,10:05,40.0,43.0,796.0,745,Crew Availability,0,165.0,691.47,2.4
FL11288,2024-05-19,5,Spring,Sunday,NovaStar,Boeing 777,London Heathrow,Toronto Pearson,London Heathrow → Toronto Pearson,5730,06:55,14.0,19.0,451.0,430,Technical,0,219.0,327.46,4.4
FL11188,2024-05-19,5,Spring,Sunday,Atlantic Wings,Boeing 777,Edinburgh,Amsterdam,Edinburgh → Amsterdam,700,09:15,12.0,18.0,101.0,85,Crew Availability,0,272.0,60.0,3.6
FL14563,2024-05-19,5,Spring,Sunday,SkyWing Air,Boeing 787,Glasgow,Dublin,Glasgow → Dublin,220,17:30,24.0,21.0,69.0,50,Late Aircraft,0,414.0,49.0,3.0
FL11490,2024-05-20,5,Spring,Monday,AeroSwift,Embraer E190,Glasgow,Dublin,Glasgow → Dublin,220,12:10,0.0,0.0,57.0,50,On Time,0,173.0,49.0,4.2
FL10698,2024-05-20,5,Spring,Monday,PolarAir,Boeing 787,London Heathrow,New York JFK,London Heathrow → New York JFK,5570,16:30,47.0,53.0,478.0,420,Technical,0,362.0,347.48,2.6
FL14888,2024-05-20,5,Spring,Monday,AeroSwift,Airbus A380,London Heathrow,Singapore Changi,London Heathrow → Singapore Changi,10840,06:55,27.0,23.0,767.0,745,Security,0,317.0,566.21,3.0
FL14272,2024-05-20,5,Spring,Monday,Atlantic Wings,Airbus A380,Birmingham,Istanbul,Birmingham → Istanbul,2680,11:45,13.0,27.0,243.0,210,Late Aircraft,0,343.0,230.12,3.1
FL11821,2024-05-20,5,Spring,Monday,PolarAir,Boeing 787,Manchester,Barcelona,Manchester → Barcelona,1440,14:05,2.0,0.0,131.0,130,Crew Availability,0,267.0,69.02,4.2
FL14403,2024-05-20,5,Spring,Monday,NovaStar,Boeing 777,Glasgow,Dublin,Glasgow → Dublin,220,05:55,0.0,7.0,57.0,50,On Time,0,68.0,58.0,4.4
FL10948,2024-05-20,5,Spring,Monday,CloudJet,Boeing 737,Leeds Bradford,Alicante,Leeds Bradford → Alicante,1590,08:30,49.0,63.0,203.0,145,Late Aircraft,0,405.0,134.99,2.1
FL14555,2024-05-20,5,Spring,Monday,NovaStar,Boeing 737,Edinburgh,Amsterdam,Edinburgh → Amsterdam,700,09:15,0.0,6.0,88.0,85,On Time,0,376.0,70.58,3.9
FL11956,2024-05-20,5,Spring,Monday,AeroSwift,Airbus A380,Edinburgh,Amsterdam,Edinburgh → Amsterdam,700,09:15,0.0,14.0,94.0,85,On Time,0,278.0,49.0,3.9
FL12233,2024-05-20,5,Spring,Monday,Atlantic Wings,Airbus A320,Manchester,Barcelona,Manchester → Barcelona,1440,06:20,12.0,8.0,143.0,130,Crew Availability,0,163.0,67.37,3.5
FL13732,2024-05-20,5,Spring,Monday,SkyWing Air,Boeing 777,London Heathrow,Singapore Changi,London Heathrow → Singapore Changi,10840,09:25,0.0,11.0,751.0,745,On Time,0,409.0,734.38,4.6
FL13230,2024-05-20,5,Spring,Monday,CloudJet,Embraer E190,London Heathrow,Toronto Pearson,London Heathrow → Toronto Pearson,5730,11:55,32.0,34.0,470.0,430,Late Aircraft,0,390.0,406.9,3.4
FL10767,2024-05-20,5,Spring,Monday,CloudJet,Boeing 777,London Heathrow,New York JFK,London Heathrow → New York JFK,5570,19:40,13.0,18.0,443.0,420,Air Traffic Control,0,256.0,305.99,3.5
FL12559,2024-05-20,5,Spring,Monday,SkyWing Air,Boeing 777,London Heathrow,Dubai,London Heathrow → Dubai,5490,09:35,31.0,42.0,463.0,415,Crew Availability,0,83.0,392.17,2.2
FL13943,2024-05-21,5,Spring,Tuesday,Atlantic Wings,Airbus A380,Bristol,Malaga,Bristol → Malaga,1620,08:25,,,,145,Crew Availability,1,371.0,152.84,2.1
FL12877,2024-05-21,5,Spring,Tuesday,PolarAir,Airbus A320,London Stansted,Warsaw Chopin,London Stansted → Warsaw Chopin,1470,10:00,35.0,35.0,175.0,135,Security,0,252.0,81.03,2.2
FL14618,2024-05-21,5,Spring,Tuesday,PolarAir,Boeing 777,London Stansted,Warsaw Chopin,London Stansted → Warsaw Chopin,1470,10:00,0.0,0.0,134.0,135,On Time,0,85.0,70.39,4.0
FL11752,2024-05-21,5,Spring,Tuesday,Atlantic Wings,Embraer E190,Manchester,Barcelona,Manchester → Barcelona,1440,17:30,0.0,0.0,129.0,130,On Time,0,218.0,109.35,4.3
FL12054,2024-05-22,5,Spring,Wednesday,NovaStar,Boeing 787,London Stansted,Warsaw Chopin,London Stansted → Warsaw Chopin,1470,08:05,3.0,1.0,138.0,135,Late Aircraft,0,69.0,106.21,4.1
FL14044,2024-05-22,5,Spring,Wednesday,Atlantic Wings,Boeing 777,London Heathrow,Toronto Pearson,London Heathrow → Toronto Pearson,5730,18:55,12.0,23.0,450.0,430,Air Traffic Control,0,168.0,449.51,4.3
FL14497,2024-05-22,5,Spring,Wednesday,SkyWing Air,Airbus A320,Edinburgh,Amsterdam,Edinburgh → Amsterdam,700,22:00,0.0,0.0,81.0,85,On Time,0,349.0,126.59,4.9
FL13264,2024-05-22,5,Spring,Wednesday,AeroSwift,Airbus A320,London Heathrow,Dubai,London Heathrow → Dubai,5490,07:55,3.0,1.0,414.0,415,Weather,0,263.0,329.56,3.6
FL11994,2024-05-22,5,Spring,Wednesday,PolarAir,Airbus A320,London Heathrow,Toronto Pearson,London Heathrow → Toronto Pearson,5730,18:40,0.0,0.0,434.0,430,On Time,0,253.0,321.2,3.9
FL12145,2024-05-22,5,Spring,Wednesday,SkyWing Air,Boeing 777,London Gatwick,Rome Fiumicino,London Gatwick → Rome Fiumicino,1430,20:40,7.0,6.0,142.0,135,Technical,0,212.0,74.52,3.3
FL13006,2024-05-22,5,Spring,Wednesday,AeroSwift,Boeing 737,Bristol,Malaga,Bristol → Malaga,1620,08:50,0.0,3.0,144.0,145,On Time,0,416.0,110.54,4.7
FL14693,2024-05-22,5,Spring,Wednesday,NovaStar,Boeing 777,Birmingham,Istanbul,Birmingham → Istanbul,2680,07:20,0.0,12.0,232.0,210,On Time,0,419.0,129.03,4.1
FL10693,2024-05-22,5,Spring,Wednesday,PolarAir,Boeing 787,Glasgow,Dublin,Glasgow → Dublin,220,20:15,7.0,5.0,58.0,50,Crew Availability,0,261.0,58.09,3.2
FL11765,2024-05-22,5,Spring,Wednesday,PolarAir,Boeing 737,London Gatwick,Rome Fiumicino,London Gatwick → Rome Fiumicino,1430,13:15,0.0,3.0,133.0,135,On Time,0,222.0,70.74,3.8
FL11321,2024-05-23,5,Spring,Thursday,PolarAir,Boeing 777,London Gatwick,Rome Fiumicino,London Gatwick → Rome Fiumicino,1430,08:45,17.0,18.0,161.0,135,Weather,0,163.0,94.71,3.6
FL14106,2024-05-23,5,Spring,Thursday,AeroSwift,Airbus A320,London Stansted,Warsaw Chopin,London Stansted → Warsaw Chopin,1470,15:00,12.0,20.0,156.0,135,Late Aircraft,0,200.0,54.81,3.5
FL13642,2024-05-23,5,Spring,Thursday,SkyWing Air,Airbus A320,Edinburgh,Amsterdam,Edinburgh → Amsterdam,700,14:30,0.0,14.0,100.0,85,On Time,0,228.0,98.04,3.9
FL10199,2024-05-23,5,Spring,Thursday,CloudJet,Boeing 777,Glasgow,Dublin,Glasgow → Dublin,220,10:55,32.0,35.0,88.0,50,Technical,0,120.0,49.0,3.2
FL10372,2024-05-23,5,Spring,Thursday,NovaStar,Boeing 777,Leeds Bradford,Alicante,Leeds Bradford → Alicante,1590,08:35,0.0,11.0,158.0,145,On Time,0,208.0,49.0,5.0
FL11039,2024-05-24,5,Spring,Friday,PolarAir,Boeing 787,London Heathrow,Toronto Pearson,London Heathrow → Toronto Pearson,5730,10:55,2.0,8.0,443.0,430,Technical,0,276.0,410.09,4.0
FL10921,2024-05-24,5,Spring,Friday,AeroSwift,Boeing 777,Manchester,Barcelona,Manchester → Barcelona,1440,06:00,0.0,0.0,128.0,130,On Time,0,177.0,60.97,3.8
FL10952,2024-05-24,5,Spring,Friday,PolarAir,Airbus A320,Manchester,Barcelona,Manchester → Barcelona,1440,08:40,30.0,28.0,168.0,130,Late Aircraft,0,281.0,132.54,3.7
FL14180,2024-05-24,5,Spring,Friday,SkyWing Air,Boeing 737,Manchester,Barcelona,Manchester → Barcelona,1440,22:20,0.0,0.0,138.0,130,On Time,0,142.0,95.49,3.9
FL11669,2024-05-24,5,Spring,Friday,AeroSwift,Boeing 737,Bristol,Malaga,Bristol → Malaga,1620,08:00,1.0,0.0,143.0,145,Weather,0,200.0,88.81,3.8
FL14027,2024-05-24,5,Spring,Friday,CloudJet,Airbus A320,Leeds Bradford,Alicante,Leeds Bradford → Alicante,1590,08:15,0.0,0.0,149.0,145,On Time,0,196.0,112.65,3.9
FL11472,2024-05-25,5,Spring,Saturday,PolarAir,Airbus A380,London Gatwick,Rome Fiumicino,London Gatwick → Rome Fiumicino,1430,20:10,69.0,79.0,212.0,135,Late Aircraft,0,223.0,98.3,2.7
FL11977,2024-05-25,5,Spring,Saturday,SkyWing Air,Boeing 787,London Stansted,Warsaw Chopin,London Stansted → Warsaw Chopin,1470,10:20,1.0,15.0,153.0,135,Weather,0,137.0,135.62,3.2
FL12486,2024-05-25,5,Spring,Saturday,PolarAir,Airbus A380,Bristol,Malaga,Bristol → Malaga,1620,18:00,0.0,6.0,150.0,145,On Time,0,219.0,101.67,4.2
FL12879,2024-05-25,5,Spring,Saturday,PolarAir,Embraer E190,London Heathrow,Dubai,London Heathrow → Dubai,5490,13:20,0.0,0.0,422.0,415,On Time,0,88.0,367.36,4.2
FL11636,2024-05-25,5,Spring,Saturday,NovaStar,Boeing 737,London Heathrow,Toronto Pearson,London Heathrow → Toronto Pearson,5730,22:05,0.0,7.0,443.0,430,On Time,0,291.0,295.38,4.6
FL10788,2024-05-26,5,Spring,Sunday,CloudJet,Boeing 737,London Heathrow,Toronto Pearson,London Heathrow → Toronto Pearson,5730,15:35,0.0,8.0,435.0,430,On Time,0,,305.87,4.3
FL14506,2024-05-26,5,Spring,Sunday,PolarAir,Boeing 737,Edinburgh,Amsterdam,Edinburgh → Amsterdam,700,16:55,9.0,13.0,96.0,85,Technical,0,101.0,49.0,3.8
FL11817,2024-05-26,5,Spring,Sunday,SkyWing Air,Boeing 787,London Heathrow,Singapore Changi,London Heathrow → Singapore Changi,10840,11:25,2.0,15.0,760.0,745,Crew Availability,0,118.0,769.53,3.6
FL14904,2024-05-26,5,Spring,Sunday,CloudJet,Boeing 737,London Heathrow,Dubai,London Heathrow → Dubai,5490,06:20,28.0,27.0,443.0,415,Crew Availability,0,173.0,367.73,3.6
FL12417,2024-05-26,5,Spring,Sunday,NovaStar,Boeing 777,London Gatwick,Rome Fiumicino,London Gatwick → Rome Fiumicino,1430,07:55,0.0,1.0,142.0,135,On Time,0,379.0,82.63,4.2
FL10456,2024-05-26,5,Spring,Sunday,CloudJet,Airbus A380,Leeds Bradford,Alicante,Leeds Bradford → Alicante,1590,15:45,1.0,13.0,164.0,145,Late Aircraft,0,303.0,170.41,4.0
FL14162,2024-05-26,5,Spring,Sunday,SkyWing Air,Embraer E190,London Gatwick,Rome Fiumicino,London Gatwick → Rome Fiumicino,1430,07:30,51.0,58.0,188.0,135,Crew Availability,0,398.0,151.95,3.2
FL12663,2024-05-27,5,Spring,Monday,Atlantic Wings,Boeing 787,London Heathrow,Singapore Changi,London Heathrow → Singapore Changi,10840,09:35,117.0,109.0,851.0,745,Air Traffic Control,0,182.0,751.99,2.5
FL12447,2024-05-27,5,Spring,Monday,PolarAir,Airbus A320,Manchester,Barcelona,Manchester → Barcelona,1440,20:55,9.0,19.0,146.0,130,Technical,0,384.0,63.6,3.2
FL14379,2024-05-27,5,Spring,Monday,SkyWing Air,Airbus A320,Bristol,Malaga,Bristol → Malaga,1620,10:35,7.0,4.0,153.0,145,Air Traffic Control,0,274.0,77.6,3.4
FL14284,2024-05-27,5,Spring,Monday,SkyWing Air,Boeing 737,London Heathrow,Dubai,London Heathrow → Dubai,5490,07:00,0.0,0.0,421.0,415,On Time,0,312.0,395.09,4.2
FL12314,2024-05-27,5,Spring,Monday,PolarAir,Airbus A320,London Heathrow,Singapore Changi,London Heathrow → Singapore Changi,10840,21:15,13.0,20.0,761.0,745,Crew Availability,0,202.0,622.63,3.2
FL13811,2024-05-27,5,Spring,Monday,NovaStar,Boeing 777,Birmingham,Istanbul,Birmingham → Istanbul,2680,09:45,0.0,0.0,209.0,210,On Time,0,257.0,140.3,4.2
FL10558,2024-05-28,5,Spring,Tuesday,NovaStar,Boeing 777,Glasgow,Dublin,Glasgow → Dublin,220,08:20,0.0,0.0,48.0,50,On Time,0,96.0,49.0,4.2
FL14401,2024-05-28,5,Spring,Tuesday,CloudJet,Embraer E190,London Heathrow,New York JFK,London Heathrow → New York JFK,5570,17:20,12.0,4.0,434.0,420,Crew Availability,0,362.0,349.19,4.0
FL11284,2024-05-28,5,Spring,Tuesday,SkyWing Air,Airbus A320,Birmingham,Istanbul,Birmingham → Istanbul,2680,13:25,51.0,56.0,275.0,210,Late Aircraft,0,80.0,230.42,2.6
FL11201,2024-05-28,5,Spring,Tuesday,AeroSwift,Boeing 737,London Stansted,Warsaw Chopin,London Stansted → Warsaw Chopin,1470,06:30,0.0,0.0,142.0,135,On Time,0,305.0,126.1,4.0
FL12390,2024-05-28,5,Spring,Tuesday,PolarAir,Embraer E190,Glasgow,Dublin,Glasgow → Dublin,220,20:05,0.0,6.0,58.0,50,On Time,0,203.0,49.0,3.9
FL14567,2024-05-28,5,Spring,Tuesday,AeroSwift,Airbus A320,London Stansted,Warsaw Chopin,London Stansted → Warsaw Chopin,1470,16:35,13.0,10.0,155.0,135,Weather,0,103.0,87.28,4.2
FL13277,2024-05-29,5,Spring,Wednesday,PolarAir,Embraer E190,Manchester,Barcelona,Manchester → Barcelona,1440,15:05,97.0,89.0,218.0,130,Technical,0,363.0,83.95,1.9
FL10280,2024-05-29,5,Spring,Wednesday,SkyWing Air,Embraer E190,London Gatwick,Rome Fiumicino,London Gatwick → Rome Fiumicino,1430,15:20,8.0,9.0,151.0,135,Late Aircraft,0,262.0,50.68,4.2
FL12723,2024-05-29,5,Spring,Wednesday,SkyWing Air,Boeing 787,London Stansted,Warsaw Chopin,London Stansted → Warsaw Chopin,1470,09:25,,,,135,Technical,1,308.0,123.96,1.4
FL10346,2024-05-29,5,Spring,Wednesday,Atlantic Wings,Boeing 737,Edinburgh,Amsterdam,Edinburgh → Amsterdam,700,10:50,99.0,103.0,185.0,85,Late Aircraft,0,173.0,76.97,1.6
FL10720,2024-05-29,5,Spring,Wednesday,Atlantic Wings,Boeing 737,Glasgow,Dublin,Glasgow → Dublin,220,18:05,21.0,17.0,68.0,50,Crew Availability,0,281.0,49.0,3.9
FL13889,2024-05-29,5,Spring,Wednesday,Atlantic Wings,Airbus A320,London Gatwick,Rome Fiumicino,London Gatwick → Rome Fiumicino,1430,15:30,11.0,21.0,165.0,135,Security,0,101.0,142.04,3.1
FL14937,2024-05-29,5,Spring,Wednesday,CloudJet,Embraer E190,Manchester,Barcelona,Manchester → Barcelona,1440,13:30,46.0,45.0,183.0,130,Technical,0,101.0,128.16,2.8
FL10140,2024-05-29,5,Spring,Wednesday,Atlantic Wings,Airbus A380,London Gatwick,Rome Fiumicino,London Gatwick → Rome Fiumicino,1430,14:50,31.0,32.0,169.0,135,Air Traffic Control,0,172.0,106.92,3.4
FL14395,2024-05-30,5,Spring,Thursday,Atlantic Wings,Airbus A320,Manchester,Barcelona,Manchester → Barcelona,1440,06:50,28.0,43.0,174.0,130,Weather,0,116.0,123.69,3.9
FL14441,2024-05-30,5,Spring,Thursday,CloudJet,Airbus A320,London Heathrow,Dubai,London Heathrow → Dubai,5490,15:10,0.0,0.0,425.0,415,On Time,0,366.0,344.59,4.7
FL10723,2024-05-30,5,Spring,Thursday,Atlantic Wings,Airbus A320,Leeds Bradford,Alicante,Leeds Bradford → Alicante,1590,06:25,17.0,22.0,176.0,145,Late Aircraft,0,74.0,85.23,4.4
FL10148,2024-05-30,5,Spring,Thursday,CloudJet,Embraer E190,Edinburgh,Amsterdam,Edinburgh → Amsterdam,700,10:55,0.0,10.0,100.0,85,On Time,0,181.0,49.0,4.2
FL14823,2024-05-30,5,Spring,Thursday,AeroSwift,Airbus A320,London Heathrow,Toronto Pearson,London Heathrow → Toronto Pearson,5730,09:15,0.0,2.0,436.0,430,On Time,0,302.0,269.61,4.2
FL12445,2024-05-30,5,Spring,Thursday,Atlantic Wings,Airbus A320,Bristol,Malaga,Bristol → Malaga,1620,09:05,11.0,18.0,173.0,145,Crew Availability,0,214.0,137.28,4.2
FL11596,2024-05-30,5,Spring,Thursday,CloudJet,Boeing 777,Manchester,Barcelona,Manchester → Barcelona,1440,08:05,47.0,40.0,180.0,130,Crew Availability,0,,68.15,3.1
FL12615,2024-05-30,5,Spring,Thursday,NovaStar,Airbus A320,Leeds Bradford,Alicante,Leeds Bradford → Alicante,1590,22:10,11.0,7.0,158.0,145,Crew Availability,0,90.0,70.39,3.8
FL12518,2024-05-30,5,Spring,Thursday,PolarAir,Airbus A320,London Heathrow,Toronto Pearson,London Heathrow → Toronto Pearson,5730,13:55,41.0,49.0,486.0,430,Air Traffic Control,0,206.0,344.88,2.8
FL14156,2024-05-31,5,Spring,Friday,Atlantic Wings,Boeing 737,Edinburgh,Amsterdam,Edinburgh → Amsterdam,700,10:10,6.0,4.0,90.0,85,Late Aircraft,0,93.0,79.04,3.8
FL10452,2024-05-31,5,Spring,Friday,Atlantic Wings,Airbus A320,Bristol,Malaga,Bristol → Malaga,1620,14:45,4.0,17.0,162.0,145,Weather,0,241.0,116.48,4.5
FL10706,2024-05-31,5,Spring,Friday,SkyWing Air,Boeing 737,Manchester,Barcelona,Manchester → Barcelona,1440,10:25,67.0,73.0,204.0,130,Security,0,264.0,76.11,2.3
FL12507,2024-05-31,5,Spring,Friday,CloudJet,Airbus A320,London Heathrow,Singapore Changi,London Heathrow → Singapore Changi,10840,07:35,,,,745,Weather,1,346.0,621.8,2.0
FL14707,2024-05-31,5,Spring,Friday,SkyWing Air,Boeing 777,Manchester,Barcelona,Manchester → Barcelona,1440,10:25,0.0,9.0,144.0,130,On Time,0,348.0,146.4,4.6
FL12809,2024-06-01,6,Summer,Saturday,SkyWing Air,Boeing 787,London Heathrow,Singapore Changi,London Heathrow → Singapore Changi,10840,22:55,1.0,12.0,757.0,745,Crew Availability,0,207.0,953.16,3.1
FL11298,2024-06-01,6,Summer,Saturday,PolarAir,Airbus A320,London Gatwick,Rome Fiumicino,London Gatwick → Rome Fiumicino,1430,22:50,29.0,42.0,173.0,135,Late Aircraft,0,117.0,128.61,3.7
FL12194,2024-06-01,6,Summer,Saturday,PolarAir,Boeing 777,London Gatwick,Rome Fiumicino,London Gatwick → Rome Fiumicino,1430,18:45,18.0,23.0,165.0,135,Crew Availability,0,,116.36,4.2
FL12315,2024-06-01,6,Summer,Saturday,NovaStar,Airbus A380,London Heathrow,Dubai,London Heathrow → Dubai,5490,07:35,0.0,3.0,417.0,415,On Time,0,124.0,362.66,4.5
FL14936,2024-06-02,6,Summer,Sunday,SkyWing Air,Airbus A320,London Heathrow,Singapore Changi,London Heathrow → Singapore Changi,10840,10:35,4.0,12.0,758.0,745,Weather,0,65.0,849.47,4.1
FL12767,2024-06-02,6,Summer,Sunday,NovaStar,Boeing 777,London Heathrow,Dubai,London Heathrow → Dubai,5490,08:20,0.0,9.0,433.0,415,On Time,0,387.0,393.42,4.6
FL13091,2024-06-02,6,Summer,Sunday,CloudJet,Airbus A320,Leeds Bradford,Alicante,Leeds Bradford → Alicante,1590,14:25,4.0,3.0,151.0,145,Crew Availability,0,82.0,96.01,3.7
FL12931,2024-06-02,6,Summer,Sunday,PolarAir,Boeing 787,London Heathrow,Toronto Pearson,London Heathrow → Toronto Pearson,5730,17:15,,,,430,Technical,1,140.0,498.77,1.2
FL11391,2024-06-02,6,Summer,Sunday,NovaStar,Embraer E190,Manchester,Barcelona,Manchester → Barcelona,1440,12:40,0.0,0.0,140.0,130,On Time,0,338.0,73.94,4.4
FL10378,2024-06-02,6,Summer,Sunday,SkyWing Air,Boeing 787,Bristol,Malaga,Bristol → Malaga,1620,11:10,3.0,10.0,159.0,145,Crew Availability,0,227.0,213.17,3.2
FL13347,2024-06-02,6,Summer,Sunday,SkyWing Air,Boeing 777,London Stansted,Warsaw Chopin,London Stansted → Warsaw Chopin,1470,19:55,15.0,7.0,143.0,135,Security,0,178.0,87.79,3.6
FL14415,2024-06-03,6,Summer,Monday,SkyWing Air,Boeing 787,London Gatwick,Rome Fiumicino,London Gatwick → Rome Fiumicino,1430,22:35,63.0,56.0,190.0,135,Technical,0,111.0,185.77,3.1
FL13101,2024-06-03,6,Summer,Monday,PolarAir,Boeing 777,Birmingham,Istanbul,Birmingham → Istanbul,2680,19:25,,,,210,Security,1,342.0,219.64,2.3
FL10733,2024-06-03,6,Summer,Monday,Atlantic Wings,Airbus A320,Glasgow,Dublin,Glasgow → Dublin,220,15:55,0.0,10.0,66.0,50,On Time,0,359.0,49.0,4.5
FL14325,2024-06-03,6,Summer,Monday,NovaStar,Airbus A320,London Heathrow,Toronto Pearson,London Heathrow → Toronto Pearson,5730,10:55,0.0,0.0,439.0,430,On Time,0,199.0,328.79,
FL14029,2024-06-03,6,Summer,Monday,Atlantic Wings,Boeing 737,London Heathrow,Toronto Pearson,London Heathrow → Toronto Pearson,5730,14:00,8.0,11.0,438.0,430,Late Aircraft,0,365.0,438.44,4.3
FL12554,2024-06-03,6,Summer,Monday,PolarAir,Boeing 737,London Heathrow,Singapore Changi,London Heathrow → Singapore Changi,10840,14:30,0.0,9.0,756.0,745,On Time,0,190.0,841.63,4.6
FL11349,2024-06-03,6,Summer,Monday,Atlantic Wings,Boeing 737,Birmingham,Istanbul,Birmingham → Istanbul,2680,10:25,31.0,44.0,264.0,210,Late Aircraft,0,191.0,287.58,2.9
FL14123,2024-06-03,6,Summer,Monday,CloudJet,Boeing 737,Edinburgh,Amsterdam,Edinburgh → Amsterdam,700,19:45,0.0,13.0,93.0,85,On Time,0,412.0,133.99,4.4
FL13034,2024-06-03,6,Summer,Monday,PolarAir,,London Heathrow,Singapore Changi,London Heathrow → Singapore Changi,10840,08:40,28.0,40.0,793.0,745,Crew Availability,0,77.0,871.76,4.4
FL10845,2024-06-03,6,Summer,Monday,SkyWing Air,Boeing 777,London Gatwick,Rome Fiumicino,London Gatwick → Rome Fiumicino,1430,09:40,1.0,10.0,141.0,135,Weather,0,288.0,97.65,3.9
FL14716,2024-06-04,6,Summer,Tuesday,SkyWing Air,Boeing 777,London Stansted,Warsaw Chopin,London Stansted → Warsaw Chopin,1470,15:05,,,,135,Crew Availability,1,139.0,153.37,2.3
FL12899,2024-06-04,6,Summer,Tuesday,SkyWing Air,Airbus A320,Glasgow,Dublin,Glasgow → Dublin,220,22:35,16.0,20.0,70.0,50,Technical,0,316.0,49.0,3.5
FL12456,2024-06-04,6,Summer,Tuesday,CloudJet,Boeing 737,London Heathrow,Toronto Pearson,London Heathrow → Toronto Pearson,5730,21:25,1.0,10.0,445.0,430,Air Traffic Control,0,327.0,441.91,3.7
FL11850,2024-06-05,6,Summer,Wednesday,NovaStar,Boeing 787,Glasgow,Dublin,Glasgow → Dublin,220,10:45,10.0,17.0,77.0,50,Air Traffic Control,0,251.0,53.57,3.9
FL12676,2024-06-05,6,Summer,Wednesday,NovaStar,Boeing 777,London Gatwick,Rome Fiumicino,London Gatwick → Rome Fiumicino,1430,06:55,3.0,14.0,149.0,135,Weather,0,259.0,94.65,3.0
FL11732,2024-06-05,6,Summer,Wednesday,NovaStar,Airbus A380,London Heathrow,Toronto Pearson,London Heathrow → Toronto Pearson,5730,08:55,0.0,0.0,427.0,430,On Time,0,91.0,341.97,4.1
FL11036,2024-06-05,6,Summer,Wednesday,CloudJet,Boeing 777,London Gatwick,Rome Fiumicino,London Gatwick → Rome Fiumicino,1430,05:30,27.0,26.0,166.0,135,Air Traffic Control,0,167.0,72.69,3.4
FL13848,2024-06-05,6,Summer,Wednesday,CloudJet,Embraer E190,London Heathrow,Toronto Pearson,London Heathrow → Toronto Pearson,5730,07:40,19.0,14.0,444.0,430,Security,0,134.0,455.24,3.2
FL12714,2024-06-05,6,Summer,Wednesday,NovaStar,Airbus A320,Edinburgh,Amsterdam,Edinburgh → Amsterdam,700,11:20,0.0,0.0,82.0,85,On Time,0,187.0,66.3,4.3
FL11637,2024-06-05,6,Summer,Wednesday,PolarAir,Airbus A380,Glasgow,Dublin,Glasgow → Dublin,220,09:15,13.0,9.0,56.0,50,Security,0,229.0,89.17,3.8
FL11411,2024-06-05,6,Summer,Wednesday,SkyWing Air,Boeing 777,London Gatwick,Rome Fiumicino,London Gatwick → Rome Fiumicino,1430,15:50,1.0,0.0,137.0,135,Security,0,363.0,83.75,3.5
FL14908,2024-06-06,6,Summer,Thursday,PolarAir,Airbus A320,London Gatwick,Rome Fiumicino,London Gatwick → Rome Fiumicino,1430,18:50,8.0,21.0,153.0,135,Late Aircraft,0,265.0,134.93,3.9
FL14336,2024-06-06,6,Summer,Thursday,Atlantic Wings,Airbus A320,London Gatwick,Rome Fiumicino,London Gatwick → Rome Fiumicino,1430,22:45,78.0,72.0,213.0,135,Security,0,311.0,142.92,2.9
FL14394,2024-06-06,6,Summer,Thursday,AeroSwift,Boeing 737,Bristol,Malaga,Bristol → Malaga,1620,08:15,23.0,16.0,158.0,145,Weather,0,204.0,146.5,3.8
FL12312,2024-06-06,6,Summer,Thursday,PolarAir,Airbus A320,Bristol,Malaga,Bristol → Malaga,1620,13:55,38.0,41.0,182.0,145,Technical,0,187.0,138.76,2.5
FL12320,2024-06-06,6,Summer,Thursday,SkyWing Air,Airbus A380,London Heathrow,Singapore Changi,London Heathrow → Singapore Changi,10840,06:20,0.0,2.0,752.0,745,On Time,0,136.0,985.17,4.3
FL10532,2024-06-06,6,Summer,Thursday,CloudJet,Boeing 737,London Heathrow,New York JFK,London Heathrow → New York JFK,5570,20:40,23.0,24.0,451.0,420,Weather,0,417.0,398.22,3.2
FL14324,2024-06-07,6,Summer,Friday,PolarAir,Airbus A380,London Heathrow,Dubai,London Heathrow → Dubai,5490,05:25,26.0,26.0,446.0,415,Weather,0,175.0,386.83,4.5
FL12566,2024-06-07,6,Summer,Friday,AeroSwift,Airbus A320,Birmingham,Istanbul,Birmingham → Istanbul,2680,09:30,8.0,4.0,213.0,210,Weather,0,388.0,223.42,4.1
FL11630,2024-06-07,6,Summer,Friday,NovaStar,Embraer E190,London Heathrow,Singapore Changi,London Heathrow → Singapore Changi,10840,07:55,0.0,0.0,750.0,745,On Time,0,241.0,659.92,4.6
FL10695,2024-06-07,6,Summer,Friday,CloudJet,Airbus A320,London Stansted,Warsaw Chopin,London Stansted → Warsaw Chopin,1470,21:45,3.0,15.0,156.0,135,Security,0,263.0,85.9,3.0
FL12435,2024-06-07,6,Summer,Friday,Atlantic Wings,Embraer E190,Leeds Bradford,Alicante,Leeds Bradford → Alicante,1590,12:25,195.0,201.0,343.0,145,Air Traffic Control,0,104.0,187.31,1.1
FL10311,2024-06-07,6,Summer,Friday,CloudJet,Boeing 737,London Heathrow,Singapore Changi,London Heathrow → Singapore Changi,10840,12:45,35.0,43.0,798.0,745,Late Aircraft,0,336.0,828.99,2.0
FL10967,2024-06-07,6,Summer,Friday,PolarAir,Embraer E190,Manchester,Barcelona,Manchester → Barcelona,1440,11:45,0.0,0.0,135.0,130,On Time,0,193.0,141.74,4.3
FL12699,2024-06-07,6,Summer,Friday,SkyWing Air,Airbus A380,London Heathrow,New York JFK,London Heathrow → New York JFK,5570,07:50,3.0,11.0,441.0,420,Crew Availability,0,153.0,499.17,3.4
FL14473,2024-06-07,6,Summer,Friday,AeroSwift,Embraer E190,London Heathrow,New York JFK,London Heathrow → New York JFK,5570,10:40,0.0,5.0,421.0,420,On Time,0,334.0,386.34,3.8
FL13142,2024-06-07,6,Summer,Friday,SkyWing Air,Airbus A380,London Heathrow,New York JFK,London Heathrow → New York JFK,5570,06:00,,,,420,Technical,1,293.0,481.75,1.8
FL14444,2024-06-07,6,Summer,Friday,CloudJet,Airbus A320,London Heathrow,Singapore Changi,London Heathrow → Singapore Changi,10840,12:35,3.0,11.0,762.0,745,Crew Availability,0,,821.88,4.4
FL10515,2024-06-07,6,Summer,Friday,NovaStar,Boeing 777,London Gatwick,Rome Fiumicino,London Gatwick → Rome Fiumicino,1430,22:50,26.0,18.0,156.0,135,Security,0,183.0,85.26,4.2
FL10881,2024-06-07,6,Summer,Friday,AeroSwift,Embraer E190,Manchester,Barcelona,Manchester → Barcelona,1440,08:15,0.0,0.0,136.0,130,On Time,0,329.0,88.84,4.5
FL14375,2024-06-07,6,Summer,Friday,AeroSwift,Boeing 787,Leeds Bradford,Alicante,Leeds Bradford → Alicante,1590,07:15,31.0,34.0,179.0,145,Crew Availability,0,137.0,64.85,2.1
FL12371,2024-06-07,6,Summer,Friday,NovaStar,Boeing 787,Edinburgh,Amsterdam,Edinburgh → Amsterdam,700,16:50,13.0,26.0,111.0,85,Crew Availability,0,295.0,49.0,3.8
FL11940,2024-06-08,6,Summer,Saturday,NovaStar,Boeing 737,Bristol,Malaga,Bristol → Malaga,1620,22:30,0.0,0.0,149.0,145,On Time,0,319.0,168.81,4.2
FL11535,2024-06-08,6,Summer,Saturday,Atlantic Wings,Boeing 777,London Gatwick,Rome Fiumicino,London Gatwick → Rome Fiumicino,1430,07:15,77.0,91.0,223.0,135,Technical,0,298.0,89.4,
FL12658,2024-06-08,6,Summer,Saturday,NovaStar,Boeing 737,London Heathrow,Toronto Pearson,London Heathrow → Toronto Pearson,5730,15:55,11.0,15.0,445.0,430,Technical,0,284.0,396.49,3.1
FL13618,2024-06-08,6,Summer,Saturday,AeroSwift,Boeing 737,Manchester,Barcelona,Manchester → Barcelona,1440,20:40,35.0,35.0,168.0,130,Weather,0,124.0,88.29,3.4
FL12302,2024-06-08,6,Summer,Saturday,Atlantic Wings,Boeing 737,London Heathrow,Dubai,London Heathrow → Dubai,5490,05:10,23.0,27.0,446.0,415,Late Aircraft,0,306.0,498.28,3.4
FL12042,2024-06-09,6,Summer,Sunday,SkyWing Air,Airbus A320,London Stansted,Warsaw Chopin,London Stansted → Warsaw Chopin,1470,19:40,0.0,14.0,148.0,135,On Time,0,,109.03,4.3
FL13279,2024-06-09,6,Summer,Sunday,SkyWing Air,Boeing 737,Edinburgh,Amsterdam,Edinburgh → Amsterdam,700,09:55,9.0,1.0,91.0,85,Weather,0,,49.0,4.5
FL14244,2024-06-10,6,Summer,Monday,AeroSwift,Airbus A320,Leeds Bradford,Alicante,Leeds Bradford → Alicante,1590,22:10,24.0,33.0,177.0,145,Air Traffic Control,0,314.0,133.38,3.1
FL13597,2024-06-10,6,Summer,Monday,PolarAir,Airbus A320,Edinburgh,Amsterdam,Edinburgh → Amsterdam,700,16:20,,,,85,Late Aircraft,1,104.0,49.0,2.0
FL13659,2024-06-10,6,Summer,Monday,SkyWing Air,Boeing 737,London Heathrow,Dubai,London Heathrow → Dubai,5490,19:00,16.0,15.0,431.0,415,Crew Availability,0,359.0,430.88,3.2
FL12290,2024-06-10,6,Summer,Monday,PolarAir,Embraer E190,Manchester,Barcelona,Manchester → Barcelona,1440,13:55,0.0,0.0,140.0,130,On Time,0,365.0,74.57,4.4
FL12357,2024-06-10,6,Summer,Monday,SkyWing Air,,London Stansted,Warsaw Chopin,London Stansted → Warsaw Chopin,1470,06:20,9.0,3.0,143.0,135,Security,0,198.0,94.93,3.2
FL11129,2024-06-11,6,Summer,Tuesday,AeroSwift,Airbus A380,Glasgow,Dublin,Glasgow → Dublin,220,13:25,1.0,3.0,62.0,50,Technical,0,71.0,51.14,3.7
FL13484,2024-06-11,6,Summer,Tuesday,AeroSwift,Airbus A380,Manchester,Barcelona,Manchester → Barcelona,1440,06:40,5.0,20.0,156.0,130,Late Aircraft,0,307.0,104.99,
FL14057,2024-06-11,6,Summer,Tuesday,AeroSwift,Boeing 777,Edinburgh,Amsterdam,Edinburgh → Amsterdam,700,07:40,0.0,9.0,92.0,85,On Time,0,261.0,109.48,3.9
FL13934,2024-06-11,6,Summer,Tuesday,Atlantic Wings,Boeing 777,London Heathrow,New York JFK,London Heathrow → New York JFK,5570,13:25,,,,420,Security,1,341.0,531.35,2.4
FL11231,2024-06-11,6,Summer,Tuesday,SkyWing Air,Boeing 777,Leeds Bradford,Alicante,Leeds Bradford → Alicante,1590,06:15,6.0,1.0,144.0,145,Weather,0,67.0,91.76,3.3
FL10875,2024-06-11,6,Summer,Tuesday,AeroSwift,Boeing 737,Manchester,Barcelona,Manchester → Barcelona,1440,08:05,8.0,22.0,156.0,130,Late Aircraft,0,374.0,68.94,3.2
FL11880,2024-06-11,6,Summer,Tuesday,NovaStar,Boeing 777,Bristol,Malaga,Bristol → Malaga,1620,16:40,0.0,4.0,155.0,145,On Time,0,277.0,163.08,4.6
FL11252,2024-06-11,6,Summer,Tuesday,AeroSwift,Boeing 737,Bristol,Malaga,Bristol → Malaga,1620,12:20,15.0,9.0,151.0,145,Technical,0,78.0,69.81,3.4
FL10463,2024-06-11,6,Summer,Tuesday,PolarAir,Boeing 737,London Gatwick,Rome Fiumicino,London Gatwick → Rome Fiumicino,1430,08:35,7.0,9.0,151.0,135,Late Aircraft,0,225.0,144.69,3.9
FL14124,2024-06-11,6,Summer,Tuesday,PolarAir,Embraer E190,London Heathrow,New York JFK,London Heathrow → New York JFK,5570,07:55,0.0,14.0,436.0,420,On Time,0,378.0,468.62,4.0
FL11763,2024-06-11,6,Summer,Tuesday,Atlantic Wings,Boeing 737,Glasgow,Dublin,Glasgow → Dublin,220,22:55,32.0,38.0,95.0,50,Crew Availability,0,103.0,92.35,3.4
FL13015,2024-06-11,6,Summer,Tuesday,Atlantic Wings,Boeing 787,London Gatwick,Rome Fiumicino,London Gatwick → Rome Fiumicino,1430,21:55,53.0,58.0,201.0,135,Air Traffic Control,0,335.0,186.76,3.3
FL12393,2024-06-12,6,Summer,Wednesday,CloudJet,Embraer E190,London Heathrow,Singapore Changi,London Heathrow → Singapore Changi,10840,08:00,80.0,73.0,827.0,745,Crew Availability,0,385.0,813.8,2.1
FL13688,2024-06-12,6,Summer,Wednesday,AeroSwift,Airbus A320,Glasgow,Dublin,Glasgow → Dublin,220,13:20,4.0,13.0,70.0,50,Technical,0,128.0,65.7,3.6
FL12591,2024-06-12,6,Summer,Wednesday,SkyWing Air,Boeing 737,London Gatwick,Rome Fiumicino,London Gatwick → Rome Fiumicino,1430,09:05,23.0,27.0,167.0,135,Weather,0,,152.35,4.2
FL11088,2024-06-12,6,Summer,Wednesday,CloudJet,Boeing 737,Glasgow,Dublin,Glasgow → Dublin,220,20:30,43.0,42.0,91.0,50,Late Aircraft,0,197.0,85.23,2.8
FL13684,2024-06-12,6,Summer,Wednesday,Atlantic Wings,Airbus A380,Edinburgh,Amsterdam,Edinburgh → Amsterdam,700,17:20,4.0,0.0,95.0,85,Technical,0,336.0,49.0,
FL14934,2024-06-12,6,Summer,Wednesday,NovaStar,Embraer E190,London Heathrow,Dubai,London Heathrow → Dubai,5490,11:20,0.0,0.0,424.0,415,On Time,0,112.0,360.94,3.9
FL11819,2024-06-12,6,Summer,Wednesday,CloudJet,Boeing 737,Glasgow,Dublin,Glasgow → Dublin,220,07:55,21.0,20.0,68.0,50,Crew Availability,0,138.0,49.0,3.7
FL12364,2024-06-13,6,Summer,Thursday,CloudJet,Boeing 737,Manchester,Barcelona,Manchester → Barcelona,1440,15:25,7.0,16.0,148.0,130,Technical,0,,107.32,3.3
FL12101,2024-06-13,6,Summer,Thursday,PolarAir,Embraer E190,Glasgow,Dublin,Glasgow → Dublin,220,15:55,83.0,77.0,137.0,50,Air Traffic Control,0,409.0,52.2,
FL11814,2024-06-13,6,Summer,Thursday,Atlantic Wings,Boeing 777,London Heathrow,Dubai,London Heathrow → Dubai,5490,18:40,0.0,0.0,423.0,415,On Time,0,99.0,497.25,4.4
FL12231,2024-06-13,6,Summer,Thursday,SkyWing Air,Boeing 737,Glasgow,Dublin,Glasgow → Dublin,220,17:00,11.0,24.0,81.0,50,Security,0,137.0,49.0,4.3
FL10291,2024-06-13,6,Summer,Thursday,CloudJet,Boeing 787,London Heathrow,Singapore Changi,London Heathrow → Singapore Changi,10840,09:15,16.0,19.0,774.0,745,Air Traffic Control,0,306.0,791.52,4.3
FL14307,2024-06-13,6,Summer,Thursday,CloudJet,Airbus A380,Edinburgh,Amsterdam,Edinburgh → Amsterdam,700,11:15,2.0,1.0,93.0,85,Crew Availability,0,73.0,49.0,3.6
FL14729,2024-06-14,6,Summer,Friday,PolarAir,Boeing 777,Manchester,Barcelona,Manchester → Barcelona,1440,08:50,64.0,72.0,201.0,130,Technical,0,386.0,90.34,2.8
FL11910,2024-06-14,6,Summer,Friday,Atlantic Wings,Airbus A320,Edinburgh,Amsterdam,Edinburgh → Amsterdam,700,22:20,19.0,23.0,106.0,85,Weather,0,,87.33,3.0
FL11741,2024-06-14,6,Summer,Friday,CloudJet,Airbus A320,London Gatwick,Rome Fiumicino,London Gatwick → Rome Fiumicino,1430,06:15,,,,135,Security,1,299.0,155.96,2.2
FL12358,2024-06-14,6,Summer,Friday,CloudJet,Embraer E190,London Stansted,Warsaw Chopin,London Stansted → Warsaw Chopin,1470,07:05,4.0,9.0,149.0,135,Crew Availability,0,342.0,129.47,3.2
FL10312,2024-06-14,6,Summer,Friday,PolarAir,Airbus A380,Birmingham,Istanbul,Birmingham → Istanbul,2680,06:00,43.0,47.0,255.0,210,Security,0,226.0,247.94,2.5
FL10342,2024-06-14,6,Summer,Friday,AeroSwift,Boeing 737,London Gatwick,Rome Fiumicino,London Gatwick → Rome Fiumicino,1430,09:15,0.0,2.0,132.0,135,On Time,0,413.0,147.63,4.8
FL13099,2024-06-14,6,Summer,Friday,AeroSwift,Airbus A380,London Heathrow,New York JFK,London Heathrow → New York JFK,5570,12:05,44.0,53.0,479.0,420,Late Aircraft,0,383.0,412.4,3.0
FL13308,2024-06-14,6,Summer,Friday,PolarAir,Boeing 737,Leeds Bradford,Alicante,Leeds Bradford → Alicante,1590,20:30,1.0,6.0,155.0,145,Crew Availability,0,99.0,135.02,3.1
FL14855,2024-06-15,6,Summer,Saturday,SkyWing Air,Airbus A320,Glasgow,Dublin,Glasgow → Dublin,220,22:15,59.0,54.0,105.0,50,Late Aircraft,0,335.0,49.0,2.6
FL13573,2024-06-15,6,Summer,Saturday,NovaStar,Airbus A380,London Stansted,Warsaw Chopin,London Stansted → Warsaw Chopin,1470,14:45,0.0,8.0,145.0,135,On Time,0,63.0,71.2,4.7
FL14378,2024-06-15,6,Summer,Saturday,PolarAir,Boeing 787,Manchester,Barcelona,Manchester → Barcelona,1440,18:15,27.0,30.0,155.0,130,Security,0,245.0,140.47,4.5
FL11658,2024-06-15,6,Summer,Saturday,AeroSwift,Boeing 737,Manchester,Barcelona,Manchester → Barcelona,1440,08:10,0.0,0.0,135.0,130,On Time,0,178.0,103.43,4.8
FL11942,2024-06-15,6,Summer,Saturday,AeroSwift,Embraer E190,London Heathrow,Singapore Changi,London Heathrow → Singapore Changi,10840,16:35,0.0,6.0,760.0,745,On Time,0,293.0,676.63,4.3
FL14404,2024-06-16,6,Summer,Sunday,SkyWing Air,Boeing 737,London Heathrow,New York JFK,London Heathrow → New York JFK,5570,20:15,28.0,24.0,439.0,420,Air Traffic Control,0,319.0,421.76,4.1
FL12694,2024-06-16,6,Summer,Sunday,NovaStar,Embraer E190,Glasgow,Dublin,Glasgow → Dublin,220,18:15,4.0,19.0,71.0,50,Weather,0,353.0,62.08,3.5
FL14425,2024-06-16,6,Summer,Sunday,Atlantic Wings,,London Gatwick,Rome Fiumicino,London Gatwick → Rome Fiumicino,1430,09:00,63.0,68.0,202.0,135,Crew Availability,0,144.0,144.37,
FL12491,2024-06-16,6,Summer,Sunday,Atlantic Wings,Boeing 787,Glasgow,Dublin,Glasgow → Dublin,220,07:45,4.0,4.0,57.0,50,Air Traffic Control,0,69.0,72.92,4.1
FL12251,2024-06-16,6,Summer,Sunday,PolarAir,Airbus A320,Bristol,Malaga,Bristol → Malaga,1620,08:45,8.0,17.0,159.0,145,Late Aircraft,0,166.0,118.14,4.3
FL12492,2024-06-16,6,Summer,Sunday,PolarAir,Airbus A380,London Stansted,Warsaw Chopin,London Stansted → Warsaw Chopin,1470,08:30,5.0,4.0,143.0,135,Crew Availability,0,199.0,137.52,3.1
FL12031,2024-06-16,6,Summer,Sunday,CloudJet,Embraer E190,Edinburgh,Amsterdam,Edinburgh → Amsterdam,700,10:55,120.0,134.0,227.0,85,Crew Availability,0,319.0,109.0,1.2
FL12817,2024-06-17,6,Summer,Monday,Atlantic Wings,Boeing 737,London Heathrow,Toronto Pearson,London Heathrow → Toronto Pearson,5730,06:50,4.0,0.0,429.0,430,Technical,0,103.0,450.69,3.4
FL14491,2024-06-17,6,Summer,Monday,PolarAir,Boeing 777,London Heathrow,Singapore Changi,London Heathrow → Singapore Changi,10840,07:05,38.0,40.0,786.0,745,Crew Availability,0,362.0,863.8,3.2
FL11230,2024-06-17,6,Summer,Monday,AeroSwift,Boeing 777,Edinburgh,Amsterdam,Edinburgh → Amsterdam,700,14:05,0.0,0.0,95.0,85,On Time,0,75.0,108.62,4.3
FL12362,2024-06-17,6,Summer,Monday,PolarAir,Airbus A320,London Heathrow,Singapore Changi,London Heathrow → Singapore Changi,10840,17:20,0.0,14.0,758.0,745,On Time,0,297.0,850.41,4.0
FL14198,2024-06-17,6,Summer,Monday,CloudJet,Embraer E190,London Heathrow,New York JFK,London Heathrow → New York JFK,5570,08:20,9.0,20.0,444.0,420,Late Aircraft,0,249.0,477.15,4.0
FL11823,2024-06-17,6,Summer,Monday,Atlantic Wings,Airbus A320,Leeds Bradford,Alicante,Leeds Bradford → Alicante,1590,11:45,,,,145,Security,1,279.0,143.05,2.0
FL12672,2024-06-17,6,Summer,Monday,SkyWing Air,Boeing 777,Birmingham,Istanbul,Birmingham → Istanbul,2680,16:45,0.0,0.0,215.0,210,On Time,0,395.0,244.56,4.9
FL13073,2024-06-17,6,Summer,Monday,PolarAir,Boeing 777,Glasgow,Dublin,Glasgow → Dublin,220,14:45,0.0,0.0,60.0,50,On Time,0,325.0,49.0,4.3
FL12226,2024-06-17,6,Summer,Monday,CloudJet,Embraer E190,Leeds Bradford,Alicante,Leeds Bradford → Alicante,1590,10:45,90.0,94.0,248.0,145,Weather,0,152.0,171.54,
FL10330,2024-06-17,6,Summer,Monday,SkyWing Air,Airbus A320,London Gatwick,Rome Fiumicino,London Gatwick → Rome Fiumicino,1430,20:20,14.0,7.0,143.0,135,Crew Availability,0,117.0,111.06,3.4
FL10319,2024-06-17,6,Summer,Monday,PolarAir,Boeing 737,London Heathrow,Singapore Changi,London Heathrow → Singapore Changi,10840,11:00,20.0,19.0,767.0,745,Crew Availability,0,418.0,795.07,4.1
FL10274,2024-06-17,6,Summer,Monday,SkyWing Air,Boeing 737,Glasgow,Dublin,Glasgow → Dublin,220,21:40,35.0,29.0,81.0,50,Air Traffic Control,0,169.0,49.0,3.0
FL10748,2024-06-17,6,Summer,Monday,AeroSwift,Airbus A380,London Gatwick,Rome Fiumicino,London Gatwick → Rome Fiumicino,1430,07:15,10.0,25.0,156.0,135,Technical,0,180.0,119.59,4.0
FL14777,2024-06-18,6,Summer,Tuesday,NovaStar,Airbus A320,Leeds Bradford,Alicante,Leeds Bradford → Alicante,1590,18:15,0.0,14.0,162.0,145,On Time,0,260.0,104.14,4.5
FL10794,2024-06-18,6,Summer,Tuesday,NovaStar,Airbus A380,London Heathrow,Toronto Pearson,London Heathrow → Toronto Pearson,5730,14:25,11.0,21.0,454.0,430,Security,0,375.0,365.41,4.0
FL14644,2024-06-18,6,Summer,Tuesday,NovaStar,Boeing 737,London Gatwick,Rome Fiumicino,London Gatwick → Rome Fiumicino,1430,19:00,9.0,19.0,157.0,135,Weather,0,330.0,126.1,3.7
FL14129,2024-06-18,6,Summer,Tuesday,Atlantic Wings,Boeing 737,London Heathrow,Dubai,London Heathrow → Dubai,5490,14:25,5.0,0.0,420.0,415,Technical,0,260.0,476.68,3.3
FL13763,2024-06-18,6,Summer,Tuesday,AeroSwift,Airbus A320,Leeds Bradford,Alicante,Leeds Bradford → Alicante,1590,14:30,5.0,12.0,164.0,145,Security,0,338.0,78.58,4.3
FL14406,2024-06-18,6,Summer,Tuesday,NovaStar,Airbus A320,London Heathrow,Toronto Pearson,London Heathrow → Toronto Pearson,5730,09:40,2.0,0.0,435.0,430,Air Traffic Control,0,194.0,331.86,3.7
FL12975,2024-06-19,6,Summer,Wednesday,SkyWing Air,Airbus A320,London Gatwick,Rome Fiumicino,London Gatwick → Rome Fiumicino,1430,10:05,0.0,12.0,155.0,135,On Time,0,259.0,134.41,3.9
FL10050,2024-06-19,6,Summer,Wednesday,PolarAir,Boeing 787,Bristol,Malaga,Bristol → Malaga,1620,05:20,21.0,26.0,167.0,145,Air Traffic Control,0,372.0,105.67,4.4
FL12632,2024-06-19,6,Summer,Wednesday,PolarAir,Airbus A320,London Heathrow,Toronto Pearson,London Heathrow → Toronto Pearson,5730,07:05,18.0,23.0,455.0,430,Crew Availability,0,,390.29,3.9
FL12446,2024-06-20,6,Summer,Thursday,AeroSwift,Airbus A380,London Gatwick,Rome Fiumicino,London Gatwick → Rome Fiumicino,1430,10:55,25.0,19.0,154.0,135,Air Traffic Control,0,310.0,148.78,3.8
FL11018,2024-06-20,6,Summer,Thursday,PolarAir,Boeing 777,Manchester,Barcelona,Manchester → Barcelona,1440,07:35,0.0,0.0,131.0,130,On Time,0,97.0,103.78,4.5
FL12298,2024-06-20,6,Summer,Thursday,NovaStar,Boeing 787,Glasgow,Dublin,Glasgow → Dublin,220,14:40,1.0,14.0,61.0,50,Weather,0,77.0,59.77,3.6
FL10959,2024-06-20,6,Summer,Thursday,NovaStar,Boeing 737,London Gatwick,Rome Fiumicino,London Gatwick → Rome Fiumicino,1430,16:30,11.0,3.0,141.0,135,Air Traffic Control,0,164.0,67.77,3.2
FL11140,2024-06-20,6,Summer,Thursday,PolarAir,Boeing 777,Bristol,Malaga,Bristol → Malaga,1620,15:15,15.0,26.0,171.0,145,Air Traffic Control,0,386.0,198.4,3.4
FL14796,2024-06-20,6,Summer,Thursday,SkyWing Air,Embraer E190,Birmingham,Istanbul,Birmingham → Istanbul,2680,08:40,0.0,12.0,227.0,210,On Time,0,351.0,206.41,4.7
FL10823,2024-06-20,6,Summer,Thursday,NovaStar,Boeing 737,Bristol,Malaga,Bristol → Malaga,1620,08:25,2.0,0.0,143.0,145,Security,0,255.0,134.28,3.8
FL12351,2024-06-21,6,Summer,Friday,SkyWing Air,Boeing 777,Glasgow,Dublin,Glasgow → Dublin,220,08:50,0.0,11.0,59.0,50,On Time,0,169.0,85.79,5.0
FL10993,2024-06-21,6,Summer,Friday,Atlantic Wings,Boeing 777,London Gatwick,Rome Fiumicino,London Gatwick → Rome Fiumicino,1430,18:00,8.0,4.0,141.0,135,Air Traffic Control,0,305.0,99.06,4.2
FL11100,2024-06-21,6,Summer,Friday,SkyWing Air,Boeing 787,London Heathrow,New York JFK,London Heathrow → New York JFK,5570,12:15,25.0,17.0,435.0,420,Security,0,231.0,417.25,4.2
FL12265,2024-06-21,6,Summer,Friday,SkyWing Air,Boeing 787,Leeds Bradford,Alicante,Leeds Bradford → Alicante,1590,15:00,14.0,20.0,161.0,145,Technical,0,200.0,105.28,3.1
FL14545,2024-06-21,6,Summer,Friday,Atlantic Wings,Boeing 737,London Stansted,Warsaw Chopin,London Stansted → Warsaw Chopin,1470,21:15,,,,135,Weather,1,290.0,90.23,2.4
FL11153,2024-06-21,6,Summer,Friday,NovaStar,Airbus A320,London Heathrow,Singapore Changi,London Heathrow → Singapore Changi,10840,06:45,14.0,21.0,776.0,745,Technical,0,413.0,678.37,4.5
FL11586,2024-06-21,6,Summer,Friday,Atlantic Wings,Boeing 777,London Stansted,Warsaw Chopin,London Stansted → Warsaw Chopin,1470,08:30,41.0,42.0,184.0,135,Crew Availability,0,357.0,136.28,2.3
FL11806,2024-06-21,6,Summer,Friday,PolarAir,Airbus A320,Leeds Bradford,Alicante,Leeds Bradford → Alicante,1590,22:00,38.0,34.0,183.0,145,Technical,0,401.0,81.38,2.6
FL12008,2024-06-21,6,Summer,Friday,PolarAir,Boeing 777,London Heathrow,New York JFK,London Heathrow → New York JFK,5570,08:15,135.0,130.0,552.0,420,Crew Availability,0,261.0,484.18,2.1
FL12911,2024-06-22,6,Summer,Saturday,AeroSwift,Boeing 737,Edinburgh,Amsterdam,Edinburgh → Amsterdam,700,21:00,0.0,0.0,82.0,85,On Time,0,371.0,55.08,4.8
FL10106,2024-06-22,6,Summer,Saturday,NovaStar,Embraer E190,Glasgow,Dublin,Glasgow → Dublin,220,07:40,3.0,7.0,53.0,50,Late Aircraft,0,385.0,49.0,3.6
FL11767,2024-06-22,6,Summer,Saturday,PolarAir,Boeing 737,London Heathrow,New York JFK,London Heathrow → New York JFK,5570,15:50,9.0,2.0,422.0,420,Weather,0,194.0,446.69,3.4
FL14368,2024-06-22,6,Summer,Saturday,NovaStar,Boeing 737,London Heathrow,Toronto Pearson,London Heathrow → Toronto Pearson,5730,07:20,1.0,15.0,442.0,430,Technical,0,139.0,400.81,3.1
FL12765,2024-06-22,6,Summer,Saturday,AeroSwift,Boeing 737,Leeds Bradford,Alicante,Leeds Bradford → Alicante,1590,19:10,0.0,0.0,152.0,145,On Time,0,156.0,79.17,4.0
FL12867,2024-06-23,6,Summer,Sunday,PolarAir,Boeing 737,Bristol,Malaga,Bristol → Malaga,1620,10:35,29.0,36.0,188.0,145,Security,0,375.0,114.86,3.1
FL13435,2024-06-23,6,Summer,Sunday,Atlantic Wings,Airbus A320,Edinburgh,Amsterdam,Edinburgh → Amsterdam,700,09:05,20.0,27.0,112.0,85,Technical,0,177.0,138.92,4.5
FL14353,2024-06-23,6,Summer,Sunday,NovaStar,Boeing 787,Birmingham,Istanbul,Birmingham → Istanbul,2680,21:45,0.0,0.0,209.0,210,On Time,0,96.0,215.67,4.5
FL10321,2024-06-23,6,Summer,Sunday,AeroSwift,Boeing 737,London Heathrow,New York JFK,London Heathrow → New York JFK,5570,16:25,0.0,2.0,432.0,420,On Time,0,299.0,365.8,5.0
FL11873,2024-06-23,6,Summer,Sunday,Atlantic Wings,Boeing 737,Manchester,Barcelona,Manchester → Barcelona,1440,14:20,94.0,109.0,246.0,130,Weather,0,334.0,196.55,1.2
FL12106,2024-06-24,6,Summer,Monday,CloudJet,Airbus A320,London Gatwick,Rome Fiumicino,London Gatwick → Rome Fiumicino,1430,09:15,69.0,82.0,225.0,135,Air Traffic Control,0,120.0,72.02,3.4
FL12854,2024-06-24,6,Summer,Monday,Atlantic Wings,Airbus A380,Leeds Bradford,Alicante,Leeds Bradford → Alicante,1590,18:10,32.0,42.0,197.0,145,Air Traffic Control,0,90.0,178.29,3.4
FL10760,2024-06-24,6,Summer,Monday,SkyWing Air,Airbus A320,London Stansted,Warsaw Chopin,London Stansted → Warsaw Chopin,1470,10:40,5.0,7.0,143.0,135,Air Traffic Control,0,354.0,99.95,3.4
FL13972,2024-06-24,6,Summer,Monday,NovaStar,Boeing 737,London Heathrow,New York JFK,London Heathrow → New York JFK,5570,15:05,0.0,6.0,425.0,420,On Time,0,363.0,307.13,4.3
FL11108,2024-06-24,6,Summer,Monday,PolarAir,Airbus A320,Edinburgh,Amsterdam,Edinburgh → Amsterdam,700,09:15,10.0,23.0,107.0,85,Security,0,268.0,49.0,3.1
FL14453,2024-06-24,6,Summer,Monday,PolarAir,Boeing 777,Edinburgh,Amsterdam,Edinburgh → Amsterdam,700,08:50,9.0,9.0,98.0,85,Weather,0,197.0,54.57,3.1
FL12013,2024-06-24,6,Summer,Monday,SkyWing Air,Boeing 787,London Heathrow,Dubai,London Heathrow → Dubai,5490,08:05,2.0,12.0,435.0,415,Crew Availability,0,86.0,427.03,4.5
FL11552,2024-06-24,6,Summer,Monday,Atlantic Wings,Boeing 787,Edinburgh,Amsterdam,Edinburgh → Amsterdam,700,15:45,31.0,27.0,107.0,85,Late Aircraft,0,75.0,49.0,2.0
FL13654,2024-06-24,6,Summer,Monday,Atlantic Wings,Boeing 777,Birmingham,Istanbul,Birmingham → Istanbul,2680,06:25,6.0,1.0,210.0,210,Crew Availability,0,363.0,282.72,3.9
FL13460,2024-06-24,6,Summer,Monday,CloudJet,Embraer E190,London Heathrow,New York JFK,London Heathrow → New York JFK,5570,09:35,0.0,12.0,440.0,420,On Time,0,306.0,455.39,4.9
FL10503,2024-06-24,6,Summer,Monday,SkyWing Air,Boeing 777,London Heathrow,Singapore Changi,London Heathrow → Singapore Changi,10840,08:40,31.0,43.0,798.0,745,Late Aircraft,0,119.0,963.12,2.7
FL12922,2024-06-24,6,Summer,Monday,CloudJet,Boeing 787,London Heathrow,New York JFK,London Heathrow → New York JFK,5570,21:35,4.0,18.0,441.0,420,Late Aircraft,0,66.0,415.57,4.1
FL12329,2024-06-25,6,Summer,Tuesday,SkyWing Air,Airbus A320,Bristol,Malaga,Bristol → Malaga,1620,15:35,19.0,22.0,165.0,145,Security,0,312.0,129.28,4.4
FL12743,2024-06-25,6,Summer,Tuesday,CloudJet,Boeing 737,Glasgow,Dublin,Glasgow → Dublin,220,10:30,0.0,13.0,64.0,50,On Time,0,277.0,81.99,4.7
FL11299,2024-06-25,6,Summer,Tuesday,PolarAir,Embraer E190,Birmingham,Istanbul,Birmingham → Istanbul,2680,18:10,4.0,10.0,229.0,210,Late Aircraft,0,127.0,201.49,3.9
FL13735,2024-06-25,6,Summer,Tuesday,SkyWing Air,Airbus A320,London Gatwick,Rome Fiumicino,London Gatwick → Rome Fiumicino,1430,07:05,16.0,11.0,143.0,135,Weather,0,206.0,133.66,3.7
FL10371,2024-06-25,6,Summer,Tuesday,SkyWing Air,Airbus A380,Bristol,Malaga,Bristol → Malaga,1620,07:45,29.0,43.0,196.0,145,Air Traffic Control,0,371.0,127.54,4.3
FL11017,2024-06-25,6,Summer,Tuesday,PolarAir,Airbus A380,London Heathrow,Toronto Pearson,London Heathrow → Toronto Pearson,5730,11:40,12.0,16.0,455.0,430,Security,0,391.0,436.29,4.4
FL14673,2024-06-25,6,Summer,Tuesday,SkyWing Air,Boeing 737,Leeds Bradford,Alicante,Leeds Bradford → Alicante,1590,14:35,87.0,98.0,241.0,145,Late Aircraft,0,309.0,205.26,3.4
FL13720,2024-06-26,6,Summer,Wednesday,Atlantic Wings,Embraer E190,London Gatwick,Rome Fiumicino,London Gatwick → Rome Fiumicino,1430,08:50,79.0,89.0,233.0,135,Technical,0,216.0,174.64,2.9
FL12936,2024-06-26,6,Summer,Wednesday,Atlantic Wings,Airbus A380,Manchester,Barcelona,Manchester → Barcelona,1440,09:00,33.0,28.0,161.0,130,Late Aircraft,0,178.0,164.17,2.0
FL14913,2024-06-26,6,Summer,Wednesday,Atlantic Wings,Boeing 787,London Heathrow,Dubai,London Heathrow → Dubai,5490,08:30,6.0,2.0,420.0,415,Weather,0,170.0,461.29,3.2
FL13845,2024-06-26,6,Summer,Wednesday,AeroSwift,Boeing 787,London Stansted,Warsaw Chopin,London Stansted → Warsaw Chopin,1470,19:55,0.0,0.0,140.0,135,On Time,0,169.0,89.2,4.0
FL13395,2024-06-26,6,Summer,Wednesday,AeroSwift,Boeing 737,London Stansted,Warsaw Chopin,London Stansted → Warsaw Chopin,1470,18:15,0.0,14.0,152.0,135,On Time,0,114.0,83.26,4.7
FL12400,2024-06-26,6,Summer,Wednesday,NovaStar,Embraer E190,London Stansted,Warsaw Chopin,London Stansted → Warsaw Chopin,1470,20:50,1.0,12.0,143.0,135,Crew Availability,0,169.0,79.22,4.0
FL12916,2024-06-27,6,Summer,Thursday,PolarAir,Boeing 777,Glasgow,Dublin,Glasgow → Dublin,220,15:20,18.0,27.0,78.0,50,Technical,0,190.0,70.11,3.6
FL11380,2024-06-27,6,Summer,Thursday,PolarAir,Airbus A320,Manchester,Barcelona,Manchester → Barcelona,1440,10:50,14.0,6.0,137.0,130,Weather,0,278.0,129.8,3.6
FL11908,2024-06-27,6,Summer,Thursday,CloudJet,Boeing 777,London Heathrow,Toronto Pearson,London Heathrow → Toronto Pearson,5730,06:15,0.0,0.0,431.0,430,On Time,0,395.0,461.8,4.7
FL11576,2024-06-27,6,Summer,Thursday,Atlantic Wings,Boeing 777,London Heathrow,Dubai,London Heathrow → Dubai,5490,19:30,100.0,92.0,505.0,415,Security,0,65.0,487.97,2.3
FL12275,2024-06-27,6,Summer,Thursday,Atlantic Wings,Boeing 777,London Gatwick,Rome Fiumicino,London Gatwick → Rome Fiumicino,1430,10:15,26.0,25.0,166.0,135,Air Traffic Control,0,296.0,184.92,3.3
FL13543,2024-06-28,6,Summer,Friday,Atlantic Wings,Airbus A380,London Heathrow,Singapore Changi,London Heathrow → Singapore Changi,10840,22:30,4.0,2.0,753.0,745,Late Aircraft,0,416.0,917.33,4.1
FL10710,2024-06-28,6,Summer,Friday,SkyWing Air,Boeing 737,London Gatwick,Rome Fiumicino,London Gatwick → Rome Fiumicino,1430,22:45,10.0,14.0,156.0,135,Late Aircraft,0,111.0,186.37,3.3
FL11137,2024-06-28,6,Summer,Friday,PolarAir,Boeing 777,London Heathrow,Singapore Changi,London Heathrow → Singapore Changi,10840,16:45,6.0,11.0,766.0,745,Security,0,138.0,790.71,4.3
FL10750,2024-06-29,6,Summer,Saturday,SkyWing Air,Airbus A320,London Heathrow,Toronto Pearson,London Heathrow → Toronto Pearson,5730,22:40,7.0,0.0,435.0,430,Security,0,194.0,514.9,4.2
FL13928,2024-06-29,6,Summer,Saturday,SkyWing Air,Airbus A320,Edinburgh,Amsterdam,Edinburgh → Amsterdam,700,12:20,5.0,8.0,96.0,85,Air Traffic Control,0,72.0,49.0,4.0
FL12780,2024-06-29,6,Summer,Saturday,SkyWing Air,Boeing 787,Birmingham,Istanbul,Birmingham → Istanbul,2680,15:10,26.0,24.0,233.0,210,Technical,0,354.0,282.44,3.7
FL12500,2024-06-29,6,Summer,Saturday,AeroSwift,Embraer E190,London Heathrow,New York JFK,London Heathrow → New York JFK,5570,15:00,1.0,0.0,415.0,420,Crew Availability,0,339.0,347.62,4.4
FL10832,2024-06-29,6,Summer,Saturday,PolarAir,Embraer E190,Edinburgh,Amsterdam,Edinburgh → Amsterdam,700,08:35,18.0,19.0,104.0,85,Late Aircraft,0,150.0,49.0,3.6
FL10590,2024-06-29,6,Summer,Saturday,Atlantic Wings,Boeing 777,London Heathrow,Singapore Changi,London Heathrow → Singapore Changi,10840,05:55,67.0,82.0,825.0,745,Weather,0,385.0,964.31,2.9
FL13110,2024-06-29,6,Summer,Saturday,Atlantic Wings,Airbus A380,London Heathrow,New York JFK,London Heathrow → New York JFK,5570,22:50,10.0,3.0,429.0,420,Crew Availability,0,260.0,504.31,3.4
FL13627,2024-06-29,6,Summer,Saturday,CloudJet,Embraer E190,Glasgow,Dublin,Glasgow → Dublin,220,08:20,24.0,18.0,68.0,50,Late Aircraft,0,94.0,50.72,3.1
FL14484,2024-06-29,6,Summer,Saturday,NovaStar,Boeing 737,London Heathrow,Toronto Pearson,London Heathrow → Toronto Pearson,5730,14:10,0.0,7.0,435.0,430,On Time,0,74.0,392.44,4.2
FL12777,2024-06-30,6,Summer,Sunday,AeroSwift,Boeing 777,London Heathrow,Singapore Changi,London Heathrow → Singapore Changi,10840,22:30,3.0,16.0,759.0,745,Technical,0,208.0,749.23,3.1
FL10526,2024-06-30,6,Summer,Sunday,NovaStar,Airbus A320,Birmingham,Istanbul,Birmingham → Istanbul,2680,07:00,0.0,0.0,215.0,210,On Time,0,283.0,142.39,4.0
FL13304,2024-07-01,7,Summer,Monday,SkyWing Air,Boeing 737,London Heathrow,Toronto Pearson,London Heathrow → Toronto Pearson,5730,22:10,11.0,23.0,453.0,430,Late Aircraft,0,256.0,450.55,3.5
FL14003,2024-07-01,7,Summer,Monday,Atlantic Wings,Boeing 777,Birmingham,Istanbul,Birmingham → Istanbul,2680,06:05,0.0,7.0,221.0,210,On Time,0,146.0,204.07,4.3
FL11612,2024-07-01,7,Summer,Monday,AeroSwift,Boeing 787,London Heathrow,New York JFK,London Heathrow → New York JFK,5570,20:20,13.0,11.0,426.0,420,Air Traffic Control,0,358.0,397.17,4.2
FL12165,2024-07-01,7,Summer,Monday,PolarAir,Airbus A320,Leeds Bradford,Alicante,Leeds Bradford → Alicante,1590,13:30,8.0,18.0,161.0,145,Security,0,397.0,181.64,3.3
FL10644,2024-07-01,7,Summer,Monday,SkyWing Air,Boeing 777,London Heathrow,New York JFK,London Heathrow → New York JFK,5570,17:50,4.0,7.0,424.0,420,Air Traffic Control,0,341.0,450.74,3.4
FL12349,2024-07-02,7,Summer,Tuesday,PolarAir,Boeing 787,Bristol,Malaga,Bristol → Malaga,1620,14:40,37.0,39.0,191.0,145,Weather,0,353.0,126.54,3.1
FL13982,2024-07-02,7,Summer,Tuesday,CloudJet,Boeing 737,London Heathrow,New York JFK,London Heathrow → New York JFK,5570,16:10,19.0,26.0,441.0,420,Late Aircraft,0,126.0,487.84,3.1
FL13092,2024-07-02,7,Summer,Tuesday,AeroSwift,Airbus A320,London Heathrow,Toronto Pearson,London Heathrow → Toronto Pearson,5730,16:25,29.0,31.0,469.0,430,Air Traffic Control,0,239.0,343.77,3.1
FL12367,2024-07-02,7,Summer,Tuesday,PolarAir,Airbus A380,London Heathrow,Toronto Pearson,London Heathrow → Toronto Pearson,5730,09:30,44.0,51.0,477.0,430,Air Traffic Control,0,336.0,492.98,3.1
FL11533,2024-07-02,7,Summer,Tuesday,Atlantic Wings,Boeing 737,London Heathrow,Toronto Pearson,London Heathrow → Toronto Pearson,5730,07:05,62.0,61.0,495.0,430,Air Traffic Control,0,411.0,486.68,3.5
FL11650,2024-07-02,7,Summer,Tuesday,AeroSwift,Boeing 737,London Stansted,Warsaw Chopin,London Stansted → Warsaw Chopin,1470,16:35,7.0,6.0,144.0,135,Weather,0,244.0,139.59,3.4
FL11431,2024-07-02,7,Summer,Tuesday,PolarAir,Airbus A320,London Gatwick,Rome Fiumicino,London Gatwick → Rome Fiumicino,1430,22:30,33.0,41.0,184.0,135,Crew Availability,0,,94.78,2.3
FL13157,2024-07-03,7,Summer,Wednesday,NovaStar,Boeing 787,London Heathrow,New York JFK,London Heathrow → New York JFK,5570,09:05,0.0,13.0,429.0,420,On Time,0,78.0,392.53,4.7
FL14978,2024-07-03,7,Summer,Wednesday,Atlantic Wings,Boeing 777,London Heathrow,Toronto Pearson,London Heathrow → Toronto Pearson,5730,18:40,12.0,25.0,450.0,430,Technical,0,153.0,513.69,4.0
FL10177,2024-07-03,7,Summer,Wednesday,AeroSwift,Airbus A320,Birmingham,Istanbul,Birmingham → Istanbul,2680,14:35,6.0,19.0,234.0,210,Late Aircraft,0,365.0,161.08,3.6
FL11737,2024-07-03,7,Summer,Wednesday,AeroSwift,Boeing 737,Birmingham,Istanbul,Birmingham → Istanbul,2680,09:25,33.0,27.0,243.0,210,Security,0,276.0,208.26,2.5
FL11374,2024-07-03,7,Summer,Wednesday,NovaStar,Boeing 787,London Heathrow,Dubai,London Heathrow → Dubai,5490,07:20,3.0,12.0,430.0,415,Weather,0,208.0,380.55,3.5
FL13887,2024-07-03,7,Summer,Wednesday,AeroSwift,Airbus A380,Manchester,Barcelona,Manchester → Barcelona,1440,10:10,0.0,7.0,136.0,130,On Time,0,175.0,56.0,4.2
FL12389,2024-07-03,7,Summer,Wednesday,SkyWing Air,Boeing 787,Glasgow,Dublin,Glasgow → Dublin,220,07:15,8.0,20.0,70.0,50,Crew Availability,0,81.0,49.0,3.4
FL11812,2024-07-03,7,Summer,Wednesday,SkyWing Air,Airbus A380,Bristol,Malaga,Bristol → Malaga,1620,10:30,23.0,30.0,184.0,145,Air Traffic Control,0,329.0,199.26,3.9
FL13634,2024-07-03,7,Summer,Wednesday,SkyWing Air,Airbus A320,Bristol,Malaga,Bristol → Malaga,1620,06:50,0.0,3.0,150.0,145,On Time,0,352.0,206.39,4.6
FL13692,2024-07-03,7,Summer,Wednesday,NovaStar,Embraer E190,London Heathrow,Toronto Pearson,London Heathrow → Toronto Pearson,5730,21:30,27.0,37.0,473.0,430,Crew Availability,0,72.0,402.76,3.2
FL12366,2024-07-03,7,Summer,Wednesday,PolarAir,Embraer E190,Bristol,Malaga,Bristol → Malaga,1620,12:35,0.0,0.0,149.0,145,On Time,0,128.0,172.39,4.5
FL10277,2024-07-04,7,Summer,Thursday,NovaStar,Boeing 777,London Heathrow,New York JFK,London Heathrow → New York JFK,5570,14:15,0.0,0.0,428.0,420,On Time,0,113.0,417.61,4.0
FL14418,2024-07-04,7,Summer,Thursday,SkyWing Air,Airbus A320,Bristol,Malaga,Bristol → Malaga,1620,07:00,12.0,23.0,166.0,145,Crew Availability,0,115.0,179.99,3.5
FL11832,2024-07-04,7,Summer,Thursday,PolarAir,Boeing 777,London Heathrow,Dubai,London Heathrow → Dubai,5490,08:05,15.0,27.0,443.0,415,Security,0,371.0,480.0,4.0
FL12459,2024-07-04,7,Summer,Thursday,PolarAir,Airbus A320,London Heathrow,Toronto Pearson,London Heathrow → Toronto Pearson,5730,08:35,55.0,51.0,488.0,430,Air Traffic Control,0,83.0,469.75,3.0
FL13978,2024-07-04,7,Summer,Thursday,PolarAir,Boeing 787,Glasgow,Dublin,Glasgow → Dublin,220,06:15,10.0,23.0,77.0,50,Air Traffic Control,0,211.0,49.0,3.5
FL11764,2024-07-04,7,Summer,Thursday,NovaStar,Airbus A320,London Heathrow,New York JFK,London Heathrow → New York JFK,5570,18:45,9.0,11.0,429.0,420,Security,0,129.0,381.95,3.5
FL10915,2024-07-04,7,Summer,Thursday,SkyWing Air,Embraer E190,London Heathrow,Toronto Pearson,London Heathrow → Toronto Pearson,5730,14:55,18.0,15.0,451.0,430,Security,0,408.0,528.12,4.0
FL14016,2024-07-05,7,Summer,Friday,NovaStar,Airbus A320,London Heathrow,New York JFK,London Heathrow → New York JFK,5570,15:30,1.0,15.0,431.0,420,Technical,0,188.0,348.58,4.3
FL11844,2024-07-05,7,Summer,Friday,CloudJet,Boeing 787,Leeds Bradford,Alicante,Leeds Bradford → Alicante,1590,07:30,29.0,33.0,175.0,145,Air Traffic Control,0,382.0,167.48,3.6
FL14725,2024-07-05,7,Summer,Friday,PolarAir,Boeing 777,Glasgow,Dublin,Glasgow → Dublin,220,09:30,22.0,33.0,81.0,50,Air Traffic Control,0,132.0,53.43,3.3
FL12955,2024-07-05,7,Summer,Friday,PolarAir,Embraer E190,Manchester,Barcelona,Manchester → Barcelona,1440,21:00,30.0,36.0,167.0,130,Security,0,109.0,133.78,3.5
FL10894,2024-07-05,7,Summer,Friday,Atlantic Wings,Airbus A320,Edinburgh,Amsterdam,Edinburgh → Amsterdam,700,10:20,26.0,41.0,133.0,85,Weather,0,220.0,105.9,3.9
FL10011,2024-07-06,7,Summer,Saturday,Atlantic Wings,Boeing 737,Leeds Bradford,Alicante,Leeds Bradford → Alicante,1590,09:20,17.0,30.0,181.0,145,Crew Availability,0,284.0,135.71,4.3
FL10466,2024-07-06,7,Summer,Saturday,CloudJet,Airbus A320,Edinburgh,Amsterdam,Edinburgh → Amsterdam,700,13:20,18.0,24.0,109.0,85,Crew Availability,0,69.0,60.54,3.9
FL10417,2024-07-06,7,Summer,Saturday,NovaStar,Airbus A320,Edinburgh,Amsterdam,Edinburgh → Amsterdam,700,10:50,0.0,0.0,81.0,85,On Time,0,159.0,49.0,3.9
FL10428,2024-07-06,7,Summer,Saturday,SkyWing Air,Airbus A320,London Heathrow,Toronto Pearson,London Heathrow → Toronto Pearson,5730,13:45,23.0,37.0,469.0,430,Technical,0,224.0,471.77,3.5
FL14746,2024-07-07,7,Summer,Sunday,PolarAir,Boeing 787,Bristol,Malaga,Bristol → Malaga,1620,08:30,1.0,0.0,146.0,145,Crew Availability,0,306.0,173.71,4.3
FL11340,2024-07-07,7,Summer,Sunday,CloudJet,Boeing 737,Bristol,Malaga,Bristol → Malaga,1620,05:45,6.0,0.0,154.0,145,Weather,0,143.0,143.76,4.4
FL14592,2024-07-07,7,Summer,Sunday,AeroSwift,,Manchester,Barcelona,Manchester → Barcelona,1440,19:00,0.0,4.0,141.0,130,On Time,0,382.0,162.34,5.0
FL13160,2024-07-07,7,Summer,Sunday,CloudJet,Airbus A380,London Heathrow,New York JFK,London Heathrow → New York JFK,5570,22:30,0.0,0.0,430.0,420,On Time,0,328.0,440.34,4.0
FL11334,2024-07-07,7,Summer,Sunday,SkyWing Air,Boeing 777,London Heathrow,New York JFK,London Heathrow → New York JFK,5570,07:50,23.0,37.0,460.0,420,Technical,0,255.0,523.1,4.1
FL14139,2024-07-07,7,Summer,Sunday,NovaStar,Boeing 787,Birmingham,Istanbul,Birmingham → Istanbul,2680,09:55,0.0,0.0,215.0,210,On Time,0,210.0,191.16,4.8
FL13547,2024-07-07,7,Summer,Sunday,PolarAir,Boeing 777,Glasgow,Dublin,Glasgow → Dublin,220,10:20,91.0,99.0,152.0,50,Late Aircraft,0,368.0,49.0,2.1
FL14332,2024-07-07,7,Summer,Sunday,AeroSwift,Boeing 777,Manchester,Barcelona,Manchester → Barcelona,1440,11:20,,,,130,Crew Availability,1,109.0,110.89,2.0
FL14457,2024-07-08,7,Summer,Monday,Atlantic Wings,Boeing 737,London Stansted,Warsaw Chopin,London Stansted → Warsaw Chopin,1470,13:55,21.0,19.0,150.0,135,Crew Availability,0,123.0,139.62,3.9
FL12272,2024-07-08,7,Summer,Monday,Atlantic Wings,Boeing 787,London Heathrow,Dubai,London Heathrow → Dubai,5490,10:45,155.0,170.0,583.0,415,Late Aircraft,0,171.0,427.12,1.9
FL13135,2024-07-08,7,Summer,Monday,NovaStar,Airbus A320,London Heathrow,Dubai,London Heathrow → Dubai,5490,15:00,0.0,3.0,420.0,415,On Time,0,218.0,371.84,3.9
FL11057,2024-07-08,7,Summer,Monday,SkyWing Air,Boeing 777,Leeds Bradford,Alicante,Leeds Bradford → Alicante,1590,12:45,0.0,9.0,158.0,145,On Time,0,342.0,98.5,4.6
FL10527,2024-07-08,7,Summer,Monday,AeroSwift,Boeing 737,London Gatwick,Rome Fiumicino,London Gatwick → Rome Fiumicino,1430,15:20,1.0,0.0,143.0,135,Air Traffic Control,0,,111.06,3.3
FL13415,2024-07-08,7,Summer,Monday,CloudJet,Boeing 737,Glasgow,Dublin,Glasgow → Dublin,220,16:45,73.0,76.0,132.0,50,Security,0,335.0,49.0,3.5
FL14895,2024-07-08,7,Summer,Monday,AeroSwift,Boeing 787,London Heathrow,Dubai,London Heathrow → Dubai,5490,11:15,1.0,14.0,427.0,415,Security,0,418.0,344.96,3.6
FL12071,2024-07-08,7,Summer,Monday,Atlantic Wings,Boeing 777,Edinburgh,Amsterdam,Edinburgh → Amsterdam,700,13:50,,,,85,Late Aircraft,1,211.0,79.59,1.4
FL12958,2024-07-08,7,Summer,Monday,AeroSwift,Boeing 737,Birmingham,Istanbul,Birmingham → Istanbul,2680,10:05,11.0,9.0,227.0,210,Weather,0,291.0,134.99,3.2
FL14919,2024-07-09,7,Summer,Tuesday,AeroSwift,Boeing 777,Birmingham,Istanbul,Birmingham → Istanbul,2680,07:20,17.0,27.0,245.0,210,Weather,0,309.0,177.55,4.0
FL13803,2024-07-09,7,Summer,Tuesday,CloudJet,Airbus A320,Manchester,Barcelona,Manchester → Barcelona,1440,11:00,22.0,31.0,167.0,130,Security,0,354.0,148.05,3.2
FL12875,2024-07-09,7,Summer,Tuesday,Atlantic Wings,Embraer E190,London Heathrow,New York JFK,London Heathrow → New York JFK,5570,15:35,,,,420,Security,1,75.0,414.42,2.5
FL13410,2024-07-09,7,Summer,Tuesday,NovaStar,Boeing 737,Leeds Bradford,Alicante,Leeds Bradford → Alicante,1590,07:00,0.0,0.0,149.0,145,On Time,0,404.0,110.38,5.0
FL12240,2024-07-09,7,Summer,Tuesday,Atlantic Wings,Embraer E190,Birmingham,Istanbul,Birmingham → Istanbul,2680,06:55,0.0,0.0,207.0,210,On Time,0,303.0,194.92,4.4
FL13283,2024-07-09,7,Summer,Tuesday,Atlantic Wings,Embraer E190,Edinburgh,Amsterdam,Edinburgh → Amsterdam,700,06:00,87.0,79.0,172.0,85,Weather,0,326.0,103.71,2.0
FL11728,2024-07-10,7,Summer,Wednesday,AeroSwift,Boeing 787,Edinburgh,Amsterdam,Edinburgh → Amsterdam,700,17:15,19.0,25.0,117.0,85,Crew Availability,0,71.0,79.01,4.4
FL11423,2024-07-10,7,Summer,Wednesday,NovaStar,Boeing 737,London Heathrow,New York JFK,London Heathrow → New York JFK,5570,13:35,1.0,3.0,419.0,420,Weather,0,109.0,354.48,
FL10020,2024-07-10,7,Summer,Wednesday,Atlantic Wings,Boeing 777,London Gatwick,Rome Fiumicino,London Gatwick → Rome Fiumicino,1430,07:50,23.0,36.0,175.0,135,Security,0,399.0,175.97,3.2
FL14917,2024-07-10,7,Summer,Wednesday,NovaStar,Boeing 777,London Heathrow,Toronto Pearson,London Heathrow → Toronto Pearson,5730,10:10,0.0,8.0,435.0,430,On Time,0,386.0,361.41,4.9
FL10213,2024-07-10,7,Summer,Wednesday,SkyWing Air,Embraer E190,London Heathrow,Singapore Changi,London Heathrow → Singapore Changi,10840,16:25,34.0,41.0,791.0,745,Air Traffic Control,0,,860.16,2.4
FL12950,2024-07-10,7,Summer,Wednesday,Atlantic Wings,Boeing 787,Bristol,Malaga,Bristol → Malaga,1620,09:25,55.0,70.0,216.0,145,Technical,0,164.0,175.51,2.1
FL11924,2024-07-10,7,Summer,Wednesday,AeroSwift,Airbus A320,Bristol,Malaga,Bristol → Malaga,1620,11:55,24.0,16.0,169.0,145,Late Aircraft,0,394.0,157.03,3.7
FL13461,2024-07-10,7,Summer,Wednesday,PolarAir,Boeing 777,Bristol,Malaga,Bristol → Malaga,1620,05:45,13.0,8.0,155.0,145,Weather,0,407.0,93.2,4.4
FL13833,2024-07-11,7,Summer,Thursday,Atlantic Wings,Boeing 737,Birmingham,Istanbul,Birmingham → Istanbul,2680,12:05,16.0,18.0,232.0,210,Late Aircraft,0,416.0,216.5,3.8
FL10146,2024-07-11,7,Summer,Thursday,PolarAir,Airbus A320,Glasgow,Dublin,Glasgow → Dublin,220,13:15,0.0,3.0,52.0,50,On Time,0,201.0,88.08,4.0
FL10682,2024-07-11,7,Summer,Thursday,SkyWing Air,Airbus A320,London Heathrow,Toronto Pearson,London Heathrow → Toronto Pearson,5730,14:45,0.0,13.0,447.0,430,On Time,0,275.0,529.68,4.1
FL14792,2024-07-12,7,Summer,Friday,PolarAir,Embraer E190,Glasgow,Dublin,Glasgow → Dublin,220,22:15,44.0,54.0,109.0,50,Crew Availability,0,193.0,67.24,2.3
FL14140,2024-07-12,7,Summer,Friday,NovaStar,Boeing 737,London Heathrow,Singapore Changi,London Heathrow → Singapore Changi,10840,08:40,0.0,11.0,762.0,745,On Time,0,130.0,734.9,4.1
FL10281,2024-07-12,7,Summer,Friday,CloudJet,Boeing 737,London Heathrow,Toronto Pearson,London Heathrow → Toronto Pearson,5730,17:50,24.0,39.0,475.0,430,Crew Availability,0,,439.62,3.8
FL14918,2024-07-12,7,Summer,Friday,SkyWing Air,Airbus A320,London Stansted,Warsaw Chopin,London Stansted → Warsaw Chopin,1470,17:15,15.0,25.0,170.0,135,Crew Availability,0,294.0,163.61,3.5
FL10156,2024-07-13,7,Summer,Saturday,PolarAir,Boeing 787,Manchester,Barcelona,Manchester → Barcelona,1440,17:40,6.0,0.0,126.0,130,Security,0,98.0,156.25,4.4
FL11199,2024-07-13,7,Summer,Saturday,AeroSwift,Airbus A320,Leeds Bradford,Alicante,Leeds Bradford → Alicante,1590,07:45,5.0,5.0,154.0,145,Late Aircraft,0,137.0,73.03,3.1
FL11668,2024-07-13,7,Summer,Saturday,Atlantic Wings,Airbus A320,London Heathrow,Dubai,London Heathrow → Dubai,5490,07:25,51.0,64.0,476.0,415,Security,0,111.0,514.63,2.6
FL13065,2024-07-13,7,Summer,Saturday,AeroSwift,Airbus A320,London Heathrow,Toronto Pearson,London Heathrow → Toronto Pearson,5730,07:55,0.0,5.0,442.0,430,On Time,0,253.0,396.95,4.7
FL14890,2024-07-14,7,Summer,Sunday,SkyWing Air,Airbus A320,Glasgow,Dublin,Glasgow → Dublin,220,19:10,10.0,9.0,66.0,50,Air Traffic Control,0,313.0,67.67,4.0
FL10522,2024-07-14,7,Summer,Sunday,CloudJet,Embraer E190,London Heathrow,Dubai,London Heathrow → Dubai,5490,11:30,74.0,75.0,499.0,415,Security,0,232.0,436.51,3.2
FL12131,2024-07-14,7,Summer,Sunday,AeroSwift,Boeing 787,London Gatwick,Rome Fiumicino,London Gatwick → Rome Fiumicino,1430,10:15,13.0,16.0,153.0,135,Crew Availability,0,148.0,54.78,4.1
FL11649,2024-07-14,7,Summer,Sunday,CloudJet,Boeing 787,London Heathrow,New York JFK,London Heathrow → New York JFK,5570,05:55,46.0,48.0,469.0,420,Weather,0,198.0,474.59,3.2
FL11415,2024-07-15,7,Summer,Monday,PolarAir,Boeing 777,Bristol,Malaga,Bristol → Malaga,1620,06:25,0.0,0.0,147.0,145,On Time,0,169.0,167.59,4.3
FL13797,2024-07-15,7,Summer,Monday,PolarAir,Airbus A320,Manchester,Barcelona,Manchester → Barcelona,1440,10:20,8.0,4.0,132.0,130,Late Aircraft,0,238.0,139.13,3.3
FL14197,2024-07-15,7,Summer,Monday,Atlantic Wings,Boeing 737,London Gatwick,Rome Fiumicino,London Gatwick → Rome Fiumicino,1430,10:05,12.0,27.0,170.0,135,Security,0,221.0,186.09,3.6
FL11655,2024-07-15,7,Summer,Monday,Atlantic Wings,Boeing 737,London Heathrow,New York JFK,London Heathrow → New York JFK,5570,08:30,25.0,38.0,460.0,420,Technical,0,96.0,459.12,3.6
FL14224,2024-07-15,7,Summer,Monday,AeroSwift,Boeing 737,Birmingham,Istanbul,Birmingham → Istanbul,2680,05:05,3.0,2.0,216.0,210,Air Traffic Control,0,75.0,164.1,3.3
FL12224,2024-07-15,7,Summer,Monday,NovaStar,Boeing 787,London Heathrow,Toronto Pearson,London Heathrow → Toronto Pearson,5730,18:50,6.0,18.0,446.0,430,Weather,0,262.0,348.37,3.6
FL11667,2024-07-15,7,Summer,Monday,CloudJet,Airbus A380,Glasgow,Dublin,Glasgow → Dublin,220,07:15,9.0,1.0,49.0,50,Late Aircraft,0,261.0,49.0,4.1
FL10347,2024-07-15,7,Summer,Monday,PolarAir,Boeing 737,London Gatwick,Rome Fiumicino,London Gatwick → Rome Fiumicino,1430,19:40,47.0,61.0,195.0,135,Technical,0,306.0,130.72,2.8
FL13226,2024-07-15,7,Summer,Monday,AeroSwift,Airbus A320,London Heathrow,New York JFK,London Heathrow → New York JFK,5570,19:45,30.0,23.0,439.0,420,Crew Availability,0,239.0,430.98,4.5
FL12344,2024-07-16,7,Summer,Tuesday,PolarAir,Airbus A320,London Gatwick,Rome Fiumicino,London Gatwick → Rome Fiumicino,1430,22:05,10.0,19.0,161.0,135,Technical,0,362.0,127.65,4.3
FL14782,2024-07-16,7,Summer,Tuesday,CloudJet,Airbus A320,London Heathrow,Toronto Pearson,London Heathrow → Toronto Pearson,5730,17:15,3.0,14.0,452.0,430,Security,0,296.0,457.91,3.5
FL12935,2024-07-16,7,Summer,Tuesday,NovaStar,Airbus A320,Leeds Bradford,Alicante,Leeds Bradford → Alicante,1590,21:25,14.0,23.0,173.0,145,Late Aircraft,0,348.0,77.81,4.4
FL14822,2024-07-17,7,Summer,Wednesday,PolarAir,Embraer E190,Edinburgh,Amsterdam,Edinburgh → Amsterdam,700,09:20,20.0,17.0,108.0,85,Weather,0,260.0,140.44,3.3
FL14166,2024-07-17,7,Summer,Wednesday,AeroSwift,Boeing 777,London Gatwick,Rome Fiumicino,London Gatwick → Rome Fiumicino,1430,10:05,14.0,18.0,152.0,135,Weather,0,193.0,107.8,4.0
FL12586,2024-07-17,7,Summer,Wednesday,NovaStar,Boeing 787,London Heathrow,Dubai,London Heathrow → Dubai,5490,11:10,,,,415,Security,1,376.0,396.77,1.6
FL11471,2024-07-17,7,Summer,Wednesday,PolarAir,Airbus A320,Leeds Bradford,Alicante,Leeds Bradford → Alicante,1590,09:55,8.0,7.0,157.0,145,Crew Availability,0,,72.08,3.5
FL10046,2024-07-17,7,Summer,Wednesday,CloudJet,Airbus A380,Birmingham,Istanbul,Birmingham → Istanbul,2680,17:20,23.0,22.0,233.0,210,Weather,0,221.0,234.27,3.2
FL10015,2024-07-17,7,Summer,Wednesday,SkyWing Air,,London Heathrow,New York JFK,London Heathrow → New York JFK,5570,14:40,0.0,0.0,422.0,420,On Time,0,145.0,492.43,4.3
FL11695,2024-07-17,7,Summer,Wednesday,SkyWing Air,Boeing 737,Manchester,Barcelona,Manchester → Barcelona,1440,11:40,27.0,38.0,163.0,130,Technical,0,257.0,139.42,3.3
FL10080,2024-07-18,7,Summer,Thursday,Atlantic Wings,Airbus A320,Edinburgh,Amsterdam,Edinburgh → Amsterdam,700,10:15,37.0,43.0,136.0,85,Late Aircraft,0,108.0,49.0,2.5
FL14651,2024-07-18,7,Summer,Thursday,NovaStar,Airbus A320,Bristol,Malaga,Bristol → Malaga,1620,16:05,12.0,17.0,160.0,145,Weather,0,334.0,56.85,3.6
FL10664,2024-07-18,7,Summer,Thursday,AeroSwift,Boeing 787,London Heathrow,Toronto Pearson,London Heathrow → Toronto Pearson,5730,15:15,0.0,10.0,436.0,430,On Time,0,348.0,361.6,5.0
FL11377,2024-07-18,7,Summer,Thursday,AeroSwift,Boeing 777,London Stansted,Warsaw Chopin,London Stansted → Warsaw Chopin,1470,10:35,1.0,16.0,157.0,135,Weather,0,272.0,70.43,4.5
FL13292,2024-07-18,7,Summer,Thursday,SkyWing Air,Airbus A320,Edinburgh,Amsterdam,Edinburgh → Amsterdam,700,06:00,2.0,5.0,88.0,85,Crew Availability,0,200.0,49.0,3.0
FL10118,2024-07-18,7,Summer,Thursday,Atlantic Wings,Boeing 737,London Stansted,Warsaw Chopin,London Stansted → Warsaw Chopin,1470,12:10,4.0,0.0,134.0,135,Weather,0,215.0,128.33,3.2
FL10658,2024-07-18,7,Summer,Thursday,PolarAir,Boeing 737,Edinburgh,Amsterdam,Edinburgh → Amsterdam,700,05:15,,,,85,Technical,1,,89.29,2.4
FL14949,2024-07-19,7,Summer,Friday,PolarAir,Airbus A320,London Heathrow,Dubai,London Heathrow → Dubai,5490,13:00,2.0,0.0,411.0,415,Late Aircraft,0,164.0,482.21,4.2
FL13785,2024-07-19,7,Summer,Friday,PolarAir,Airbus A320,Birmingham,Istanbul,Birmingham → Istanbul,2680,06:05,14.0,28.0,238.0,210,Security,0,210.0,232.72,4.5
FL14928,2024-07-19,7,Summer,Friday,CloudJet,Airbus A320,Birmingham,Istanbul,Birmingham → Istanbul,2680,08:10,48.0,51.0,256.0,210,Air Traffic Control,0,244.0,156.67,2.3
FL12627,2024-07-19,7,Summer,Friday,Atlantic Wings,Airbus A320,Manchester,Barcelona,Manchester → Barcelona,1440,06:45,0.0,0.0,130.0,130,On Time,0,319.0,171.87,4.9
FL12440,2024-07-19,7,Summer,Friday,CloudJet,Boeing 777,Bristol,Malaga,Bristol → Malaga,1620,09:45,65.0,75.0,226.0,145,Weather,0,179.0,111.92,
FL14247,2024-07-19,7,Summer,Friday,AeroSwift,Boeing 737,Edinburgh,Amsterdam,Edinburgh → Amsterdam,700,05:25,0.0,0.0,90.0,85,On Time,0,144.0,84.62,4.0
FL10267,2024-07-20,7,Summer,Saturday,Atlantic Wings,Boeing 737,Edinburgh,Amsterdam,Edinburgh → Amsterdam,700,10:45,164.0,177.0,261.0,85,Air Traffic Control,0,392.0,49.0,2.5
FL11414,2024-07-20,7,Summer,Saturday,NovaStar,Embraer E190,London Heathrow,Dubai,London Heathrow → Dubai,5490,20:30,10.0,10.0,421.0,415,Crew Availability,0,163.0,338.18,3.5
FL12199,2024-07-20,7,Summer,Saturday,AeroSwift,Boeing 777,Bristol,Malaga,Bristol → Malaga,1620,13:20,0.0,6.0,148.0,145,On Time,0,363.0,143.57,4.4
FL11307,2024-07-20,7,Summer,Saturday,AeroSwift,Boeing 777,Glasgow,Dublin,Glasgow → Dublin,220,10:50,5.0,19.0,79.0,50,Weather,0,401.0,59.34,4.2
FL11135,2024-07-20,7,Summer,Saturday,Atlantic Wings,Boeing 777,London Heathrow,Dubai,London Heathrow → Dubai,5490,16:20,73.0,85.0,509.0,415,Security,0,78.0,460.58,3.0
FL13969,2024-07-21,7,Summer,Sunday,NovaStar,Boeing 737,Bristol,Malaga,Bristol → Malaga,1620,09:00,3.0,17.0,167.0,145,Late Aircraft,0,330.0,166.12,4.4
FL14477,2024-07-21,7,Summer,Sunday,SkyWing Air,,Birmingham,Istanbul,Birmingham → Istanbul,2680,10:55,0.0,3.0,212.0,210,On Time,0,359.0,261.31,4.0
FL12264,2024-07-21,7,Summer,Sunday,SkyWing Air,Boeing 777,Bristol,Malaga,Bristol → Malaga,1620,07:25,41.0,39.0,190.0,145,Technical,0,266.0,119.77,2.9
FL11496,2024-07-21,7,Summer,Sunday,NovaStar,Airbus A380,London Gatwick,Rome Fiumicino,London Gatwick → Rome Fiumicino,1430,16:15,19.0,18.0,153.0,135,Technical,0,210.0,83.5,
FL10409,2024-07-21,7,Summer,Sunday,SkyWing Air,Boeing 777,London Heathrow,Singapore Changi,London Heathrow → Singapore Changi,10840,07:20,19.0,14.0,765.0,745,Crew Availability,0,309.0,940.77,3.1
FL11713,2024-07-21,7,Summer,Sunday,SkyWing Air,Boeing 777,Leeds Bradford,Alicante,Leeds Bradford → Alicante,1590,16:35,4.0,9.0,151.0,145,Crew Availability,0,379.0,89.04,3.1
FL14468,2024-07-21,7,Summer,Sunday,CloudJet,Boeing 777,London Heathrow,Dubai,London Heathrow → Dubai,5490,12:50,10.0,25.0,442.0,415,Security,0,359.0,480.83,3.2
FL11238,2024-07-21,7,Summer,Sunday,AeroSwift,Boeing 777,London Heathrow,Singapore Changi,London Heathrow → Singapore Changi,10840,22:45,4.0,8.0,760.0,745,Technical,0,370.0,650.01,3.7
FL14747,2024-07-22,7,Summer,Monday,SkyWing Air,Airbus A320,Edinburgh,Amsterdam,Edinburgh → Amsterdam,700,17:05,0.0,10.0,98.0,85,On Time,0,410.0,49.0,4.3
FL13000,2024-07-22,7,Summer,Monday,SkyWing Air,Airbus A380,Glasgow,Dublin,Glasgow → Dublin,220,05:00,17.0,25.0,85.0,50,Crew Availability,0,202.0,59.49,3.7
FL11575,2024-07-22,7,Summer,Monday,PolarAir,Boeing 737,London Heathrow,New York JFK,London Heathrow → New York JFK,5570,08:30,23.0,16.0,432.0,420,Air Traffic Control,0,261.0,414.37,3.4
FL12252,2024-07-22,7,Summer,Monday,SkyWing Air,Boeing 777,Glasgow,Dublin,Glasgow → Dublin,220,22:20,24.0,31.0,82.0,50,Technical,0,162.0,49.0,3.9
FL13140,2024-07-23,7,Summer,Tuesday,Atlantic Wings,,London Gatwick,Rome Fiumicino,London Gatwick → Rome Fiumicino,1430,09:55,14.0,20.0,158.0,135,Late Aircraft,0,224.0,120.96,3.2
FL14005,2024-07-23,7,Summer,Tuesday,NovaStar,Boeing 737,London Heathrow,Dubai,London Heathrow → Dubai,5490,12:20,0.0,10.0,425.0,415,On Time,0,190.0,382.7,4.3
FL13560,2024-07-23,7,Summer,Tuesday,Atlantic Wings,Airbus A320,Bristol,Malaga,Bristol → Malaga,1620,17:30,1.0,9.0,157.0,145,Security,0,370.0,155.15,3.2
FL14255,2024-07-23,7,Summer,Tuesday,PolarAir,Boeing 787,London Heathrow,New York JFK,London Heathrow → New York JFK,5570,08:50,0.0,6.0,423.0,420,On Time,0,230.0,412.99,4.3
FL11133,2024-07-24,7,Summer,Wednesday,NovaStar,Airbus A380,Glasgow,Dublin,Glasgow → Dublin,220,09:20,16.0,27.0,81.0,50,Security,0,339.0,58.36,4.3
FL14268,2024-07-24,7,Summer,Wednesday,Atlantic Wings,Boeing 787,Manchester,Barcelona,Manchester → Barcelona,1440,11:45,52.0,59.0,198.0,130,Weather,0,303.0,92.8,2.1
FL10357,2024-07-24,7,Summer,Wednesday,NovaStar,Boeing 737,Leeds Bradford,Alicante,Leeds Bradford → Alicante,1590,07:25,2.0,0.0,140.0,145,Crew Availability,0,223.0,105.53,4.3
FL11541,2024-07-24,7,Summer,Wednesday,SkyWing Air,Boeing 737,Glasgow,Dublin,Glasgow → Dublin,220,20:00,0.0,0.0,59.0,50,On Time,0,89.0,96.22,4.6
FL12485,2024-07-24,7,Summer,Wednesday,CloudJet,Airbus A320,London Heathrow,New York JFK,London Heathrow → New York JFK,5570,20:30,29.0,42.0,467.0,420,Security,0,161.0,482.59,3.9
FL11212,2024-07-24,7,Summer,Wednesday,NovaStar,Airbus A320,London Heathrow,Singapore Changi,London Heathrow → Singapore Changi,10840,13:30,0.0,5.0,753.0,745,On Time,0,142.0,727.2,3.8
FL12742,2024-07-24,7,Summer,Wednesday,AeroSwift,Airbus A320,London Heathrow,Dubai,London Heathrow → Dubai,5490,12:55,7.0,8.0,425.0,415,Weather,0,302.0,356.02,3.2
FL12763,2024-07-24,7,Summer,Wednesday,AeroSwift,Embraer E190,Manchester,Barcelona,Manchester → Barcelona,1440,10:30,0.0,0.0,131.0,130,On Time,0,333.0,79.19,4.1
FL13382,2024-07-25,7,Summer,Thursday,NovaStar,Embraer E190,London Gatwick,Rome Fiumicino,London Gatwick → Rome Fiumicino,1430,13:30,3.0,13.0,149.0,135,Weather,0,208.0,137.39,3.8
FL12210,2024-07-25,7,Summer,Thursday,Atlantic Wings,Boeing 737,Birmingham,Istanbul,Birmingham → Istanbul,2680,13:55,110.0,115.0,324.0,210,Weather,0,362.0,263.4,1.3
FL12688,2024-07-25,7,Summer,Thursday,AeroSwift,Boeing 737,London Heathrow,Singapore Changi,London Heathrow → Singapore Changi,10840,11:05,3.0,9.0,764.0,745,Late Aircraft,0,377.0,708.33,4.1
FL12374,2024-07-25,7,Summer,Thursday,NovaStar,Boeing 777,London Gatwick,Rome Fiumicino,London Gatwick → Rome Fiumicino,1430,15:50,10.0,21.0,157.0,135,Late Aircraft,0,237.0,115.71,3.7
FL12596,2024-07-25,7,Summer,Thursday,NovaStar,Airbus A320,Leeds Bradford,Alicante,Leeds Bradford → Alicante,1590,06:30,35.0,39.0,180.0,145,Late Aircraft,0,383.0,94.41,2.6
FL12527,2024-07-25,7,Summer,Thursday,AeroSwift,Airbus A320,London Gatwick,Rome Fiumicino,London Gatwick → Rome Fiumicino,1430,09:15,4.0,0.0,132.0,135,Crew Availability,0,131.0,169.13,3.4
FL13537,2024-07-25,7,Summer,Thursday,Atlantic Wings,Embraer E190,London Stansted,Warsaw Chopin,London Stansted → Warsaw Chopin,1470,08:55,4.0,3.0,138.0,135,Weather,0,85.0,177.89,3.0
FL13262,2024-07-25,7,Summer,Thursday,Atlantic Wings,Boeing 737,London Stansted,Warsaw Chopin,London Stansted → Warsaw Chopin,1470,11:55,20.0,18.0,153.0,135,Air Traffic Control,0,309.0,132.99,3.2
FL11625,2024-07-25,7,Summer,Thursday,NovaStar,Airbus A320,London Gatwick,Rome Fiumicino,London Gatwick → Rome Fiumicino,1430,08:45,0.0,12.0,154.0,135,On Time,0,145.0,112.1,4.3
FL12045,2024-07-25,7,Summer,Thursday,PolarAir,Boeing 777,Leeds Bradford,Alicante,Leeds Bradford → Alicante,1590,11:00,7.0,0.0,151.0,145,Air Traffic Control,0,202.0,69.74,4.4
FL13231,2024-07-26,7,Summer,Friday,PolarAir,Boeing 787,London Heathrow,New York JFK,London Heathrow → New York JFK,5570,10:45,,,,420,Late Aircraft,1,313.0,442.56,1.4
FL11520,2024-07-26,7,Summer,Friday,NovaStar,Airbus A320,London Heathrow,New York JFK,London Heathrow → New York JFK,5570,19:35,10.0,18.0,441.0,420,Late Aircraft,0,92.0,396.98,4.0
FL11336,2024-07-26,7,Summer,Friday,NovaStar,Airbus A320,London Gatwick,Rome Fiumicino,London Gatwick → Rome Fiumicino,1430,09:25,0.0,2.0,137.0,135,On Time,0,161.0,95.18,
FL11845,2024-07-26,7,Summer,Friday,SkyWing Air,Airbus A320,London Heathrow,Toronto Pearson,London Heathrow → Toronto Pearson,5730,08:25,4.0,3.0,430.0,430,Weather,0,71.0,522.33,4.2
FL12303,2024-07-26,7,Summer,Friday,AeroSwift,Airbus A380,London Heathrow,Toronto Pearson,London Heathrow → Toronto Pearson,5730,09:35,20.0,25.0,457.0,430,Late Aircraft,0,286.0,396.42,3.9
FL13472,2024-07-26,7,Summer,Friday,AeroSwift,Boeing 737,Leeds Bradford,Alicante,Leeds Bradford → Alicante,1590,16:05,6.0,6.0,156.0,145,Technical,0,319.0,78.95,3.9
FL11241,2024-07-26,7,Summer,Friday,AeroSwift,Boeing 737,London Heathrow,Singapore Changi,London Heathrow → Singapore Changi,10840,07:05,0.0,0.0,751.0,745,On Time,0,131.0,728.59,4.9
FL12263,2024-07-26,7,Summer,Friday,Atlantic Wings,Boeing 777,London Gatwick,Rome Fiumicino,London Gatwick → Rome Fiumicino,1430,08:55,0.0,4.0,144.0,135,On Time,0,176.0,123.84,4.6
FL14793,2024-07-26,7,Summer,Friday,CloudJet,Embraer E190,London Heathrow,New York JFK,London Heathrow → New York JFK,5570,19:40,37.0,30.0,459.0,420,Air Traffic Control,0,63.0,467.7,2.4
FL10798,2024-07-27,7,Summer,Saturday,AeroSwift,Airbus A320,London Heathrow,Singapore Changi,London Heathrow → Singapore Changi,10840,20:55,3.0,1.0,752.0,745,Late Aircraft,0,329.0,708.37,3.3
FL10640,2024-07-27,7,Summer,Saturday,CloudJet,Airbus A320,Birmingham,Istanbul,Birmingham → Istanbul,2680,15:55,17.0,22.0,242.0,210,Weather,0,274.0,282.29,3.8
FL13407,2024-07-27,7,Summer,Saturday,NovaStar,Airbus A380,Edinburgh,Amsterdam,Edinburgh → Amsterdam,700,20:40,9.0,21.0,111.0,85,Technical,0,316.0,49.0,4.3
FL13865,2024-07-27,7,Summer,Saturday,NovaStar,Embraer E190,London Gatwick,Rome Fiumicino,London Gatwick → Rome Fiumicino,1430,09:45,1.0,11.0,154.0,135,Technical,0,258.0,93.74,3.8
FL11196,2024-07-27,7,Summer,Saturday,NovaStar,Airbus A320,Manchester,Barcelona,Manchester → Barcelona,1440,14:30,9.0,22.0,148.0,130,Late Aircraft,0,196.0,102.37,3.1
FL11289,2024-07-27,7,Summer,Saturday,CloudJet,Embraer E190,Edinburgh,Amsterdam,Edinburgh → Amsterdam,700,11:55,23.0,24.0,109.0,85,Late Aircraft,0,247.0,49.0,4.0
FL10797,2024-07-27,7,Summer,Saturday,PolarAir,Airbus A380,Bristol,Malaga,Bristol → Malaga,1620,10:20,59.0,68.0,219.0,145,Late Aircraft,0,151.0,123.78,2.0
FL11143,2024-07-27,7,Summer,Saturday,Atlantic Wings,Airbus A320,London Heathrow,Singapore Changi,London Heathrow → Singapore Changi,10840,09:00,39.0,46.0,794.0,745,Security,0,257.0,902.81,3.4
FL14529,2024-07-28,7,Summer,Sunday,Atlantic Wings,Boeing 787,London Heathrow,New York JFK,London Heathrow → New York JFK,5570,21:05,0.0,0.0,417.0,420,On Time,0,129.0,453.87,4.1
FL14326,2024-07-28,7,Summer,Sunday,NovaStar,Embraer E190,Manchester,Barcelona,Manchester → Barcelona,1440,08:35,8.0,7.0,134.0,130,Air Traffic Control,0,304.0,123.04,3.1
FL10006,2024-07-28,7,Summer,Sunday,NovaStar,Airbus A380,London Gatwick,Rome Fiumicino,London Gatwick → Rome Fiumicino,1430,18:30,0.0,4.0,145.0,135,On Time,0,172.0,72.26,5.0
FL11843,2024-07-28,7,Summer,Sunday,PolarAir,Airbus A320,London Heathrow,Dubai,London Heathrow → Dubai,5490,10:55,33.0,30.0,454.0,415,Air Traffic Control,0,123.0,363.2,2.5
FL10275,2024-07-28,7,Summer,Sunday,Atlantic Wings,Boeing 737,London Heathrow,New York JFK,London Heathrow → New York JFK,5570,08:25,23.0,35.0,457.0,420,Security,0,80.0,474.63,4.0
FL13649,2024-07-28,7,Summer,Sunday,Atlantic Wings,Boeing 777,Leeds Bradford,Alicante,Leeds Bradford → Alicante,1590,18:10,0.0,6.0,146.0,145,On Time,0,147.0,155.97,4.6
FL11059,2024-07-28,7,Summer,Sunday,AeroSwift,Airbus A320,London Heathrow,Dubai,London Heathrow → Dubai,5490,11:10,0.0,10.0,423.0,415,On Time,0,382.0,372.24,4.8
FL10270,2024-07-28,7,Summer,Sunday,PolarAir,,Edinburgh,Amsterdam,Edinburgh → Amsterdam,700,09:55,0.0,13.0,94.0,85,On Time,0,255.0,141.66,4.3
FL13286,2024-07-28,7,Summer,Sunday,NovaStar,Embraer E190,Leeds Bradford,Alicante,Leeds Bradford → Alicante,1590,06:50,0.0,9.0,149.0,145,On Time,0,213.0,107.45,5.0
FL11770,2024-07-28,7,Summer,Sunday,SkyWing Air,Boeing 737,London Heathrow,Singapore Changi,London Heathrow → Singapore Changi,10840,15:00,,,,745,Late Aircraft,1,387.0,981.92,1.3
FL11530,2024-07-28,7,Summer,Sunday,PolarAir,Airbus A380,Leeds Bradford,Alicante,Leeds Bradford → Alicante,1590,13:40,115.0,128.0,282.0,145,Crew Availability,0,75.0,118.47,1.6
FL14455,2024-07-29,7,Summer,Monday,SkyWing Air,Embraer E190,Birmingham,Istanbul,Birmingham → Istanbul,2680,05:35,13.0,26.0,246.0,210,Security,0,244.0,314.21,3.8
FL14377,2024-07-29,7,Summer,Monday,PolarAir,Boeing 737,London Heathrow,New York JFK,London Heathrow → New York JFK,5570,13:40,29.0,39.0,457.0,420,Late Aircraft,0,339.0,417.4,3.2
FL12563,2024-07-29,7,Summer,Monday,PolarAir,Airbus A380,Bristol,Malaga,Bristol → Malaga,1620,15:40,18.0,12.0,153.0,145,Air Traffic Control,0,276.0,145.44,4.4
FL13957,2024-07-29,7,Summer,Monday,Atlantic Wings,Boeing 777,London Stansted,Warsaw Chopin,London Stansted → Warsaw Chopin,1470,22:50,28.0,22.0,163.0,135,Late Aircraft,0,385.0,116.99,3.2
FL10268,2024-07-29,7,Summer,Monday,PolarAir,Boeing 777,London Stansted,Warsaw Chopin,London Stansted → Warsaw Chopin,1470,19:50,51.0,64.0,203.0,135,Crew Availability,0,276.0,112.57,3.2
FL11780,2024-07-29,7,Summer,Monday,SkyWing Air,Boeing 737,London Gatwick,Rome Fiumicino,London Gatwick → Rome Fiumicino,1430,22:15,14.0,10.0,148.0,135,Late Aircraft,0,410.0,174.41,4.0
FL11248,2024-07-29,7,Summer,Monday,Atlantic Wings,Airbus A380,Leeds Bradford,Alicante,Leeds Bradford → Alicante,1590,22:00,,,,145,Security,1,250.0,179.22,2.5
FL11779,2024-07-29,7,Summer,Monday,SkyWing Air,Airbus A320,London Heathrow,Dubai,London Heathrow → Dubai,5490,19:25,35.0,38.0,459.0,415,Weather,0,79.0,502.4,3.0
FL10232,2024-07-30,7,Summer,Tuesday,SkyWing Air,Embraer E190,London Gatwick,Rome Fiumicino,London Gatwick → Rome Fiumicino,1430,10:25,54.0,54.0,199.0,135,Late Aircraft,0,352.0,72.38,2.9
FL10732,2024-07-30,7,Summer,Tuesday,CloudJet,Airbus A380,Bristol,Malaga,Bristol → Malaga,1620,12:10,18.0,31.0,183.0,145,Air Traffic Control,0,94.0,151.64,4.4
FL13483,2024-07-30,7,Summer,Tuesday,CloudJet,Embraer E190,Birmingham,Istanbul,Birmingham → Istanbul,2680,22:15,8.0,17.0,228.0,210,Technical,0,129.0,216.14,4.5
FL10854,2024-07-30,7,Summer,Tuesday,PolarAir,Boeing 737,London Heathrow,Singapore Changi,London Heathrow → Singapore Changi,10840,18:30,,,,745,Late Aircraft,1,241.0,789.52,2.0
FL11900,2024-07-30,7,Summer,Tuesday,Atlantic Wings,Boeing 787,London Stansted,Warsaw Chopin,London Stansted → Warsaw Chopin,1470,16:45,46.0,52.0,193.0,135,Late Aircraft,0,249.0,158.4,2.1
FL13055,2024-07-30,7,Summer,Tuesday,AeroSwift,Boeing 777,Leeds Bradford,Alicante,Leeds Bradford → Alicante,1590,11:25,33.0,38.0,184.0,145,Weather,0,285.0,123.87,2.4
FL12679,2024-07-31,7,Summer,Wednesday,CloudJet,Embraer E190,Edinburgh,Amsterdam,Edinburgh → Amsterdam,700,10:10,37.0,36.0,131.0,85,Weather,0,135.0,134.66,3.5
FL14802,2024-07-31,7,Summer,Wednesday,SkyWing Air,Boeing 737,Edinburgh,Amsterdam,Edinburgh → Amsterdam,700,09:10,12.0,11.0,104.0,85,Crew Availability,0,375.0,111.0,4.0
FL12036,2024-07-31,7,Summer,Wednesday,Atlantic Wings,Airbus A320,Manchester,Barcelona,Manchester → Barcelona,1440,06:35,18.0,12.0,139.0,130,Weather,0,305.0,218.3,4.0
FL13164,2024-07-31,7,Summer,Wednesday,CloudJet,Boeing 737,Manchester,Barcelona,Manchester → Barcelona,1440,12:40,21.0,34.0,166.0,130,Technical,0,391.0,85.82,3.2
FL10161,2024-07-31,7,Summer,Wednesday,Atlantic Wings,Boeing 737,London Heathrow,New York JFK,London Heathrow → New York JFK,5570,07:25,,,,420,Technical,1,360.0,532.67,1.2
FL14352,2024-07-31,7,Summer,Wednesday,SkyWing Air,Embraer E190,London Heathrow,Toronto Pearson,London Heathrow → Toronto Pearson,5730,07:10,10.0,12.0,446.0,430,Crew Availability,0,208.0,438.02,3.6
FL12543,2024-07-31,7,Summer,Wednesday,NovaStar,Boeing 737,London Heathrow,New York JFK,London Heathrow → New York JFK,5570,20:15,3.0,5.0,421.0,420,Air Traffic Control,0,284.0,387.17,3.0
FL10143,2024-07-31,7,Summer,Wednesday,SkyWing Air,Airbus A320,Glasgow,Dublin,Glasgow → Dublin,220,06:20,16.0,20.0,65.0,50,Air Traffic Control,0,171.0,49.0,3.9
FL12808,2024-08-01,8,Summer,Thursday,SkyWing Air,Airbus A380,Birmingham,Istanbul,Birmingham → Istanbul,2680,16:50,22.0,15.0,231.0,210,Security,0,307.0,181.5,4.4
FL14333,2024-08-01,8,Summer,Thursday,AeroSwift,Boeing 737,Birmingham,Istanbul,Birmingham → Istanbul,2680,21:35,0.0,0.0,214.0,210,On Time,0,281.0,219.58,3.9
FL14314,2024-08-01,8,Summer,Thursday,CloudJet,Boeing 737,London Heathrow,Dubai,London Heathrow → Dubai,5490,17:50,0.0,7.0,426.0,415,On Time,0,386.0,482.65,4.9
FL11239,2024-08-02,8,Summer,Friday,SkyWing Air,Boeing 777,Bristol,Malaga,Bristol → Malaga,1620,06:50,0.0,7.0,149.0,145,On Time,0,246.0,188.9,3.8
FL12074,2024-08-02,8,Summer,Friday,PolarAir,Boeing 777,Leeds Bradford,Alicante,Leeds Bradford → Alicante,1590,18:10,21.0,26.0,166.0,145,Security,0,154.0,84.91,4.4
FL13005,2024-08-02,8,Summer,Friday,Atlantic Wings,Embraer E190,Glasgow,Dublin,Glasgow → Dublin,220,18:05,34.0,35.0,82.0,50,Weather,0,201.0,49.0,2.6
FL10890,2024-08-02,8,Summer,Friday,PolarAir,Boeing 777,London Stansted,Warsaw Chopin,London Stansted → Warsaw Chopin,1470,11:50,2.0,13.0,146.0,135,Weather,0,354.0,171.05,3.1
FL13456,2024-08-02,8,Summer,Friday,NovaStar,Boeing 737,Birmingham,Istanbul,Birmingham → Istanbul,2680,11:05,57.0,72.0,287.0,210,Crew Availability,0,,147.1,3.2
FL14215,2024-08-02,8,Summer,Friday,PolarAir,Airbus A320,Bristol,Malaga,Bristol → Malaga,1620,09:30,21.0,15.0,162.0,145,Technical,0,209.0,204.85,3.0
FL10010,2024-08-03,8,Summer,Saturday,SkyWing Air,Airbus A380,London Heathrow,Dubai,London Heathrow → Dubai,5490,14:05,0.0,9.0,423.0,415,On Time,0,125.0,515.45,4.6
FL14795,2024-08-03,8,Summer,Saturday,Atlantic Wings,Airbus A380,Leeds Bradford,Alicante,Leeds Bradford → Alicante,1590,09:15,88.0,97.0,244.0,145,Crew Availability,0,184.0,123.1,3.5
FL12731,2024-08-03,8,Summer,Saturday,SkyWing Air,Boeing 737,London Stansted,Warsaw Chopin,London Stansted → Warsaw Chopin,1470,09:20,0.0,1.0,144.0,135,On Time,0,124.0,170.3,4.8
FL10162,2024-08-03,8,Summer,Saturday,PolarAir,Embraer E190,London Heathrow,Toronto Pearson,London Heathrow → Toronto Pearson,5730,08:25,21.0,36.0,463.0,430,Technical,0,316.0,415.07,4.1
FL11296,2024-08-03,8,Summer,Saturday,PolarAir,Boeing 777,Edinburgh,Amsterdam,Edinburgh → Amsterdam,700,09:35,2.0,15.0,95.0,85,Weather,0,333.0,97.05,4.0
FL10622,2024-08-04,8,Summer,Sunday,Atlantic Wings,Boeing 737,London Gatwick,Rome Fiumicino,London Gatwick → Rome Fiumicino,1430,09:55,130.0,133.0,270.0,135,Crew Availability,0,407.0,151.51,1.9
FL12257,2024-08-04,8,Summer,Sunday,NovaStar,Boeing 787,Bristol,Malaga,Bristol → Malaga,1620,10:20,3.0,14.0,157.0,145,Late Aircraft,0,400.0,127.61,4.3
FL11919,2024-08-04,8,Summer,Sunday,AeroSwift,Embraer E190,Birmingham,Istanbul,Birmingham → Istanbul,2680,10:20,33.0,35.0,248.0,210,Late Aircraft,0,382.0,169.97,2.9
FL10220,2024-08-04,8,Summer,Sunday,SkyWing Air,Boeing 777,Manchester,Barcelona,Manchester → Barcelona,1440,17:45,20.0,30.0,170.0,130,Weather,0,132.0,81.05,3.5
FL10563,2024-08-04,8,Summer,Sunday,Atlantic Wings,Boeing 787,London Stansted,Warsaw Chopin,London Stansted → Warsaw Chopin,1470,10:45,58.0,62.0,204.0,135,Technical,0,92.0,87.68,2.8
FL11996,2024-08-04,8,Summer,Sunday,NovaStar,Airbus A320,London Heathrow,Toronto Pearson,London Heathrow → Toronto Pearson,5730,19:20,1.0,5.0,445.0,430,Technical,0,414.0,347.18,3.3
FL11251,2024-08-04,8,Summer,Sunday,NovaStar,Airbus A320,Bristol,Malaga,Bristol → Malaga,1620,07:40,4.0,9.0,153.0,145,Air Traffic Control,0,364.0,173.51,3.4
FL10812,2024-08-04,8,Summer,Sunday,AeroSwift,Boeing 777,Manchester,Barcelona,Manchester → Barcelona,1440,15:00,4.0,5.0,141.0,130,Technical,0,294.0,110.31,3.6
FL14662,2024-08-04,8,Summer,Sunday,CloudJet,Airbus A320,London Gatwick,Rome Fiumicino,London Gatwick → Rome Fiumicino,1430,09:00,,,,135,Crew Availability,1,230.0,133.62,1.8
FL11313,2024-08-05,8,Summer,Monday,SkyWing Air,Boeing 787,Manchester,Barcelona,Manchester → Barcelona,1440,12:50,32.0,26.0,159.0,130,Late Aircraft,0,96.0,179.32,2.1
FL12424,2024-08-05,8,Summer,Monday,Atlantic Wings,Boeing 787,London Heathrow,Singapore Changi,London Heathrow → Singapore Changi,10840,05:25,196.0,203.0,954.0,745,Weather,0,242.0,847.89,1.7
FL13107,2024-08-05,8,Summer,Monday,SkyWing Air,Embraer E190,London Heathrow,New York JFK,London Heathrow → New York JFK,5570,08:35,31.0,46.0,473.0,420,Late Aircraft,0,,537.76,2.4
FL12735,2024-08-05,8,Summer,Monday,PolarAir,Boeing 777,London Heathrow,Toronto Pearson,London Heathrow → Toronto Pearson,5730,05:35,42.0,44.0,469.0,430,Air Traffic Control,0,88.0,444.98,3.0
FL14595,2024-08-05,8,Summer,Monday,AeroSwift,Boeing 787,Manchester,Barcelona,Manchester → Barcelona,1440,15:25,8.0,19.0,156.0,130,Crew Availability,0,370.0,103.65,3.4
FL13624,2024-08-05,8,Summer,Monday,PolarAir,Boeing 777,London Stansted,Warsaw Chopin,London Stansted → Warsaw Chopin,1470,10:45,11.0,19.0,152.0,135,Weather,0,381.0,148.69,3.9
FL12949,2024-08-05,8,Summer,Monday,AeroSwift,Boeing 737,Glasgow,Dublin,Glasgow → Dublin,220,11:10,3.0,0.0,58.0,50,Weather,0,240.0,49.0,3.2
FL10491,2024-08-05,8,Summer,Monday,AeroSwift,Embraer E190,Edinburgh,Amsterdam,Edinburgh → Amsterdam,700,09:50,1.0,0.0,82.0,85,Crew Availability,0,340.0,49.0,4.4
FL12565,2024-08-05,8,Summer,Monday,CloudJet,Boeing 737,Birmingham,Istanbul,Birmingham → Istanbul,2680,08:30,0.0,0.0,212.0,210,On Time,0,166.0,197.74,4.5
FL11883,2024-08-06,8,Summer,Tuesday,CloudJet,Boeing 737,London Gatwick,Rome Fiumicino,London Gatwick → Rome Fiumicino,1430,18:55,11.0,11.0,142.0,135,Late Aircraft,0,245.0,121.74,3.4
FL11426,2024-08-06,8,Summer,Tuesday,AeroSwift,Embraer E190,Glasgow,Dublin,Glasgow → Dublin,220,08:05,0.0,0.0,59.0,50,On Time,0,191.0,49.0,4.2
FL10525,2024-08-06,8,Summer,Tuesday,NovaStar,Airbus A380,Edinburgh,Amsterdam,Edinburgh → Amsterdam,700,13:40,0.0,0.0,85.0,85,On Time,0,69.0,49.0,4.1
FL12993,2024-08-06,8,Summer,Tuesday,NovaStar,Boeing 737,London Heathrow,Toronto Pearson,London Heathrow → Toronto Pearson,5730,20:45,0.0,0.0,426.0,430,On Time,0,256.0,384.77,4.6
FL13467,2024-08-07,8,Summer,Wednesday,AeroSwift,Airbus A320,Bristol,Malaga,Bristol → Malaga,1620,22:10,0.0,5.0,146.0,145,On Time,0,103.0,169.6,3.9
FL11674,2024-08-07,8,Summer,Wednesday,SkyWing Air,Airbus A320,London Heathrow,Dubai,London Heathrow → Dubai,5490,13:55,18.0,29.0,440.0,415,Air Traffic Control,0,101.0,459.22,3.3
FL14226,2024-08-07,8,Summer,Wednesday,NovaStar,Boeing 777,London Heathrow,New York JFK,London Heathrow → New York JFK,5570,08:50,4.0,0.0,426.0,420,Late Aircraft,0,156.0,372.42,4.4
FL11265,2024-08-07,8,Summer,Wednesday,PolarAir,Boeing 737,Glasgow,Dublin,Glasgow → Dublin,220,08:40,9.0,15.0,68.0,50,Late Aircraft,0,82.0,99.58,4.2
FL10471,2024-08-07,8,Summer,Wednesday,Atlantic Wings,Boeing 787,Glasgow,Dublin,Glasgow → Dublin,220,10:40,0.0,10.0,63.0,50,On Time,0,314.0,49.0,4.9
FL14632,2024-08-07,8,Summer,Wednesday,SkyWing Air,Boeing 777,Bristol,Malaga,Bristol → Malaga,1620,16:45,0.0,0.0,153.0,145,On Time,0,68.0,234.34,4.6
FL13267,2024-08-07,8,Summer,Wednesday,CloudJet,Boeing 777,Bristol,Malaga,Bristol → Malaga,1620,21:25,2.0,5.0,150.0,145,Crew Availability,0,158.0,200.02,4.4
FL14002,2024-08-08,8,Summer,Thursday,NovaStar,Airbus A320,London Heathrow,Toronto Pearson,London Heathrow → Toronto Pearson,5730,05:00,0.0,0.0,427.0,430,On Time,0,355.0,420.96,3.9
FL12220,2024-08-08,8,Summer,Thursday,Atlantic Wings,Airbus A320,London Heathrow,New York JFK,London Heathrow → New York JFK,5570,11:10,0.0,0.0,417.0,420,On Time,0,216.0,475.48,4.0
FL10318,2024-08-08,8,Summer,Thursday,PolarAir,Boeing 737,London Heathrow,Dubai,London Heathrow → Dubai,5490,08:25,8.0,10.0,429.0,415,Crew Availability,0,196.0,434.25,3.9
FL14517,2024-08-08,8,Summer,Thursday,Atlantic Wings,Boeing 777,London Stansted,Warsaw Chopin,London Stansted → Warsaw Chopin,1470,16:05,29.0,21.0,160.0,135,Air Traffic Control,0,308.0,195.21,3.9
FL10067,2024-08-08,8,Summer,Thursday,CloudJet,Airbus A320,London Stansted,Warsaw Chopin,London Stansted → Warsaw Chopin,1470,21:55,7.0,20.0,158.0,135,Late Aircraft,0,64.0,159.69,3.8
FL10685,2024-08-08,8,Summer,Thursday,PolarAir,Boeing 777,Edinburgh,Amsterdam,Edinburgh → Amsterdam,700,08:30,12.0,24.0,105.0,85,Late Aircraft,0,355.0,116.3,3.6
FL10142,2024-08-09,8,Summer,Friday,NovaStar,Boeing 737,Manchester,Barcelona,Manchester → Barcelona,1440,09:40,0.0,13.0,144.0,130,On Time,0,358.0,143.7,4.4
FL13787,2024-08-09,8,Summer,Friday,PolarAir,Airbus A320,London Heathrow,New York JFK,London Heathrow → New York JFK,5570,13:05,33.0,29.0,448.0,420,Security,0,181.0,483.88,2.3
FL12861,2024-08-09,8,Summer,Friday,CloudJet,Boeing 787,London Heathrow,Singapore Changi,London Heathrow → Singapore Changi,10840,11:00,0.0,0.0,744.0,745,On Time,0,343.0,826.73,4.4
FL12241,2024-08-09,8,Summer,Friday,NovaStar,Airbus A320,Manchester,Barcelona,Manchester → Barcelona,1440,13:20,4.0,9.0,138.0,130,Technical,0,311.0,97.51,4.4
FL12250,2024-08-09,8,Summer,Friday,CloudJet,Boeing 737,Manchester,Barcelona,Manchester → Barcelona,1440,07:15,22.0,20.0,151.0,130,Weather,0,269.0,141.51,3.3
FL11116,2024-08-09,8,Summer,Friday,PolarAir,Airbus A320,Birmingham,Istanbul,Birmingham → Istanbul,2680,19:05,3.0,1.0,221.0,210,Weather,0,278.0,272.24,3.1
FL12708,2024-08-09,8,Summer,Friday,PolarAir,Embraer E190,Manchester,Barcelona,Manchester → Barcelona,1440,06:35,0.0,14.0,148.0,130,On Time,0,190.0,149.62,4.1
FL14885,2024-08-10,8,Summer,Saturday,AeroSwift,Embraer E190,Leeds Bradford,Alicante,Leeds Bradford → Alicante,1590,06:25,6.0,0.0,155.0,145,Air Traffic Control,0,140.0,104.31,3.4
FL13227,2024-08-10,8,Summer,Saturday,Atlantic Wings,Airbus A380,London Gatwick,Rome Fiumicino,London Gatwick → Rome Fiumicino,1430,09:10,0.0,5.0,137.0,135,On Time,0,260.0,65.52,3.9
FL13944,2024-08-10,8,Summer,Saturday,SkyWing Air,Boeing 787,Birmingham,Istanbul,Birmingham → Istanbul,2680,13:25,68.0,70.0,280.0,210,Security,0,306.0,267.72,2.1
FL10979,2024-08-10,8,Summer,Saturday,AeroSwift,Embraer E190,Edinburgh,Amsterdam,Edinburgh → Amsterdam,700,07:30,1.0,6.0,87.0,85,Weather,0,326.0,49.0,3.2
FL10083,2024-08-10,8,Summer,Saturday,AeroSwift,Embraer E190,London Heathrow,Singapore Changi,London Heathrow → Singapore Changi,10840,09:45,0.0,12.0,752.0,745,On Time,0,371.0,729.19,4.9
FL11166,2024-08-10,8,Summer,Saturday,CloudJet,Airbus A320,London Heathrow,Dubai,London Heathrow → Dubai,5490,11:25,34.0,31.0,443.0,415,Technical,0,71.0,433.28,3.2
FL12863,2024-08-10,8,Summer,Saturday,CloudJet,Boeing 777,Edinburgh,Amsterdam,Edinburgh → Amsterdam,700,21:15,33.0,36.0,125.0,85,Crew Availability,0,141.0,49.0,2.8
FL13956,2024-08-10,8,Summer,Saturday,SkyWing Air,Boeing 787,Bristol,Malaga,Bristol → Malaga,1620,21:30,9.0,17.0,172.0,145,Crew Availability,0,132.0,134.76,4.1
FL12143,2024-08-10,8,Summer,Saturday,NovaStar,Embraer E190,London Heathrow,Singapore Changi,London Heathrow → Singapore Changi,10840,13:15,9.0,13.0,753.0,745,Late Aircraft,0,66.0,713.37,3.5
FL13764,2024-08-10,8,Summer,Saturday,NovaStar,Airbus A380,Manchester,Barcelona,Manchester → Barcelona,1440,21:35,1.0,14.0,152.0,130,Weather,0,416.0,110.69,4.2
FL14925,2024-08-10,8,Summer,Saturday,AeroSwift,Airbus A320,London Heathrow,Toronto Pearson,London Heathrow → Toronto Pearson,5730,07:55,0.0,13.0,441.0,430,On Time,0,120.0,418.58,4.4
FL13352,2024-08-10,8,Summer,Saturday,SkyWing Air,Airbus A380,London Stansted,Warsaw Chopin,London Stansted → Warsaw Chopin,1470,14:40,0.0,4.0,144.0,135,On Time,0,246.0,193.46,4.8
FL11125,2024-08-10,8,Summer,Saturday,CloudJet,Boeing 737,London Heathrow,Singapore Changi,London Heathrow → Singapore Changi,10840,08:15,83.0,96.0,845.0,745,Security,0,217.0,799.48,2.4
FL12816,2024-08-11,8,Summer,Sunday,CloudJet,Airbus A380,Birmingham,Istanbul,Birmingham → Istanbul,2680,14:55,22.0,29.0,241.0,210,Late Aircraft,0,262.0,251.21,3.4
FL11420,2024-08-11,8,Summer,Sunday,PolarAir,Boeing 737,Edinburgh,Amsterdam,Edinburgh → Amsterdam,700,15:25,0.0,7.0,96.0,85,On Time,0,133.0,49.0,4.0
FL12621,2024-08-11,8,Summer,Sunday,CloudJet,Airbus A380,London Heathrow,Dubai,London Heathrow → Dubai,5490,06:05,19.0,27.0,450.0,415,Air Traffic Control,0,100.0,467.47,3.1
FL11554,2024-08-11,8,Summer,Sunday,PolarAir,Boeing 737,Birmingham,Istanbul,Birmingham → Istanbul,2680,16:50,0.0,7.0,216.0,210,On Time,0,76.0,230.04,4.5
FL10818,2024-08-11,8,Summer,Sunday,NovaStar,Airbus A380,London Heathrow,Singapore Changi,London Heathrow → Singapore Changi,10840,06:00,21.0,34.0,787.0,745,Late Aircraft,0,87.0,689.27,3.5
FL10614,2024-08-11,8,Summer,Sunday,AeroSwift,Boeing 737,London Heathrow,Toronto Pearson,London Heathrow → Toronto Pearson,5730,09:40,7.0,0.0,428.0,430,Weather,0,319.0,412.68,3.4
FL11888,2024-08-11,8,Summer,Sunday,PolarAir,Boeing 737,Birmingham,Istanbul,Birmingham → Istanbul,2680,06:15,0.0,0.0,207.0,210,On Time,0,304.0,213.76,4.2
FL14347,2024-08-11,8,Summer,Sunday,CloudJet,Boeing 777,London Heathrow,New York JFK,London Heathrow → New York JFK,5570,08:35,93.0,98.0,517.0,420,Late Aircraft,0,176.0,479.67,1.9
FL13095,2024-08-11,8,Summer,Sunday,CloudJet,Boeing 787,London Heathrow,New York JFK,London Heathrow → New York JFK,5570,11:40,1.0,0.0,421.0,420,Air Traffic Control,0,357.0,394.88,3.0
FL13281,2024-08-11,8,Summer,Sunday,CloudJet,Boeing 777,London Stansted,Warsaw Chopin,London Stansted → Warsaw Chopin,1470,15:50,75.0,71.0,203.0,135,Security,0,409.0,139.79,2.7
FL12678,2024-08-11,8,Summer,Sunday,NovaStar,Embraer E190,Birmingham,Istanbul,Birmingham → Istanbul,2680,13:20,8.0,16.0,233.0,210,Security,0,208.0,171.1,4.0
FL13451,2024-08-12,8,Summer,Monday,AeroSwift,Airbus A320,Birmingham,Istanbul,Birmingham → Istanbul,2680,07:30,7.0,21.0,234.0,210,Crew Availability,0,313.0,213.9,3.6
FL11969,2024-08-12,8,Summer,Monday,NovaStar,Boeing 737,London Heathrow,Toronto Pearson,London Heathrow → Toronto Pearson,5730,22:50,3.0,14.0,452.0,430,Late Aircraft,0,415.0,396.36,3.7
FL13806,2024-08-12,8,Summer,Monday,PolarAir,Airbus A320,Glasgow,Dublin,Glasgow → Dublin,220,08:55,28.0,27.0,76.0,50,Crew Availability,0,348.0,58.01,4.4
FL11613,2024-08-12,8,Summer,Monday,PolarAir,Embraer E190,Manchester,Barcelona,Manchester → Barcelona,1440,17:25,12.0,21.0,149.0,130,Air Traffic Control,0,167.0,140.12,3.5
FL12523,2024-08-12,8,Summer,Monday,CloudJet,Boeing 787,London Gatwick,Rome Fiumicino,London Gatwick → Rome Fiumicino,1430,22:25,14.0,15.0,147.0,135,Technical,0,383.0,137.78,3.8
FL10763,2024-08-12,8,Summer,Monday,PolarAir,Embraer E190,London Heathrow,Toronto Pearson,London Heathrow → Toronto Pearson,5730,10:15,2.0,8.0,438.0,430,Weather,0,121.0,486.83,3.6
FL12964,2024-08-12,8,Summer,Monday,Atlantic Wings,Boeing 737,London Heathrow,Singapore Changi,London Heathrow → Singapore Changi,10840,18:00,281.0,274.0,1026.0,745,Late Aircraft,0,122.0,857.14,1.6
FL14192,2024-08-12,8,Summer,Monday,AeroSwift,Airbus A380,Edinburgh,Amsterdam,Edinburgh → Amsterdam,700,07:30,0.0,5.0,87.0,85,On Time,0,375.0,49.4,3.8
FL10215,2024-08-12,8,Summer,Monday,PolarAir,Boeing 787,Birmingham,Istanbul,Birmingham → Istanbul,2680,12:10,0.0,10.0,225.0,210,On Time,0,417.0,238.19,4.2
FL11075,2024-08-12,8,Summer,Monday,CloudJet,Airbus A320,London Heathrow,New York JFK,London Heathrow → New York JFK,5570,17:25,23.0,29.0,449.0,420,Security,0,73.0,493.45,4.1
FL12820,2024-08-12,8,Summer,Monday,CloudJet,Boeing 777,Edinburgh,Amsterdam,Edinburgh → Amsterdam,700,09:05,4.0,0.0,91.0,85,Security,0,347.0,111.07,4.3
FL10200,2024-08-13,8,Summer,Tuesday,Atlantic Wings,Airbus A320,London Heathrow,Dubai,London Heathrow → Dubai,5490,09:40,99.0,106.0,521.0,415,Security,0,248.0,523.15,1.2
FL11089,2024-08-13,8,Summer,Tuesday,PolarAir,Boeing 737,Leeds Bradford,Alicante,Leeds Bradford → Alicante,1590,12:55,,,,145,Late Aircraft,1,87.0,112.88,1.6
FL13951,2024-08-13,8,Summer,Tuesday,CloudJet,Boeing 787,Edinburgh,Amsterdam,Edinburgh → Amsterdam,700,17:05,20.0,24.0,112.0,85,Air Traffic Control,0,351.0,49.0,4.1
FL12450,2024-08-13,8,Summer,Tuesday,SkyWing Air,Airbus A320,London Heathrow,Dubai,London Heathrow → Dubai,5490,06:55,3.0,9.0,431.0,415,Crew Availability,0,311.0,530.9,4.4
FL10013,2024-08-13,8,Summer,Tuesday,PolarAir,Embraer E190,Edinburgh,Amsterdam,Edinburgh → Amsterdam,700,08:30,15.0,10.0,103.0,85,Crew Availability,0,241.0,76.7,3.6
FL14289,2024-08-13,8,Summer,Tuesday,SkyWing Air,Airbus A320,London Heathrow,New York JFK,London Heathrow → New York JFK,5570,11:40,6.0,6.0,421.0,420,Weather,0,337.0,481.31,3.1
FL12681,2024-08-13,8,Summer,Tuesday,AeroSwift,Embraer E190,London Gatwick,Rome Fiumicino,London Gatwick → Rome Fiumicino,1430,05:00,13.0,16.0,154.0,135,Air Traffic Control,0,132.0,105.81,4.0
FL12342,2024-08-14,8,Summer,Wednesday,SkyWing Air,Airbus A320,London Stansted,Warsaw Chopin,London Stansted → Warsaw Chopin,1470,09:45,30.0,28.0,165.0,135,Air Traffic Control,0,407.0,147.44,3.1
FL12356,2024-08-14,8,Summer,Wednesday,CloudJet,Airbus A320,London Heathrow,Dubai,London Heathrow → Dubai,5490,10:25,8.0,8.0,420.0,415,Crew Availability,0,150.0,385.07,3.0
FL12918,2024-08-14,8,Summer,Wednesday,PolarAir,Airbus A380,London Heathrow,Toronto Pearson,London Heathrow → Toronto Pearson,5730,11:15,9.0,17.0,442.0,430,Late Aircraft,0,419.0,468.1,3.3
FL11683,2024-08-14,8,Summer,Wednesday,CloudJet,Boeing 737,Manchester,Barcelona,Manchester → Barcelona,1440,06:10,10.0,11.0,138.0,130,Weather,0,181.0,101.51,3.1
FL10878,2024-08-14,8,Summer,Wednesday,PolarAir,Boeing 787,Bristol,Malaga,Bristol → Malaga,1620,11:35,0.0,9.0,163.0,145,On Time,0,120.0,158.32,4.7
FL13744,2024-08-14,8,Summer,Wednesday,SkyWing Air,Boeing 737,London Gatwick,Rome Fiumicino,London Gatwick → Rome Fiumicino,1430,07:30,8.0,20.0,162.0,135,Crew Availability,0,175.0,124.3,3.1
FL12327,2024-08-14,8,Summer,Wednesday,NovaStar,Boeing 737,London Gatwick,Rome Fiumicino,London Gatwick → Rome Fiumicino,1430,07:20,17.0,23.0,157.0,135,Weather,0,109.0,78.98,4.2
FL11161,2024-08-14,8,Summer,Wednesday,NovaStar,Airbus A320,Edinburgh,Amsterdam,Edinburgh → Amsterdam,700,20:20,1.0,0.0,94.0,85,Late Aircraft,0,312.0,81.63,3.3
FL11738,2024-08-15,8,Summer,Thursday,Atlantic Wings,Airbus A380,London Stansted,Warsaw Chopin,London Stansted → Warsaw Chopin,1470,22:40,63.0,60.0,202.0,135,Late Aircraft,0,397.0,149.03,2.2
FL10432,2024-08-15,8,Summer,Thursday,CloudJet,Boeing 777,London Heathrow,Toronto Pearson,London Heathrow → Toronto Pearson,5730,06:25,182.0,195.0,634.0,430,Crew Availability,0,294.0,418.67,1.5
FL12940,2024-08-15,8,Summer,Thursday,NovaStar,Boeing 737,Edinburgh,Amsterdam,Edinburgh → Amsterdam,700,11:50,18.0,13.0,97.0,85,Technical,0,276.0,50.27,3.5
FL10502,2024-08-15,8,Summer,Thursday,NovaStar,Boeing 777,Leeds Bradford,Alicante,Leeds Bradford → Alicante,1590,15:20,0.0,4.0,159.0,145,On Time,0,322.0,135.11,4.5
FL10589,2024-08-15,8,Summer,Thursday,Atlantic Wings,Boeing 737,Manchester,Barcelona,Manchester → Barcelona,1440,20:05,75.0,79.0,206.0,130,Late Aircraft,0,325.0,172.59,3.4
FL14181,2024-08-15,8,Summer,Thursday,SkyWing Air,Airbus A380,London Gatwick,Rome Fiumicino,London Gatwick → Rome Fiumicino,1430,10:50,10.0,20.0,158.0,135,Technical,0,94.0,165.79,4.2
FL13500,2024-08-16,8,Summer,Friday,CloudJet,Boeing 737,London Gatwick,Rome Fiumicino,London Gatwick → Rome Fiumicino,1430,21:35,0.0,7.0,139.0,135,On Time,0,294.0,113.77,4.9
FL12845,2024-08-16,8,Summer,Friday,AeroSwift,Airbus A380,London Heathrow,Toronto Pearson,London Heathrow → Toronto Pearson,5730,16:40,0.0,8.0,448.0,430,On Time,0,346.0,435.06,3.8
FL13399,2024-08-16,8,Summer,Friday,AeroSwift,Boeing 787,London Stansted,Warsaw Chopin,London Stansted → Warsaw Chopin,1470,15:25,8.0,1.0,140.0,135,Security,0,212.0,84.97,3.1
FL12773,2024-08-16,8,Summer,Friday,SkyWing Air,Boeing 777,London Heathrow,New York JFK,London Heathrow → New York JFK,5570,10:30,,,,420,Late Aircraft,1,153.0,447.69,1.4
FL12181,2024-08-16,8,Summer,Friday,AeroSwift,Boeing 737,London Heathrow,Dubai,London Heathrow → Dubai,5490,10:15,14.0,29.0,440.0,415,Crew Availability,0,63.0,359.67,3.8
FL10173,2024-08-17,8,Summer,Saturday,Atlantic Wings,Boeing 737,London Stansted,Warsaw Chopin,London Stansted → Warsaw Chopin,1470,11:25,3.0,16.0,150.0,135,Security,0,236.0,131.59,4.5
FL12644,2024-08-17,8,Summer,Saturday,SkyWing Air,Boeing 777,London Heathrow,New York JFK,London Heathrow → New York JFK,5570,22:55,,,,420,Weather,1,405.0,524.8,1.7
FL12239,2024-08-17,8,Summer,Saturday,PolarAir,Boeing 777,Manchester,Barcelona,Manchester → Barcelona,1440,07:45,18.0,12.0,138.0,130,Weather,0,165.0,96.32,4.2
FL12245,2024-08-17,8,Summer,Saturday,AeroSwift,Airbus A320,Glasgow,Dublin,Glasgow → Dublin,220,08:40,8.0,17.0,76.0,50,Air Traffic Control,0,128.0,49.0,3.6
FL13530,2024-08-17,8,Summer,Saturday,PolarAir,Boeing 737,London Heathrow,Dubai,London Heathrow → Dubai,5490,07:45,18.0,29.0,452.0,415,Air Traffic Control,0,94.0,460.36,4.0
FL13962,2024-08-17,8,Summer,Saturday,NovaStar,Embraer E190,Edinburgh,Amsterdam,Edinburgh → Amsterdam,700,12:00,3.0,8.0,88.0,85,Crew Availability,0,88.0,116.11,4.1
FL13799,2024-08-17,8,Summer,Saturday,AeroSwift,Boeing 737,Birmingham,Istanbul,Birmingham → Istanbul,2680,22:05,,,,210,Crew Availability,1,363.0,158.17,1.4
FL13872,2024-08-18,8,Summer,Sunday,CloudJet,Airbus A380,Bristol,Malaga,Bristol → Malaga,1620,10:45,35.0,30.0,175.0,145,Air Traffic Control,0,316.0,154.35,2.5
FL12382,2024-08-18,8,Summer,Sunday,CloudJet,Embraer E190,London Heathrow,Toronto Pearson,London Heathrow → Toronto Pearson,5730,16:00,21.0,30.0,455.0,430,Weather,0,184.0,443.83,4.1
FL12784,2024-08-18,8,Summer,Sunday,SkyWing Air,Boeing 737,Leeds Bradford,Alicante,Leeds Bradford → Alicante,1590,08:35,44.0,39.0,181.0,145,Crew Availability,0,,220.87,3.1
FL14642,2024-08-18,8,Summer,Sunday,Atlantic Wings,Boeing 777,Bristol,Malaga,Bristol → Malaga,1620,08:00,6.0,17.0,164.0,145,Crew Availability,0,100.0,167.33,4.2
FL12123,2024-08-19,8,Summer,Monday,NovaStar,Embraer E190,London Heathrow,Toronto Pearson,London Heathrow → Toronto Pearson,5730,16:10,10.0,3.0,441.0,430,Late Aircraft,0,72.0,378.53,4.0
FL12216,2024-08-19,8,Summer,Monday,Atlantic Wings,Boeing 777,London Heathrow,Singapore Changi,London Heathrow → Singapore Changi,10840,11:45,35.0,44.0,793.0,745,Weather,0,243.0,855.86,2.0
FL14094,2024-08-19,8,Summer,Monday,SkyWing Air,Boeing 777,London Heathrow,Singapore Changi,London Heathrow → Singapore Changi,10840,15:55,1.0,0.0,744.0,745,Security,0,174.0,893.91,4.2
FL14240,2024-08-19,8,Summer,Monday,CloudJet,Boeing 777,Bristol,Malaga,Bristol → Malaga,1620,12:20,39.0,34.0,183.0,145,Technical,0,316.0,113.43,2.4
FL12168,2024-08-19,8,Summer,Monday,NovaStar,Boeing 737,Edinburgh,Amsterdam,Edinburgh → Amsterdam,700,17:45,7.0,8.0,97.0,85,Technical,0,310.0,93.5,3.3
FL13909,2024-08-19,8,Summer,Monday,PolarAir,Airbus A320,Manchester,Barcelona,Manchester → Barcelona,1440,14:35,58.0,68.0,201.0,130,Security,0,268.0,108.72,2.0
FL14643,2024-08-19,8,Summer,Monday,CloudJet,Boeing 737,London Gatwick,Rome Fiumicino,London Gatwick → Rome Fiumicino,1430,08:55,78.0,86.0,227.0,135,Air Traffic Control,0,389.0,88.28,2.1
FL13677,2024-08-19,8,Summer,Monday,SkyWing Air,Boeing 737,London Heathrow,Singapore Changi,London Heathrow → Singapore Changi,10840,20:50,6.0,16.0,765.0,745,Crew Availability,0,116.0,954.35,3.7
FL11634,2024-08-19,8,Summer,Monday,Atlantic Wings,Embraer E190,Bristol,Malaga,Bristol → Malaga,1620,18:35,55.0,64.0,208.0,145,Weather,0,178.0,140.96,3.0
FL13783,2024-08-19,8,Summer,Monday,SkyWing Air,Airbus A320,Manchester,Barcelona,Manchester → Barcelona,1440,06:20,12.0,11.0,144.0,130,Security,0,301.0,170.68,4.1
FL12994,2024-08-19,8,Summer,Monday,NovaStar,Airbus A320,Leeds Bradford,Alicante,Leeds Bradford → Alicante,1590,08:20,8.0,15.0,166.0,145,Security,0,418.0,155.88,3.7
FL13871,2024-08-19,8,Summer,Monday,SkyWing Air,Boeing 737,London Heathrow,Toronto Pearson,London Heathrow → Toronto Pearson,5730,15:40,63.0,76.0,510.0,430,Weather,0,,470.87,2.7
FL12388,2024-08-19,8,Summer,Monday,NovaStar,Airbus A380,Bristol,Malaga,Bristol → Malaga,1620,20:35,8.0,15.0,169.0,145,Crew Availability,0,249.0,91.44,4.3
FL11149,2024-08-20,8,Summer,Tuesday,NovaStar,Embraer E190,London Heathrow,Singapore Changi,London Heathrow → Singapore Changi,10840,06:35,0.0,0.0,749.0,745,On Time,0,145.0,727.1,4.0
FL12945,2024-08-20,8,Summer,Tuesday,AeroSwift,Boeing 777,Bristol,Malaga,Bristol → Malaga,1620,15:35,0.0,0.0,151.0,145,On Time,0,74.0,148.73,4.3
FL14423,2024-08-20,8,Summer,Tuesday,PolarAir,Airbus A320,London Heathrow,New York JFK,London Heathrow → New York JFK,5570,08:15,,,,420,Security,1,277.0,456.14,2.3
FL11858,2024-08-20,8,Summer,Tuesday,PolarAir,Boeing 777,London Heathrow,Singapore Changi,London Heathrow → Singapore Changi,10840,17:30,23.0,19.0,759.0,745,Crew Availability,0,250.0,810.72,4.1
FL14873,2024-08-20,8,Summer,Tuesday,PolarAir,Embraer E190,Birmingham,Istanbul,Birmingham → Istanbul,2680,16:55,18.0,20.0,232.0,210,Technical,0,331.0,224.17,4.0
FL12555,2024-08-20,8,Summer,Tuesday,CloudJet,Airbus A320,London Heathrow,New York JFK,London Heathrow → New York JFK,5570,20:25,0.0,0.0,426.0,420,On Time,0,145.0,407.61,4.6
FL10842,2024-08-20,8,Summer,Tuesday,CloudJet,Boeing 777,Manchester,Barcelona,Manchester → Barcelona,1440,17:20,0.0,8.0,145.0,130,On Time,0,304.0,83.44,4.5
FL12022,2024-08-20,8,Summer,Tuesday,AeroSwift,Airbus A320,Birmingham,Istanbul,Birmingham → Istanbul,2680,18:45,52.0,64.0,279.0,210,Weather,0,,174.98,2.9
FL12757,2024-08-21,8,Summer,Wednesday,CloudJet,Embraer E190,Bristol,Malaga,Bristol → Malaga,1620,05:50,28.0,29.0,177.0,145,Late Aircraft,0,246.0,93.3,3.1
FL14286,2024-08-21,8,Summer,Wednesday,Atlantic Wings,Boeing 787,London Gatwick,Rome Fiumicino,London Gatwick → Rome Fiumicino,1430,17:15,18.0,14.0,147.0,135,Technical,0,276.0,102.51,4.5
FL14267,2024-08-21,8,Summer,Wednesday,SkyWing Air,Boeing 787,London Heathrow,Singapore Changi,London Heathrow → Singapore Changi,10840,20:15,41.0,52.0,792.0,745,Security,0,78.0,951.55,2.4
FL10613,2024-08-21,8,Summer,Wednesday,NovaStar,Embraer E190,Leeds Bradford,Alicante,Leeds Bradford → Alicante,1590,05:50,0.0,0.0,143.0,145,On Time,0,152.0,116.18,4.8
FL11343,2024-08-21,8,Summer,Wednesday,Atlantic Wings,Airbus A320,Birmingham,Istanbul,Birmingham → Istanbul,2680,08:40,67.0,67.0,276.0,210,Security,0,186.0,255.52,2.7
FL10864,2024-08-21,8,Summer,Wednesday,Atlantic Wings,Boeing 777,Birmingham,Istanbul,Birmingham → Istanbul,2680,11:50,31.0,41.0,250.0,210,Air Traffic Control,0,,192.62,3.2
FL11508,2024-08-22,8,Summer,Thursday,PolarAir,Boeing 777,Manchester,Barcelona,Manchester → Barcelona,1440,08:10,21.0,24.0,152.0,130,Weather,0,333.0,159.1,3.3
FL11402,2024-08-22,8,Summer,Thursday,AeroSwift,Embraer E190,Edinburgh,Amsterdam,Edinburgh → Amsterdam,700,22:25,39.0,52.0,132.0,85,Air Traffic Control,0,297.0,49.0,3.4
FL14385,2024-08-22,8,Summer,Thursday,SkyWing Air,Airbus A380,Glasgow,Dublin,Glasgow → Dublin,220,15:55,0.0,0.0,46.0,50,On Time,0,,49.0,3.9
FL11079,2024-08-22,8,Summer,Thursday,CloudJet,Boeing 737,Bristol,Malaga,Bristol → Malaga,1620,15:45,46.0,56.0,210.0,145,Technical,0,277.0,175.93,2.3
FL13354,2024-08-22,8,Summer,Thursday,PolarAir,Boeing 737,London Heathrow,Singapore Changi,London Heathrow → Singapore Changi,10840,08:10,14.0,18.0,767.0,745,Air Traffic Control,0,352.0,858.61,4.1
FL14561,2024-08-22,8,Summer,Thursday,AeroSwift,Boeing 777,Glasgow,Dublin,Glasgow → Dublin,220,21:50,2.0,2.0,61.0,50,Security,0,268.0,49.0,3.1
FL13850,2024-08-23,8,Summer,Friday,SkyWing Air,Boeing 737,London Gatwick,Rome Fiumicino,London Gatwick → Rome Fiumicino,1430,09:55,20.0,14.0,150.0,135,Technical,0,356.0,107.12,3.1
FL11228,2024-08-23,8,Summer,Friday,NovaStar,Airbus A380,Glasgow,Dublin,Glasgow → Dublin,220,09:55,0.0,1.0,56.0,50,On Time,0,306.0,49.0,4.5
FL12259,2024-08-23,8,Summer,Friday,PolarAir,Airbus A320,Glasgow,Dublin,Glasgow → Dublin,220,09:40,1.0,10.0,68.0,50,Crew Availability,0,92.0,57.79,3.1
FL13151,2024-08-23,8,Summer,Friday,CloudJet,Embraer E190,London Heathrow,New York JFK,London Heathrow → New York JFK,5570,22:45,27.0,32.0,459.0,420,Technical,0,237.0,493.98,4.1
FL10857,2024-08-23,8,Summer,Friday,PolarAir,Boeing 737,London Heathrow,New York JFK,London Heathrow → New York JFK,5570,18:50,46.0,55.0,484.0,420,Air Traffic Control,0,205.0,405.35,2.2
FL13009,2024-08-23,8,Summer,Friday,AeroSwift,Boeing 787,London Gatwick,Rome Fiumicino,London Gatwick → Rome Fiumicino,1430,08:35,31.0,43.0,183.0,135,Technical,0,350.0,92.91,2.9
FL13205,2024-08-23,8,Summer,Friday,PolarAir,Airbus A320,London Gatwick,Rome Fiumicino,London Gatwick → Rome Fiumicino,1430,13:35,,,,135,Late Aircraft,1,393.0,103.92,1.9
FL12666,2024-08-23,8,Summer,Friday,NovaStar,Boeing 777,Leeds Bradford,Alicante,Leeds Bradford → Alicante,1590,10:30,14.0,16.0,168.0,145,Security,0,,100.2,3.2
FL10134,2024-08-23,8,Summer,Friday,AeroSwift,Boeing 737,Edinburgh,Amsterdam,Edinburgh → Amsterdam,700,16:40,16.0,15.0,98.0,85,Weather,0,271.0,65.17,3.5
FL12057,2024-08-23,8,Summer,Friday,NovaStar,Boeing 737,Leeds Bradford,Alicante,Leeds Bradford → Alicante,1590,08:50,1.0,8.0,160.0,145,Air Traffic Control,0,114.0,150.21,4.1
FL13423,2024-08-23,8,Summer,Friday,CloudJet,Boeing 737,Bristol,Malaga,Bristol → Malaga,1620,12:00,34.0,30.0,180.0,145,Crew Availability,0,378.0,96.94,2.9
FL13217,2024-08-24,8,Summer,Saturday,AeroSwift,Airbus A380,London Heathrow,Toronto Pearson,London Heathrow → Toronto Pearson,5730,10:50,28.0,36.0,470.0,430,Late Aircraft,0,99.0,406.1,3.5
FL14350,2024-08-24,8,Summer,Saturday,PolarAir,Boeing 737,London Heathrow,Singapore Changi,London Heathrow → Singapore Changi,10840,12:35,3.0,0.0,755.0,745,Security,0,169.0,878.58,4.4
FL11038,2024-08-24,8,Summer,Saturday,CloudJet,Boeing 737,Leeds Bradford,Alicante,Leeds Bradford → Alicante,1590,21:35,0.0,3.0,148.0,145,On Time,0,260.0,70.44,4.0
FL12156,2024-08-24,8,Summer,Saturday,PolarAir,Airbus A380,London Gatwick,Rome Fiumicino,London Gatwick → Rome Fiumicino,1430,08:55,28.0,43.0,179.0,135,Late Aircraft,0,259.0,90.53,4.2
FL11599,2024-08-24,8,Summer,Saturday,Atlantic Wings,Boeing 777,London Stansted,Warsaw Chopin,London Stansted → Warsaw Chopin,1470,08:55,7.0,16.0,154.0,135,Crew Availability,0,366.0,128.47,4.2
FL14684,2024-08-24,8,Summer,Saturday,Atlantic Wings,Airbus A380,London Heathrow,Dubai,London Heathrow → Dubai,5490,09:40,24.0,31.0,451.0,415,Late Aircraft,0,253.0,459.44,4.0
FL12278,2024-08-24,8,Summer,Saturday,AeroSwift,Boeing 737,London Heathrow,New York JFK,London Heathrow → New York JFK,5570,15:10,0.0,0.0,429.0,420,On Time,0,380.0,378.67,4.9
FL13057,2024-08-24,8,Summer,Saturday,NovaStar,Boeing 787,Glasgow,Dublin,Glasgow → Dublin,220,21:30,15.0,30.0,82.0,50,Weather,0,284.0,49.0,4.1
FL10196,2024-08-24,8,Summer,Saturday,SkyWing Air,Airbus A320,London Heathrow,New York JFK,London Heathrow → New York JFK,5570,09:00,0.0,4.0,428.0,420,On Time,0,381.0,510.15,4.7
FL11193,2024-08-24,8,Summer,Saturday,CloudJet,Boeing 777,London Heathrow,Toronto Pearson,London Heathrow → Toronto Pearson,5730,18:05,0.0,4.0,437.0,430,On Time,0,215.0,395.14,4.4
FL11936,2024-08-24,8,Summer,Saturday,Atlantic Wings,Boeing 777,Bristol,Malaga,Bristol → Malaga,1620,09:50,0.0,0.0,155.0,145,On Time,0,181.0,110.91,3.9
FL12077,2024-08-25,8,Summer,Sunday,Atlantic Wings,Embraer E190,London Heathrow,Toronto Pearson,London Heathrow → Toronto Pearson,5730,20:05,211.0,208.0,645.0,430,Security,0,392.0,459.4,1.9
FL13769,2024-08-25,8,Summer,Sunday,Atlantic Wings,Airbus A320,Birmingham,Istanbul,Birmingham → Istanbul,2680,09:35,0.0,0.0,206.0,210,On Time,0,322.0,219.06,4.4
FL10809,2024-08-25,8,Summer,Sunday,SkyWing Air,Airbus A380,Birmingham,Istanbul,Birmingham → Istanbul,2680,08:50,8.0,0.0,218.0,210,Technical,0,303.0,244.03,3.5
FL11645,2024-08-25,8,Summer,Sunday,NovaStar,Boeing 737,London Heathrow,New York JFK,London Heathrow → New York JFK,5570,14:15,0.0,5.0,427.0,420,On Time,0,275.0,362.88,4.4
FL10012,2024-08-25,8,Summer,Sunday,AeroSwift,Boeing 737,London Heathrow,New York JFK,London Heathrow → New York JFK,5570,11:50,22.0,16.0,441.0,420,Weather,0,96.0,349.26,3.8
FL13444,2024-08-25,8,Summer,Sunday,PolarAir,Boeing 787,London Stansted,Warsaw Chopin,London Stansted → Warsaw Chopin,1470,06:00,52.0,47.0,182.0,135,Security,0,301.0,176.48,3.1
FL14074,2024-08-25,8,Summer,Sunday,PolarAir,Boeing 737,London Stansted,Warsaw Chopin,London Stansted → Warsaw Chopin,1470,06:30,25.0,29.0,167.0,135,Technical,0,185.0,128.83,3.9
FL11219,2024-08-25,8,Summer,Sunday,Atlantic Wings,Embraer E190,London Heathrow,Singapore Changi,London Heathrow → Singapore Changi,10840,11:40,,,,745,Security,1,239.0,926.44,2.5
FL11672,2024-08-25,8,Summer,Sunday,Atlantic Wings,Boeing 737,London Gatwick,Rome Fiumicino,London Gatwick → Rome Fiumicino,1430,05:30,65.0,65.0,197.0,135,Security,0,401.0,164.28,2.2
FL10766,2024-08-26,8,Summer,Monday,NovaStar,Boeing 737,London Heathrow,Dubai,London Heathrow → Dubai,5490,11:00,0.0,3.0,427.0,415,On Time,0,254.0,343.91,4.2
FL14075,2024-08-26,8,Summer,Monday,NovaStar,Boeing 737,Manchester,Barcelona,Manchester → Barcelona,1440,06:15,18.0,33.0,160.0,130,Security,0,302.0,138.67,3.8
FL12977,2024-08-26,8,Summer,Monday,Atlantic Wings,Airbus A380,Birmingham,Istanbul,Birmingham → Istanbul,2680,09:10,0.0,0.0,206.0,210,On Time,0,178.0,172.76,3.9
FL10047,2024-08-26,8,Summer,Monday,NovaStar,Airbus A320,London Stansted,Warsaw Chopin,London Stansted → Warsaw Chopin,1470,17:05,2.0,3.0,144.0,135,Technical,0,151.0,114.61,3.5
FL11439,2024-08-26,8,Summer,Monday,NovaStar,Airbus A380,London Gatwick,Rome Fiumicino,London Gatwick → Rome Fiumicino,1430,12:15,34.0,29.0,166.0,135,Crew Availability,0,288.0,83.77,2.1
FL13699,2024-08-27,8,Summer,Tuesday,Atlantic Wings,Airbus A320,Birmingham,Istanbul,Birmingham → Istanbul,2680,07:00,7.0,7.0,220.0,210,Air Traffic Control,0,97.0,298.55,3.5
FL14507,2024-08-27,8,Summer,Tuesday,SkyWing Air,Airbus A380,Edinburgh,Amsterdam,Edinburgh → Amsterdam,700,10:40,0.0,5.0,92.0,85,On Time,0,314.0,105.16,4.9
FL13544,2024-08-27,8,Summer,Tuesday,NovaStar,,Edinburgh,Amsterdam,Edinburgh → Amsterdam,700,08:50,0.0,0.0,95.0,85,On Time,0,254.0,65.12,4.7
FL13535,2024-08-27,8,Summer,Tuesday,PolarAir,Airbus A320,London Heathrow,New York JFK,London Heathrow → New York JFK,5570,18:25,0.0,5.0,434.0,420,On Time,0,263.0,461.12,3.9
FL12540,2024-08-27,8,Summer,Tuesday,CloudJet,Embraer E190,London Heathrow,New York JFK,London Heathrow → New York JFK,5570,08:55,106.0,119.0,544.0,420,Air Traffic Control,0,294.0,449.3,2.3
FL10603,2024-08-27,8,Summer,Tuesday,NovaStar,Embraer E190,Edinburgh,Amsterdam,Edinburgh → Amsterdam,700,09:30,5.0,8.0,92.0,85,Crew Availability,0,,53.51,4.0
FL11042,2024-08-27,8,Summer,Tuesday,NovaStar,Boeing 737,London Stansted,Warsaw Chopin,London Stansted → Warsaw Chopin,1470,08:55,3.0,9.0,148.0,135,Crew Availability,0,,96.86,4.5
FL13216,2024-08-27,8,Summer,Tuesday,SkyWing Air,Embraer E190,Leeds Bradford,Alicante,Leeds Bradford → Alicante,1590,08:00,,,,145,Security,1,372.0,117.45,2.0
FL14683,2024-08-28,8,Summer,Wednesday,PolarAir,Boeing 777,Leeds Bradford,Alicante,Leeds Bradford → Alicante,1590,13:15,25.0,30.0,175.0,145,Air Traffic Control,0,120.0,99.97,3.5
FL12674,2024-08-28,8,Summer,Wednesday,NovaStar,Boeing 777,London Heathrow,New York JFK,London Heathrow → New York JFK,5570,11:05,0.0,0.0,418.0,420,On Time,0,270.0,374.29,4.6
FL11691,2024-08-28,8,Summer,Wednesday,NovaStar,Boeing 737,London Gatwick,Rome Fiumicino,London Gatwick → Rome Fiumicino,1430,22:20,3.0,18.0,156.0,135,Security,0,291.0,65.28,3.9
FL12230,2024-08-28,8,Summer,Wednesday,NovaStar,Airbus A380,Manchester,Barcelona,Manchester → Barcelona,1440,06:20,4.0,0.0,128.0,130,Weather,0,278.0,57.72,4.4
FL10149,2024-08-28,8,Summer,Wednesday,Atlantic Wings,Boeing 777,Manchester,Barcelona,Manchester → Barcelona,1440,12:30,52.0,45.0,182.0,130,Air Traffic Control,0,328.0,115.04,2.5
FL11398,2024-08-29,8,Summer,Thursday,SkyWing Air,Boeing 737,Manchester,Barcelona,Manchester → Barcelona,1440,09:35,0.0,6.0,133.0,130,On Time,0,130.0,150.0,4.2
FL14298,2024-08-29,8,Summer,Thursday,CloudJet,Boeing 737,London Gatwick,Rome Fiumicino,London Gatwick → Rome Fiumicino,1430,13:30,,,,135,Air Traffic Control,1,274.0,128.37,2.1
FL12370,2024-08-29,8,Summer,Thursday,Atlantic Wings,Boeing 777,Edinburgh,Amsterdam,Edinburgh → Amsterdam,700,09:35,37.0,42.0,129.0,85,Crew Availability,0,357.0,91.82,2.8
FL13215,2024-08-30,8,Summer,Friday,AeroSwift,Airbus A380,Birmingham,Istanbul,Birmingham → Istanbul,2680,13:15,13.0,18.0,226.0,210,Weather,0,404.0,237.39,3.0
FL10410,2024-08-30,8,Summer,Friday,AeroSwift,Airbus A320,Bristol,Malaga,Bristol → Malaga,1620,14:40,4.0,11.0,165.0,145,Security,0,68.0,88.27,3.1
FL11168,2024-08-30,8,Summer,Friday,PolarAir,Boeing 777,London Heathrow,Dubai,London Heathrow → Dubai,5490,16:05,18.0,11.0,425.0,415,Crew Availability,0,137.0,406.63,3.2
FL12600,2024-08-30,8,Summer,Friday,AeroSwift,Embraer E190,Leeds Bradford,Alicante,Leeds Bradford → Alicante,1590,07:50,27.0,38.0,179.0,145,Technical,0,176.0,103.22,3.1
FL11909,2024-08-30,8,Summer,Friday,PolarAir,Airbus A380,London Heathrow,Toronto Pearson,London Heathrow → Toronto Pearson,5730,13:20,0.0,7.0,447.0,430,On Time,0,415.0,427.21,4.1
FL10956,2024-08-30,8,Summer,Friday,NovaStar,Embraer E190,Edinburgh,Amsterdam,Edinburgh → Amsterdam,700,12:15,44.0,51.0,141.0,85,Weather,0,321.0,49.0,3.3
FL12842,2024-08-30,8,Summer,Friday,PolarAir,Airbus A320,London Gatwick,Rome Fiumicino,London Gatwick → Rome Fiumicino,1430,07:50,4.0,1.0,140.0,135,Air Traffic Control,0,103.0,118.16,4.4
FL13580,2024-08-30,8,Summer,Friday,SkyWing Air,Boeing 737,Leeds Bradford,Alicante,Leeds Bradford → Alicante,1590,09:10,10.0,20.0,172.0,145,Crew Availability,0,69.0,91.48,3.9
FL11271,2024-08-30,8,Summer,Friday,Atlantic Wings,Airbus A380,London Stansted,Warsaw Chopin,London Stansted → Warsaw Chopin,1470,17:20,0.0,0.0,137.0,135,On Time,0,,166.7,4.3
FL12956,2024-08-30,8,Summer,Friday,Atlantic Wings,Airbus A320,London Stansted,Warsaw Chopin,London Stansted → Warsaw Chopin,1470,16:20,8.0,21.0,163.0,135,Security,0,,164.94,3.9
FL13430,2024-08-31,8,Summer,Saturday,PolarAir,Airbus A320,Manchester,Barcelona,Manchester → Barcelona,1440,18:35,22.0,35.0,169.0,130,Weather,0,310.0,184.03,3.4
FL10018,2024-08-31,8,Summer,Saturday,SkyWing Air,Boeing 737,London Stansted,Warsaw Chopin,London Stansted → Warsaw Chopin,1470,09:50,0.0,8.0,148.0,135,On Time,0,193.0,158.2,4.0
FL12730,2024-08-31,8,Summer,Saturday,SkyWing Air,Airbus A380,London Heathrow,Toronto Pearson,London Heathrow → Toronto Pearson,5730,12:00,3.0,0.0,434.0,430,Air Traffic Control,0,239.0,480.89,4.1
FL11028,2024-08-31,8,Summer,Saturday,AeroSwift,Embraer E190,Edinburgh,Amsterdam,Edinburgh → Amsterdam,700,20:30,0.0,2.0,91.0,85,On Time,0,315.0,89.6,5.0
FL14182,2024-08-31,8,Summer,Saturday,AeroSwift,Boeing 737,Edinburgh,Amsterdam,Edinburgh → Amsterdam,700,10:15,3.0,13.0,97.0,85,Late Aircraft,0,350.0,49.0,3.8
FL12058,2024-08-31,8,Summer,Saturday,AeroSwift,Boeing 737,Bristol,Malaga,Bristol → Malaga,1620,08:25,15.0,8.0,154.0,145,Technical,0,326.0,158.22,4.0
FL10713,2024-08-31,8,Summer,Saturday,CloudJet,Boeing 777,Bristol,Malaga,Bristol → Malaga,1620,12:35,10.0,17.0,158.0,145,Weather,0,68.0,208.84,3.9
FL12725,2024-09-01,9,Autumn,Sunday,SkyWing Air,Airbus A320,London Gatwick,Rome Fiumicino,London Gatwick → Rome Fiumicino,1430,13:45,1.0,0.0,142.0,135,Late Aircraft,0,68.0,153.17,3.9
FL12529,2024-09-01,9,Autumn,Sunday,Atlantic Wings,,London Heathrow,Singapore Changi,London Heathrow → Singapore Changi,10840,17:35,92.0,103.0,847.0,745,Weather,0,92.0,749.29,1.8
FL14778,2024-09-01,9,Autumn,Sunday,NovaStar,Boeing 737,London Heathrow,Singapore Changi,London Heathrow → Singapore Changi,10840,14:45,6.0,18.0,763.0,745,Crew Availability,0,258.0,546.32,
FL14880,2024-09-01,9,Autumn,Sunday,Atlantic Wings,Airbus A380,Bristol,Malaga,Bristol → Malaga,1620,14:35,2.0,17.0,161.0,145,Air Traffic Control,0,112.0,181.53,3.8
FL13441,2024-09-02,9,Autumn,Monday,PolarAir,Boeing 777,Manchester,Barcelona,Manchester → Barcelona,1440,10:20,0.0,10.0,141.0,130,On Time,0,154.0,69.17,4.1
FL12884,2024-09-02,9,Autumn,Monday,Atlantic Wings,Embraer E190,London Heathrow,Toronto Pearson,London Heathrow → Toronto Pearson,5730,13:30,0.0,0.0,426.0,430,On Time,0,220.0,442.21,4.1
FL11385,2024-09-02,9,Autumn,Monday,SkyWing Air,Airbus A380,London Heathrow,New York JFK,London Heathrow → New York JFK,5570,17:30,8.0,5.0,422.0,420,Weather,0,301.0,397.45,3.4
FL14535,2024-09-02,9,Autumn,Monday,SkyWing Air,Airbus A320,Manchester,Barcelona,Manchester → Barcelona,1440,21:15,6.0,21.0,155.0,130,Technical,0,302.0,105.43,3.9
FL10076,2024-09-02,9,Autumn,Monday,SkyWing Air,Embraer E190,London Gatwick,Rome Fiumicino,London Gatwick → Rome Fiumicino,1430,07:10,7.0,16.0,151.0,135,Air Traffic Control,0,116.0,49.0,4.0
FL10689,2024-09-02,9,Autumn,Monday,SkyWing Air,Boeing 737,London Heathrow,Dubai,London Heathrow → Dubai,5490,22:20,0.0,0.0,412.0,415,On Time,0,313.0,408.02,4.8
FL12653,2024-09-02,9,Autumn,Monday,PolarAir,Boeing 737,Leeds Bradford,Alicante,Leeds Bradford → Alicante,1590,07:30,55.0,57.0,211.0,145,Air Traffic Control,0,247.0,154.08,2.8
FL14302,2024-09-02,9,Autumn,Monday,SkyWing Air,Embraer E190,Bristol,Malaga,Bristol → Malaga,1620,15:45,11.0,24.0,174.0,145,Crew Availability,0,257.0,95.55,4.5
FL13094,2024-09-02,9,Autumn,Monday,CloudJet,Embraer E190,London Gatwick,Rome Fiumicino,London Gatwick → Rome Fiumicino,1430,13:10,0.0,14.0,154.0,135,On Time,0,190.0,80.9,4.6
FL14232,2024-09-02,9,Autumn,Monday,AeroSwift,Airbus A320,London Gatwick,Rome Fiumicino,London Gatwick → Rome Fiumicino,1430,14:45,13.0,21.0,166.0,135,Air Traffic Control,0,396.0,104.35,3.4
FL11928,2024-09-02,9,Autumn,Monday,PolarAir,Boeing 737,London Heathrow,Toronto Pearson,London Heathrow → Toronto Pearson,5730,09:40,14.0,17.0,445.0,430,Security,0,156.0,366.02,
FL10184,2024-09-03,9,Autumn,Tuesday,NovaStar,Airbus A320,Manchester,Barcelona,Manchester → Barcelona,1440,13:55,17.0,27.0,155.0,130,Air Traffic Control,0,129.0,124.8,4.4
FL12387,2024-09-03,9,Autumn,Tuesday,CloudJet,Airbus A380,London Heathrow,Singapore Changi,London Heathrow → Singapore Changi,10840,15:55,6.0,19.0,774.0,745,Weather,0,253.0,628.22,4.2
FL12835,2024-09-03,9,Autumn,Tuesday,Atlantic Wings,Boeing 737,Edinburgh,Amsterdam,Edinburgh → Amsterdam,700,07:00,57.0,57.0,139.0,85,Crew Availability,0,215.0,52.93,3.3
FL12602,2024-09-03,9,Autumn,Tuesday,PolarAir,Boeing 787,London Heathrow,Toronto Pearson,London Heathrow → Toronto Pearson,5730,12:30,27.0,33.0,464.0,430,Weather,0,267.0,388.6,3.4
FL13396,2024-09-03,9,Autumn,Tuesday,PolarAir,Boeing 777,Manchester,Barcelona,Manchester → Barcelona,1440,18:35,20.0,23.0,152.0,130,Weather,0,280.0,49.0,3.3
FL13330,2024-09-03,9,Autumn,Tuesday,CloudJet,Boeing 777,Glasgow,Dublin,Glasgow → Dublin,220,10:55,0.0,1.0,51.0,50,On Time,0,336.0,49.0,4.7
FL10303,2024-09-03,9,Autumn,Tuesday,SkyWing Air,Boeing 777,Manchester,Barcelona,Manchester → Barcelona,1440,09:35,,,,130,Crew Availability,1,325.0,69.35,1.4
FL11944,2024-09-03,9,Autumn,Tuesday,PolarAir,Boeing 737,Manchester,Barcelona,Manchester → Barcelona,1440,07:00,0.0,12.0,142.0,130,On Time,0,207.0,84.64,4.0
FL13687,2024-09-04,9,Autumn,Wednesday,SkyWing Air,Airbus A320,London Stansted,Warsaw Chopin,London Stansted → Warsaw Chopin,1470,12:00,11.0,17.0,147.0,135,Crew Availability,0,198.0,117.47,3.6
FL10171,2024-09-04,9,Autumn,Wednesday,PolarAir,Airbus A320,London Stansted,Warsaw Chopin,London Stansted → Warsaw Chopin,1470,15:40,9.0,23.0,154.0,135,Late Aircraft,0,244.0,135.06,4.1
FL11350,2024-09-04,9,Autumn,Wednesday,Atlantic Wings,Airbus A320,Birmingham,Istanbul,Birmingham → Istanbul,2680,15:20,0.0,7.0,227.0,210,On Time,0,223.0,154.07,4.8
FL10440,2024-09-04,9,Autumn,Wednesday,SkyWing Air,Boeing 737,Manchester,Barcelona,Manchester → Barcelona,1440,12:35,5.0,13.0,140.0,130,Air Traffic Control,0,362.0,67.17,4.1
FL11787,2024-09-04,9,Autumn,Wednesday,CloudJet,Airbus A320,London Heathrow,Dubai,London Heathrow → Dubai,5490,10:35,0.0,1.0,421.0,415,On Time,0,76.0,377.16,4.7
FL11474,2024-09-04,9,Autumn,Wednesday,PolarAir,Boeing 737,Manchester,Barcelona,Manchester → Barcelona,1440,17:30,,,,130,Air Traffic Control,1,209.0,142.46,1.7
FL12718,2024-09-04,9,Autumn,Wednesday,Atlantic Wings,Airbus A320,London Heathrow,Singapore Changi,London Heathrow → Singapore Changi,10840,11:10,9.0,22.0,777.0,745,Air Traffic Control,0,196.0,742.19,3.6
FL12369,2024-09-04,9,Autumn,Wednesday,Atlantic Wings,Boeing 787,Bristol,Malaga,Bristol → Malaga,1620,07:10,86.0,92.0,243.0,145,Technical,0,201.0,123.62,2.3
FL11686,2024-09-04,9,Autumn,Wednesday,AeroSwift,Boeing 737,London Heathrow,New York JFK,London Heathrow → New York JFK,5570,20:05,0.0,12.0,437.0,420,On Time,0,281.0,347.09,4.3
FL14761,2024-09-05,9,Autumn,Thursday,SkyWing Air,Boeing 737,London Heathrow,Toronto Pearson,London Heathrow → Toronto Pearson,5730,14:25,25.0,22.0,447.0,430,Crew Availability,0,247.0,424.1,4.4
FL14308,2024-09-05,9,Autumn,Thursday,AeroSwift,,London Stansted,Warsaw Chopin,London Stansted → Warsaw Chopin,1470,05:55,0.0,13.0,158.0,135,On Time,0,202.0,63.48,4.2
FL11463,2024-09-05,9,Autumn,Thursday,SkyWing Air,Boeing 737,Leeds Bradford,Alicante,Leeds Bradford → Alicante,1590,08:05,40.0,35.0,175.0,145,Late Aircraft,0,342.0,87.56,3.0
FL10445,2024-09-05,9,Autumn,Thursday,AeroSwift,Airbus A320,Glasgow,Dublin,Glasgow → Dublin,220,14:25,1.0,14.0,67.0,50,Air Traffic Control,0,410.0,49.0,4.0
FL13235,2024-09-05,9,Autumn,Thursday,SkyWing Air,Boeing 737,London Gatwick,Rome Fiumicino,London Gatwick → Rome Fiumicino,1430,12:45,14.0,27.0,169.0,135,Crew Availability,0,98.0,110.42,3.7
FL11757,2024-09-06,9,Autumn,Friday,AeroSwift,Airbus A380,London Stansted,Warsaw Chopin,London Stansted → Warsaw Chopin,1470,17:45,3.0,0.0,137.0,135,Air Traffic Control,0,384.0,71.66,3.7
FL13534,2024-09-06,9,Autumn,Friday,CloudJet,Airbus A320,Bristol,Malaga,Bristol → Malaga,1620,12:15,60.0,72.0,225.0,145,Security,0,412.0,60.74,2.1
FL14340,2024-09-06,9,Autumn,Friday,NovaStar,Airbus A380,London Heathrow,Dubai,London Heathrow → Dubai,5490,12:15,0.0,0.0,413.0,415,On Time,0,116.0,289.95,3.9
FL11676,2024-09-06,9,Autumn,Friday,AeroSwift,Boeing 737,London Heathrow,New York JFK,London Heathrow → New York JFK,5570,05:20,12.0,6.0,433.0,420,Weather,0,65.0,311.23,4.5
FL12291,2024-09-06,9,Autumn,Friday,CloudJet,Embraer E190,Glasgow,Dublin,Glasgow → Dublin,220,11:45,18.0,23.0,76.0,50,Late Aircraft,0,114.0,49.0,3.7
FL11705,2024-09-06,9,Autumn,Friday,SkyWing Air,Boeing 737,Bristol,Malaga,Bristol → Malaga,1620,15:35,15.0,12.0,156.0,145,Security,0,127.0,81.09,3.0
FL10226,2024-09-06,9,Autumn,Friday,PolarAir,Boeing 737,Edinburgh,Amsterdam,Edinburgh → Amsterdam,700,22:15,6.0,7.0,102.0,85,Weather,0,119.0,49.0,3.5
FL13148,2024-09-06,9,Autumn,Friday,SkyWing Air,Airbus A320,Birmingham,Istanbul,Birmingham → Istanbul,2680,20:40,26.0,24.0,233.0,210,Weather,0,360.0,174.2,3.6
FL12856,2024-09-06,9,Autumn,Friday,CloudJet,Airbus A380,Edinburgh,Amsterdam,Edinburgh → Amsterdam,700,14:00,,,,85,Late Aircraft,1,368.0,81.47,2.2
FL12337,2024-09-06,9,Autumn,Friday,PolarAir,Airbus A320,London Gatwick,Rome Fiumicino,London Gatwick → Rome Fiumicino,1430,15:35,1.0,13.0,154.0,135,Air Traffic Control,0,259.0,90.95,4.0
FL10997,2024-09-06,9,Autumn,Friday,SkyWing Air,Boeing 737,London Heathrow,Singapore Changi,London Heathrow → Singapore Changi,10840,17:05,20.0,16.0,757.0,745,Crew Availability,0,249.0,716.25,3.4
FL12419,2024-09-06,9,Autumn,Friday,AeroSwift,Embraer E190,London Heathrow,Singapore Changi,London Heathrow → Singapore Changi,10840,21:10,2.0,0.0,753.0,745,Late Aircraft,0,198.0,577.04,4.1
FL11384,2024-09-07,9,Autumn,Saturday,PolarAir,Boeing 737,Birmingham,Istanbul,Birmingham → Istanbul,2680,09:15,32.0,34.0,254.0,210,Weather,0,101.0,165.82,3.5
FL12671,2024-09-07,9,Autumn,Saturday,Atlantic Wings,Boeing 737,London Gatwick,Rome Fiumicino,London Gatwick → Rome Fiumicino,1430,14:20,15.0,27.0,160.0,135,Crew Availability,0,129.0,111.9,4.3
FL14877,2024-09-07,9,Autumn,Saturday,SkyWing Air,Embraer E190,Edinburgh,Amsterdam,Edinburgh → Amsterdam,700,09:50,0.0,0.0,92.0,85,On Time,0,298.0,109.3,4.9
FL11837,2024-09-07,9,Autumn,Saturday,SkyWing Air,Airbus A320,Bristol,Malaga,Bristol → Malaga,1620,11:00,24.0,19.0,165.0,145,Security,0,62.0,136.07,3.1
FL14724,2024-09-07,9,Autumn,Saturday,AeroSwift,Boeing 737,London Heathrow,Singapore Changi,London Heathrow → Singapore Changi,10840,10:45,0.0,7.0,753.0,745,On Time,0,,544.49,4.5
FL11572,2024-09-07,9,Autumn,Saturday,PolarAir,Boeing 737,London Heathrow,Toronto Pearson,London Heathrow → Toronto Pearson,5730,22:35,2.0,5.0,438.0,430,Crew Availability,0,211.0,388.24,3.7
FL11565,2024-09-08,9,Autumn,Sunday,Atlantic Wings,Boeing 787,London Heathrow,Dubai,London Heathrow → Dubai,5490,15:00,114.0,121.0,532.0,415,Weather,0,,366.83,1.0
FL13004,2024-09-08,9,Autumn,Sunday,Atlantic Wings,Airbus A380,Manchester,Barcelona,Manchester → Barcelona,1440,16:05,4.0,16.0,145.0,130,Technical,0,159.0,52.44,3.8
FL11446,2024-09-08,9,Autumn,Sunday,AeroSwift,Boeing 737,Edinburgh,Amsterdam,Edinburgh → Amsterdam,700,05:30,1.0,0.0,84.0,85,Weather,0,347.0,49.0,3.4
FL10450,2024-09-08,9,Autumn,Sunday,AeroSwift,Boeing 787,London Stansted,Warsaw Chopin,London Stansted → Warsaw Chopin,1470,05:10,0.0,0.0,132.0,135,On Time,0,134.0,139.47,4.8
FL14303,2024-09-08,9,Autumn,Sunday,Atlantic Wings,Airbus A380,London Heathrow,Singapore Changi,London Heathrow → Singapore Changi,10840,11:55,62.0,61.0,815.0,745,Technical,0,231.0,691.47,2.5
FL12105,2024-09-08,9,Autumn,Sunday,PolarAir,Airbus A380,Manchester,Barcelona,Manchester → Barcelona,1440,06:25,18.0,12.0,143.0,130,Crew Availability,0,188.0,82.94,3.6
FL13728,2024-09-08,9,Autumn,Sunday,PolarAir,Boeing 737,London Heathrow,Dubai,London Heathrow → Dubai,5490,11:05,6.0,20.0,445.0,415,Late Aircraft,0,167.0,295.07,3.2
FL12186,2024-09-08,9,Autumn,Sunday,PolarAir,Boeing 777,Glasgow,Dublin,Glasgow → Dublin,220,11:45,18.0,33.0,84.0,50,Technical,0,385.0,49.0,4.2
FL13650,2024-09-09,9,Autumn,Monday,CloudJet,Boeing 737,London Stansted,Warsaw Chopin,London Stansted → Warsaw Chopin,1470,15:40,16.0,17.0,161.0,135,Crew Availability,0,241.0,65.92,3.6
FL12806,2024-09-09,9,Autumn,Monday,PolarAir,Boeing 737,London Heathrow,New York JFK,London Heathrow → New York JFK,5570,09:30,31.0,34.0,460.0,420,Technical,0,183.0,385.07,2.1
FL13553,2024-09-09,9,Autumn,Monday,AeroSwift,Embraer E190,London Heathrow,Toronto Pearson,London Heathrow → Toronto Pearson,5730,06:50,1.0,12.0,444.0,430,Technical,0,318.0,279.56,3.3
FL11778,2024-09-09,9,Autumn,Monday,AeroSwift,,London Stansted,Warsaw Chopin,London Stansted → Warsaw Chopin,1470,14:35,9.0,24.0,158.0,135,Late Aircraft,0,362.0,114.93,3.5
FL11698,2024-09-09,9,Autumn,Monday,PolarAir,Boeing 777,London Stansted,Warsaw Chopin,London Stansted → Warsaw Chopin,1470,15:55,9.0,5.0,148.0,135,Security,0,67.0,119.25,3.6
FL13993,2024-09-09,9,Autumn,Monday,SkyWing Air,Airbus A320,London Heathrow,Dubai,London Heathrow → Dubai,5490,08:55,5.0,13.0,432.0,415,Technical,0,370.0,384.76,4.2
FL13666,2024-09-10,9,Autumn,Tuesday,Atlantic Wings,Boeing 787,London Heathrow,Dubai,London Heathrow → Dubai,5490,17:40,0.0,13.0,433.0,415,On Time,0,410.0,333.79,3.9
FL13039,2024-09-10,9,Autumn,Tuesday,CloudJet,Boeing 777,Edinburgh,Amsterdam,Edinburgh → Amsterdam,700,10:00,27.0,36.0,127.0,85,Crew Availability,0,302.0,85.75,3.8
FL10595,2024-09-10,9,Autumn,Tuesday,PolarAir,,Birmingham,Istanbul,Birmingham → Istanbul,2680,12:25,0.0,0.0,216.0,210,On Time,0,400.0,204.79,4.3
FL10860,2024-09-10,9,Autumn,Tuesday,Atlantic Wings,Boeing 737,London Heathrow,New York JFK,London Heathrow → New York JFK,5570,15:50,7.0,11.0,427.0,420,Late Aircraft,0,330.0,427.53,3.1
FL10901,2024-09-10,9,Autumn,Tuesday,AeroSwift,Airbus A320,Leeds Bradford,Alicante,Leeds Bradford → Alicante,1590,07:55,4.0,13.0,167.0,145,Technical,0,197.0,64.41,3.9
FL11134,2024-09-11,9,Autumn,Wednesday,Atlantic Wings,Boeing 737,Leeds Bradford,Alicante,Leeds Bradford → Alicante,1590,09:40,67.0,82.0,230.0,145,Security,0,319.0,128.05,3.5
FL10998,2024-09-11,9,Autumn,Wednesday,CloudJet,Embraer E190,London Gatwick,Rome Fiumicino,London Gatwick → Rome Fiumicino,1430,17:35,13.0,17.0,151.0,135,Crew Availability,0,300.0,137.04,3.5
FL11416,2024-09-11,9,Autumn,Wednesday,SkyWing Air,Boeing 787,London Stansted,Warsaw Chopin,London Stansted → Warsaw Chopin,1470,05:25,12.0,24.0,154.0,135,Late Aircraft,0,155.0,97.16,3.8
FL12536,2024-09-11,9,Autumn,Wednesday,CloudJet,Boeing 777,Leeds Bradford,Alicante,Leeds Bradford → Alicante,1590,14:05,0.0,0.0,147.0,145,On Time,0,351.0,105.6,3.9
FL12926,2024-09-12,9,Autumn,Thursday,NovaStar,Boeing 737,London Heathrow,Singapore Changi,London Heathrow → Singapore Changi,10840,11:25,18.0,18.0,771.0,745,Late Aircraft,0,155.0,615.01,3.8
FL10996,2024-09-12,9,Autumn,Thursday,AeroSwift,Boeing 787,Leeds Bradford,Alicante,Leeds Bradford → Alicante,1590,06:35,0.0,8.0,161.0,145,On Time,0,390.0,93.85,4.8
FL11035,2024-09-12,9,Autumn,Thursday,CloudJet,Boeing 777,Manchester,Barcelona,Manchester → Barcelona,1440,09:55,52.0,59.0,191.0,130,Security,0,412.0,85.35,2.4
FL13207,2024-09-12,9,Autumn,Thursday,Atlantic Wings,Boeing 787,London Gatwick,Rome Fiumicino,London Gatwick → Rome Fiumicino,1430,18:05,2.0,10.0,149.0,135,Late Aircraft,0,360.0,54.15,4.0
FL10769,2024-09-12,9,Autumn,Thursday,SkyWing Air,Boeing 777,Edinburgh,Amsterdam,Edinburgh → Amsterdam,700,09:10,3.0,12.0,97.0,85,Security,0,74.0,49.0,3.9
FL12462,2024-09-13,9,Autumn,Friday,SkyWing Air,Embraer E190,London Heathrow,Toronto Pearson,London Heathrow → Toronto Pearson,5730,17:45,51.0,66.0,495.0,430,Crew Availability,0,64.0,437.9,2.3
FL11587,2024-09-13,9,Autumn,Friday,PolarAir,Boeing 777,London Gatwick,Rome Fiumicino,London Gatwick → Rome Fiumicino,1430,22:40,0.0,9.0,139.0,135,On Time,0,251.0,49.0,4.6
FL13371,2024-09-13,9,Autumn,Friday,PolarAir,Airbus A320,Bristol,Malaga,Bristol → Malaga,1620,08:40,6.0,10.0,154.0,145,Crew Availability,0,132.0,144.97,3.5
FL13564,2024-09-13,9,Autumn,Friday,PolarAir,Airbus A320,Birmingham,Istanbul,Birmingham → Istanbul,2680,05:20,38.0,40.0,257.0,210,Technical,0,210.0,174.69,2.9
FL12363,2024-09-13,9,Autumn,Friday,SkyWing Air,Airbus A320,London Heathrow,Singapore Changi,London Heathrow → Singapore Changi,10840,15:20,55.0,65.0,815.0,745,Weather,0,,756.04,3.2
FL13097,2024-09-13,9,Autumn,Friday,PolarAir,Airbus A320,Birmingham,Istanbul,Birmingham → Istanbul,2680,07:25,12.0,18.0,230.0,210,Security,0,177.0,195.93,3.9
FL13880,2024-09-13,9,Autumn,Friday,Atlantic Wings,Boeing 787,Manchester,Barcelona,Manchester → Barcelona,1440,06:00,54.0,68.0,207.0,130,Technical,0,136.0,126.09,2.2
FL11306,2024-09-13,9,Autumn,Friday,PolarAir,Airbus A380,London Heathrow,Dubai,London Heathrow → Dubai,5490,11:10,0.0,0.0,422.0,415,On Time,0,79.0,329.86,3.9
FL11746,2024-09-13,9,Autumn,Friday,NovaStar,Airbus A380,Leeds Bradford,Alicante,Leeds Bradford → Alicante,1590,10:40,0.0,0.0,149.0,145,On Time,0,196.0,97.3,3.8
FL11629,2024-09-13,9,Autumn,Friday,AeroSwift,Airbus A320,Edinburgh,Amsterdam,Edinburgh → Amsterdam,700,18:55,10.0,15.0,104.0,85,Crew Availability,0,371.0,70.39,4.4
FL13830,2024-09-13,9,Autumn,Friday,Atlantic Wings,Airbus A320,Edinburgh,Amsterdam,Edinburgh → Amsterdam,700,14:30,,,,85,Late Aircraft,1,382.0,49.0,2.4
FL10040,2024-09-13,9,Autumn,Friday,Atlantic Wings,Boeing 737,Leeds Bradford,Alicante,Leeds Bradford → Alicante,1590,19:10,28.0,23.0,163.0,145,Security,0,219.0,156.85,3.9
FL13924,2024-09-14,9,Autumn,Saturday,NovaStar,Boeing 737,Bristol,Malaga,Bristol → Malaga,1620,16:25,6.0,21.0,171.0,145,Crew Availability,0,84.0,75.16,3.2
FL13814,2024-09-14,9,Autumn,Saturday,Atlantic Wings,Boeing 777,London Heathrow,Toronto Pearson,London Heathrow → Toronto Pearson,5730,08:50,3.0,11.0,446.0,430,Crew Availability,0,226.0,374.25,3.1
FL10753,2024-09-14,9,Autumn,Saturday,SkyWing Air,Airbus A320,London Heathrow,Dubai,London Heathrow → Dubai,5490,20:50,5.0,5.0,429.0,415,Technical,0,296.0,311.7,3.0
FL11016,2024-09-15,9,Autumn,Sunday,CloudJet,Embraer E190,London Stansted,Warsaw Chopin,London Stansted → Warsaw Chopin,1470,08:35,41.0,38.0,171.0,135,Crew Availability,0,187.0,94.43,2.2
FL14371,2024-09-15,9,Autumn,Sunday,CloudJet,Boeing 737,Leeds Bradford,Alicante,Leeds Bradford → Alicante,1590,15:35,23.0,33.0,175.0,145,Air Traffic Control,0,158.0,167.46,4.5
FL12606,2024-09-15,9,Autumn,Sunday,NovaStar,Boeing 777,Edinburgh,Amsterdam,Edinburgh → Amsterdam,700,07:15,0.0,10.0,97.0,85,On Time,0,192.0,51.04,4.3
FL10534,2024-09-15,9,Autumn,Sunday,PolarAir,Boeing 787,London Heathrow,New York JFK,London Heathrow → New York JFK,5570,19:50,0.0,9.0,439.0,420,On Time,0,261.0,381.02,4.4
FL12121,2024-09-15,9,Autumn,Sunday,SkyWing Air,Boeing 787,London Gatwick,Rome Fiumicino,London Gatwick → Rome Fiumicino,1430,21:20,16.0,16.0,159.0,135,Crew Availability,0,315.0,90.36,4.1
FL10104,2024-09-15,9,Autumn,Sunday,NovaStar,Boeing 737,London Heathrow,Singapore Changi,London Heathrow → Singapore Changi,10840,05:20,0.0,0.0,741.0,745,On Time,0,182.0,586.36,4.3
FL12896,2024-09-15,9,Autumn,Sunday,Atlantic Wings,Airbus A320,London Heathrow,Toronto Pearson,London Heathrow → Toronto Pearson,5730,08:00,9.0,19.0,451.0,430,Crew Availability,0,300.0,415.45,3.6
FL13974,2024-09-16,9,Autumn,Monday,SkyWing Air,Airbus A320,Birmingham,Istanbul,Birmingham → Istanbul,2680,10:25,0.0,4.0,213.0,210,On Time,0,94.0,239.95,4.5
FL10862,2024-09-16,9,Autumn,Monday,Atlantic Wings,Airbus A380,Edinburgh,Amsterdam,Edinburgh → Amsterdam,700,18:50,0.0,0.0,94.0,85,On Time,0,291.0,97.73,4.9
FL10834,2024-09-16,9,Autumn,Monday,AeroSwift,Boeing 777,Manchester,Barcelona,Manchester → Barcelona,1440,17:35,0.0,3.0,128.0,130,On Time,0,367.0,100.06,4.9
FL13772,2024-09-16,9,Autumn,Monday,NovaStar,Airbus A320,London Heathrow,Toronto Pearson,London Heathrow → Toronto Pearson,5730,07:45,6.0,6.0,444.0,430,Technical,0,251.0,355.57,4.2
FL12218,2024-09-17,9,Autumn,Tuesday,PolarAir,Airbus A320,London Heathrow,Dubai,London Heathrow → Dubai,5490,13:40,46.0,46.0,466.0,415,Late Aircraft,0,194.0,359.37,2.4
FL11846,2024-09-17,9,Autumn,Tuesday,Atlantic Wings,Boeing 737,Edinburgh,Amsterdam,Edinburgh → Amsterdam,700,08:20,1.0,9.0,93.0,85,Air Traffic Control,0,310.0,75.45,3.7
FL13648,2024-09-17,9,Autumn,Tuesday,PolarAir,Boeing 777,Bristol,Malaga,Bristol → Malaga,1620,12:30,47.0,44.0,197.0,145,Late Aircraft,0,159.0,145.75,2.0
FL12768,2024-09-17,9,Autumn,Tuesday,AeroSwift,Boeing 737,London Heathrow,Dubai,London Heathrow → Dubai,5490,20:35,35.0,42.0,464.0,415,Technical,0,269.0,312.89,2.8
FL11498,2024-09-18,9,Autumn,Wednesday,NovaStar,,London Stansted,Warsaw Chopin,London Stansted → Warsaw Chopin,1470,09:00,4.0,3.0,145.0,135,Late Aircraft,0,161.0,88.16,3.1
FL11263,2024-09-18,9,Autumn,Wednesday,Atlantic Wings,Boeing 737,London Gatwick,Rome Fiumicino,London Gatwick → Rome Fiumicino,1430,14:40,20.0,31.0,168.0,135,Weather,0,394.0,137.98,3.5
FL12962,2024-09-18,9,Autumn,Wednesday,CloudJet,Airbus A380,London Heathrow,Singapore Changi,London Heathrow → Singapore Changi,10840,07:10,0.0,14.0,769.0,745,On Time,0,385.0,641.94,3.8
FL11648,2024-09-19,9,Autumn,Thursday,Atlantic Wings,Airbus A320,Birmingham,Istanbul,Birmingham → Istanbul,2680,07:10,0.0,7.0,226.0,210,On Time,0,252.0,153.6,4.8
FL13381,2024-09-19,9,Autumn,Thursday,PolarAir,Airbus A320,Birmingham,Istanbul,Birmingham → Istanbul,2680,08:20,50.0,59.0,273.0,210,Air Traffic Control,0,129.0,140.1,3.2
FL14698,2024-09-19,9,Autumn,Thursday,AeroSwift,Boeing 787,London Heathrow,Toronto Pearson,London Heathrow → Toronto Pearson,5730,10:05,33.0,43.0,480.0,430,Technical,0,335.0,285.46,2.7
FL10568,2024-09-19,9,Autumn,Thursday,AeroSwift,Boeing 737,London Heathrow,Singapore Changi,London Heathrow → Singapore Changi,10840,06:45,20.0,26.0,771.0,745,Late Aircraft,0,417.0,575.27,3.9
FL14134,2024-09-19,9,Autumn,Thursday,NovaStar,Airbus A320,Bristol,Malaga,Bristol → Malaga,1620,11:45,0.0,1.0,143.0,145,On Time,0,358.0,118.74,4.2
FL12640,2024-09-19,9,Autumn,Thursday,AeroSwift,Boeing 737,London Heathrow,New York JFK,London Heathrow → New York JFK,5570,17:45,2.0,5.0,431.0,420,Technical,0,129.0,321.96,4.1
FL11360,2024-09-19,9,Autumn,Thursday,CloudJet,Airbus A380,London Stansted,Warsaw Chopin,London Stansted → Warsaw Chopin,1470,10:05,6.0,14.0,150.0,135,Crew Availability,0,116.0,49.0,4.1
FL10451,2024-09-19,9,Autumn,Thursday,AeroSwift,Boeing 777,Glasgow,Dublin,Glasgow → Dublin,220,17:05,0.0,0.0,51.0,50,On Time,0,,49.0,5.0
FL13103,2024-09-20,9,Autumn,Friday,AeroSwift,Boeing 737,London Heathrow,New York JFK,London Heathrow → New York JFK,5570,11:50,20.0,20.0,450.0,420,Weather,0,180.0,285.72,4.0
FL14292,2024-09-20,9,Autumn,Friday,Atlantic Wings,Boeing 777,Birmingham,Istanbul,Birmingham → Istanbul,2680,07:10,3.0,0.0,219.0,210,Security,0,116.0,193.72,3.7
FL10163,2024-09-20,9,Autumn,Friday,NovaStar,Boeing 787,London Heathrow,Singapore Changi,London Heathrow → Singapore Changi,10840,16:25,4.0,4.0,759.0,745,Late Aircraft,0,176.0,596.61,3.5
FL10779,2024-09-20,9,Autumn,Friday,NovaStar,Boeing 737,Birmingham,Istanbul,Birmingham → Istanbul,2680,07:40,1.0,16.0,233.0,210,Weather,0,106.0,130.78,4.2
FL13911,2024-09-20,9,Autumn,Friday,AeroSwift,Boeing 737,London Stansted,Warsaw Chopin,London Stansted → Warsaw Chopin,1470,16:35,4.0,2.0,132.0,135,Late Aircraft,0,226.0,92.81,3.4
FL14262,2024-09-20,9,Autumn,Friday,Atlantic Wings,Boeing 737,Edinburgh,Amsterdam,Edinburgh → Amsterdam,700,16:40,62.0,63.0,157.0,85,Crew Availability,0,260.0,49.0,3.4
FL12551,2024-09-20,9,Autumn,Friday,CloudJet,Airbus A320,Leeds Bradford,Alicante,Leeds Bradford → Alicante,1590,14:25,32.0,47.0,190.0,145,Weather,0,85.0,124.55,2.2
FL12996,2024-09-21,9,Autumn,Saturday,NovaStar,Embraer E190,London Heathrow,Toronto Pearson,London Heathrow → Toronto Pearson,5730,07:00,24.0,33.0,470.0,430,Security,0,75.0,289.58,3.8
FL13641,2024-09-21,9,Autumn,Saturday,SkyWing Air,Boeing 777,Edinburgh,Amsterdam,Edinburgh → Amsterdam,700,08:50,61.0,75.0,158.0,85,Security,0,186.0,100.1,2.1
FL10795,2024-09-21,9,Autumn,Saturday,AeroSwift,Boeing 737,Manchester,Barcelona,Manchester → Barcelona,1440,20:00,0.0,0.0,129.0,130,On Time,0,321.0,79.35,4.8
FL12923,2024-09-21,9,Autumn,Saturday,Atlantic Wings,Boeing 777,Bristol,Malaga,Bristol → Malaga,1620,20:25,0.0,2.0,146.0,145,On Time,0,221.0,131.68,4.9
FL14259,2024-09-21,9,Autumn,Saturday,PolarAir,Airbus A320,London Heathrow,Singapore Changi,London Heathrow → Singapore Changi,10840,08:35,0.0,14.0,766.0,745,On Time,0,352.0,610.27,4.2
FL11041,2024-09-21,9,Autumn,Saturday,CloudJet,Boeing 737,Birmingham,Istanbul,Birmingham → Istanbul,2680,08:35,25.0,33.0,244.0,210,Technical,0,135.0,199.54,3.5
FL13059,2024-09-21,9,Autumn,Saturday,NovaStar,Boeing 787,Bristol,Malaga,Bristol → Malaga,1620,18:00,12.0,27.0,173.0,145,Crew Availability,0,379.0,98.42,4.2
FL14520,2024-09-21,9,Autumn,Saturday,NovaStar,Airbus A320,Glasgow,Dublin,Glasgow → Dublin,220,22:45,0.0,13.0,64.0,50,On Time,0,98.0,49.0,4.7
FL11419,2024-09-22,9,Autumn,Sunday,CloudJet,Boeing 787,London Heathrow,Dubai,London Heathrow → Dubai,5490,08:10,14.0,14.0,438.0,415,Security,0,74.0,364.57,3.9
FL10397,2024-09-22,9,Autumn,Sunday,CloudJet,Embraer E190,London Gatwick,Rome Fiumicino,London Gatwick → Rome Fiumicino,1430,16:00,31.0,42.0,176.0,135,Technical,0,397.0,118.96,2.7
FL14589,2024-09-22,9,Autumn,Sunday,PolarAir,Boeing 787,Bristol,Malaga,Bristol → Malaga,1620,09:35,,,,145,Late Aircraft,1,114.0,104.76,2.2
FL14420,2024-09-22,9,Autumn,Sunday,NovaStar,Boeing 777,Edinburgh,Amsterdam,Edinburgh → Amsterdam,700,14:55,0.0,5.0,96.0,85,On Time,0,134.0,80.26,4.6
FL14817,2024-09-22,9,Autumn,Sunday,AeroSwift,Boeing 777,London Gatwick,Rome Fiumicino,London Gatwick → Rome Fiumicino,1430,08:10,12.0,20.0,165.0,135,Weather,0,195.0,66.25,3.2
FL13628,2024-09-22,9,Autumn,Sunday,CloudJet,Boeing 737,Bristol,Malaga,Bristol → Malaga,1620,14:45,18.0,33.0,182.0,145,Air Traffic Control,0,162.0,95.35,3.1
FL14803,2024-09-22,9,Autumn,Sunday,CloudJet,Airbus A380,London Heathrow,Dubai,London Heathrow → Dubai,5490,12:45,42.0,49.0,467.0,415,Technical,0,105.0,359.25,3.4
FL13842,2024-09-22,9,Autumn,Sunday,Atlantic Wings,Boeing 737,London Stansted,Warsaw Chopin,London Stansted → Warsaw Chopin,1470,10:00,9.0,16.0,154.0,135,Late Aircraft,0,124.0,166.12,3.1
FL10373,2024-09-22,9,Autumn,Sunday,PolarAir,Boeing 737,London Heathrow,Singapore Changi,London Heathrow → Singapore Changi,10840,07:25,37.0,49.0,789.0,745,Technical,0,387.0,657.35,2.3
FL14196,2024-09-23,9,Autumn,Monday,PolarAir,Boeing 777,Glasgow,Dublin,Glasgow → Dublin,220,10:15,40.0,47.0,107.0,50,Late Aircraft,0,140.0,49.0,3.1
FL14078,2024-09-23,9,Autumn,Monday,Atlantic Wings,Airbus A320,London Gatwick,Rome Fiumicino,London Gatwick → Rome Fiumicino,1430,06:50,58.0,68.0,205.0,135,Technical,0,391.0,173.77,2.6
FL11945,2024-09-23,9,Autumn,Monday,NovaStar,Airbus A320,Edinburgh,Amsterdam,Edinburgh → Amsterdam,700,13:30,0.0,4.0,84.0,85,On Time,0,253.0,93.04,
FL10499,2024-09-23,9,Autumn,Monday,CloudJet,Boeing 777,Leeds Bradford,Alicante,Leeds Bradford → Alicante,1590,09:55,31.0,32.0,176.0,145,Weather,0,129.0,56.11,2.0
FL11025,2024-09-23,9,Autumn,Monday,PolarAir,Airbus A320,London Gatwick,Rome Fiumicino,London Gatwick → Rome Fiumicino,1430,06:00,,,,135,Weather,1,128.0,103.74,1.3
FL13462,2024-09-23,9,Autumn,Monday,NovaStar,Airbus A320,Manchester,Barcelona,Manchester → Barcelona,1440,19:10,1.0,0.0,125.0,130,Weather,0,135.0,107.26,4.1
FL14001,2024-09-23,9,Autumn,Monday,CloudJet,Embraer E190,London Gatwick,Rome Fiumicino,London Gatwick → Rome Fiumicino,1430,19:50,2.0,0.0,145.0,135,Late Aircraft,0,402.0,118.82,3.1
FL13220,2024-09-24,9,Autumn,Tuesday,NovaStar,Boeing 777,Edinburgh,Amsterdam,Edinburgh → Amsterdam,700,16:35,0.0,0.0,80.0,85,On Time,0,312.0,49.0,3.8
FL10507,2024-09-24,9,Autumn,Tuesday,AeroSwift,Boeing 777,London Heathrow,Dubai,London Heathrow → Dubai,5490,21:35,0.0,2.0,423.0,415,On Time,0,83.0,312.95,4.7
FL13568,2024-09-24,9,Autumn,Tuesday,Atlantic Wings,Boeing 787,London Heathrow,Dubai,London Heathrow → Dubai,5490,10:25,87.0,90.0,507.0,415,Security,0,359.0,330.61,3.3
FL11438,2024-09-24,9,Autumn,Tuesday,SkyWing Air,Boeing 737,London Heathrow,Singapore Changi,London Heathrow → Singapore Changi,10840,21:55,53.0,62.0,815.0,745,Weather,0,,702.53,3.5
FL10089,2024-09-24,9,Autumn,Tuesday,PolarAir,Boeing 787,Leeds Bradford,Alicante,Leeds Bradford → Alicante,1590,10:05,55.0,50.0,203.0,145,Technical,0,361.0,87.3,2.6
FL13920,2024-09-24,9,Autumn,Tuesday,PolarAir,Airbus A320,London Heathrow,Toronto Pearson,London Heathrow → Toronto Pearson,5730,08:50,3.0,1.0,432.0,430,Weather,0,109.0,358.17,3.7
FL12792,2024-09-24,9,Autumn,Tuesday,PolarAir,Embraer E190,Leeds Bradford,Alicante,Leeds Bradford → Alicante,1590,08:25,0.0,0.0,150.0,145,On Time,0,329.0,152.52,4.4
FL10701,2024-09-24,9,Autumn,Tuesday,SkyWing Air,Boeing 737,London Heathrow,New York JFK,London Heathrow → New York JFK,5570,07:00,29.0,31.0,459.0,420,Crew Availability,0,175.0,369.64,3.3
FL14288,2024-09-24,9,Autumn,Tuesday,NovaStar,Airbus A320,Edinburgh,Amsterdam,Edinburgh → Amsterdam,700,07:05,0.0,4.0,85.0,85,On Time,0,225.0,49.0,4.5
FL13128,2024-09-24,9,Autumn,Tuesday,PolarAir,Airbus A320,London Gatwick,Rome Fiumicino,London Gatwick → Rome Fiumicino,1430,07:10,9.0,7.0,149.0,135,Technical,0,330.0,82.29,3.4
FL11406,2024-09-25,9,Autumn,Wednesday,SkyWing Air,Boeing 737,Leeds Bradford,Alicante,Leeds Bradford → Alicante,1590,08:25,0.0,5.0,147.0,145,On Time,0,247.0,107.46,4.6
FL12348,2024-09-25,9,Autumn,Wednesday,CloudJet,Boeing 737,Glasgow,Dublin,Glasgow → Dublin,220,09:15,8.0,22.0,81.0,50,Air Traffic Control,0,389.0,49.0,3.5
FL14868,2024-09-25,9,Autumn,Wednesday,NovaStar,Boeing 787,Edinburgh,Amsterdam,Edinburgh → Amsterdam,700,06:45,0.0,6.0,93.0,85,On Time,0,174.0,60.23,5.0
FL14727,2024-09-25,9,Autumn,Wednesday,SkyWing Air,Airbus A320,London Gatwick,Rome Fiumicino,London Gatwick → Rome Fiumicino,1430,07:55,0.0,0.0,139.0,135,On Time,0,229.0,52.51,4.8
FL11372,2024-09-25,9,Autumn,Wednesday,PolarAir,Boeing 737,Bristol,Malaga,Bristol → Malaga,1620,20:00,2.0,13.0,162.0,145,Late Aircraft,0,411.0,84.22,4.0
FL12552,2024-09-25,9,Autumn,Wednesday,Atlantic Wings,Boeing 737,Manchester,Barcelona,Manchester → Barcelona,1440,17:15,106.0,100.0,236.0,130,Technical,0,407.0,87.91,2.1
FL13986,2024-09-25,9,Autumn,Wednesday,NovaStar,Boeing 777,London Heathrow,Toronto Pearson,London Heathrow → Toronto Pearson,5730,18:15,13.0,15.0,450.0,430,Technical,0,73.0,339.09,3.3
FL11859,2024-09-25,9,Autumn,Wednesday,SkyWing Air,Airbus A380,London Gatwick,Rome Fiumicino,London Gatwick → Rome Fiumicino,1430,16:55,0.0,0.0,130.0,135,On Time,0,152.0,76.7,
FL10164,2024-09-25,9,Autumn,Wednesday,CloudJet,Airbus A380,Edinburgh,Amsterdam,Edinburgh → Amsterdam,700,09:05,72.0,76.0,160.0,85,Crew Availability,0,259.0,49.0,2.5
FL11146,2024-09-26,9,Autumn,Thursday,AeroSwift,Airbus A320,London Heathrow,Singapore Changi,London Heathrow → Singapore Changi,10840,20:40,17.0,22.0,772.0,745,Late Aircraft,0,83.0,592.94,3.0
FL10284,2024-09-26,9,Autumn,Thursday,SkyWing Air,,Edinburgh,Amsterdam,Edinburgh → Amsterdam,700,10:35,0.0,13.0,102.0,85,On Time,0,415.0,63.77,4.5
FL14317,2024-09-26,9,Autumn,Thursday,Atlantic Wings,Boeing 737,Birmingham,Istanbul,Birmingham → Istanbul,2680,07:50,6.0,18.0,231.0,210,Technical,0,251.0,141.47,3.2
FL11494,2024-09-26,9,Autumn,Thursday,SkyWing Air,Airbus A320,London Gatwick,Rome Fiumicino,London Gatwick → Rome Fiumicino,1430,16:45,56.0,66.0,201.0,135,Technical,0,,68.68,2.5
FL14119,2024-09-26,9,Autumn,Thursday,Atlantic Wings,Airbus A320,London Heathrow,Toronto Pearson,London Heathrow → Toronto Pearson,5730,22:05,4.0,16.0,441.0,430,Late Aircraft,0,288.0,376.31,3.3
FL11256,2024-09-26,9,Autumn,Thursday,CloudJet,Boeing 737,Birmingham,Istanbul,Birmingham → Istanbul,2680,09:30,2.0,12.0,217.0,210,Technical,0,364.0,231.22,3.1
FL14743,2024-09-26,9,Autumn,Thursday,Atlantic Wings,Embraer E190,London Heathrow,New York JFK,London Heathrow → New York JFK,5570,06:35,25.0,36.0,462.0,420,Technical,0,155.0,351.51,3.3
FL14111,2024-09-26,9,Autumn,Thursday,PolarAir,Airbus A380,Birmingham,Istanbul,Birmingham → Istanbul,2680,08:25,6.0,9.0,224.0,210,Weather,0,225.0,170.83,3.4
FL13525,2024-09-27,9,Autumn,Friday,PolarAir,Embraer E190,London Heathrow,Singapore Changi,London Heathrow → Singapore Changi,10840,08:25,31.0,28.0,769.0,745,Crew Availability,0,275.0,691.94,3.2
FL11673,2024-09-27,9,Autumn,Friday,PolarAir,Boeing 787,Bristol,Malaga,Bristol → Malaga,1620,06:00,11.0,20.0,166.0,145,Technical,0,228.0,61.38,3.3
FL13868,2024-09-27,9,Autumn,Friday,CloudJet,Embraer E190,London Heathrow,New York JFK,London Heathrow → New York JFK,5570,22:35,0.0,0.0,429.0,420,On Time,0,302.0,333.67,4.7
FL10350,2024-09-27,9,Autumn,Friday,AeroSwift,Boeing 737,London Gatwick,Rome Fiumicino,London Gatwick → Rome Fiumicino,1430,13:55,6.0,7.0,152.0,135,Late Aircraft,0,71.0,92.52,3.5
FL12966,2024-09-28,9,Autumn,Saturday,PolarAir,Boeing 737,London Heathrow,Toronto Pearson,London Heathrow → Toronto Pearson,5730,15:35,80.0,85.0,514.0,430,Weather,0,136.0,386.27,2.9
FL10872,2024-09-28,9,Autumn,Saturday,CloudJet,Embraer E190,London Heathrow,New York JFK,London Heathrow → New York JFK,5570,09:25,,,,420,Late Aircraft,1,77.0,313.5,2.1
FL14672,2024-09-29,9,Autumn,Sunday,Atlantic Wings,Airbus A380,London Heathrow,New York JFK,London Heathrow → New York JFK,5570,11:30,,,,420,Security,1,209.0,423.7,1.6
FL13576,2024-09-29,9,Autumn,Sunday,AeroSwift,Boeing 777,Bristol,Malaga,Bristol → Malaga,1620,18:00,15.0,18.0,172.0,145,Air Traffic Control,0,216.0,55.91,3.8
FL12579,2024-09-29,9,Autumn,Sunday,CloudJet,Boeing 777,Glasgow,Dublin,Glasgow → Dublin,220,13:40,1.0,16.0,68.0,50,Security,0,319.0,49.0,3.8
FL10351,2024-09-29,9,Autumn,Sunday,Atlantic Wings,Airbus A380,Manchester,Barcelona,Manchester → Barcelona,1440,09:50,,,,130,Security,1,399.0,69.73,1.8
FL13390,2024-09-29,9,Autumn,Sunday,Atlantic Wings,Airbus A380,Birmingham,Istanbul,Birmingham → Istanbul,2680,07:10,39.0,43.0,255.0,210,Security,0,374.0,206.5,2.5
FL13303,2024-09-29,9,Autumn,Sunday,PolarAir,Boeing 737,London Gatwick,Rome Fiumicino,London Gatwick → Rome Fiumicino,1430,13:25,14.0,9.0,145.0,135,Late Aircraft,0,125.0,79.61,3.8
FL14884,2024-09-29,9,Autumn,Sunday,CloudJet,,London Heathrow,New York JFK,London Heathrow → New York JFK,5570,21:40,27.0,24.0,447.0,420,Late Aircraft,0,274.0,329.48,3.2
FL12429,2024-09-30,9,Autumn,Monday,NovaStar,Airbus A320,Leeds Bradford,Alicante,Leeds Bradford → Alicante,1590,15:25,0.0,3.0,157.0,145,On Time,0,377.0,49.0,3.8
FL13938,2024-09-30,9,Autumn,Monday,NovaStar,Boeing 737,Glasgow,Dublin,Glasgow → Dublin,220,14:00,0.0,0.0,59.0,50,On Time,0,360.0,49.0,4.0
FL11830,2024-09-30,9,Autumn,Monday,SkyWing Air,Boeing 787,Glasgow,Dublin,Glasgow → Dublin,220,19:10,76.0,70.0,117.0,50,Crew Availability,0,73.0,49.0,3.0
FL10458,2024-09-30,9,Autumn,Monday,SkyWing Air,Boeing 777,London Heathrow,Dubai,London Heathrow → Dubai,5490,05:40,0.0,6.0,422.0,415,On Time,0,210.0,368.34,4.6
FL12837,2024-09-30,9,Autumn,Monday,PolarAir,Boeing 777,London Heathrow,Singapore Changi,London Heathrow → Singapore Changi,10840,07:15,18.0,27.0,778.0,745,Late Aircraft,0,147.0,641.84,3.5
FL10337,2024-09-30,9,Autumn,Monday,Atlantic Wings,Airbus A320,London Stansted,Warsaw Chopin,London Stansted → Warsaw Chopin,1470,13:25,8.0,22.0,152.0,135,Weather,0,166.0,169.22,4.0
FL10727,2024-09-30,9,Autumn,Monday,Atlantic Wings,Boeing 737,Edinburgh,Amsterdam,Edinburgh → Amsterdam,700,12:00,0.0,0.0,83.0,85,On Time,0,186.0,73.41,4.0
FL14097,2024-09-30,9,Autumn,Monday,CloudJet,Airbus A380,Edinburgh,Amsterdam,Edinburgh → Amsterdam,700,08:20,10.0,20.0,101.0,85,Late Aircraft,0,177.0,102.46,3.9
FL13615,2024-09-30,9,Autumn,Monday,AeroSwift,Airbus A380,Birmingham,Istanbul,Birmingham → Istanbul,2680,21:25,2.0,0.0,207.0,210,Air Traffic Control,0,310.0,198.12,3.3
FL10593,2024-10-01,10,Autumn,Tuesday,SkyWing Air,Boeing 737,London Heathrow,Toronto Pearson,London Heathrow → Toronto Pearson,5730,07:20,28.0,23.0,450.0,430,Air Traffic Control,0,235.0,367.83,
FL12881,2024-10-01,10,Autumn,Tuesday,CloudJet,Airbus A380,Manchester,Barcelona,Manchester → Barcelona,1440,18:35,34.0,26.0,152.0,130,Security,0,418.0,53.46,2.5
FL10099,2024-10-01,10,Autumn,Tuesday,AeroSwift,Airbus A320,Leeds Bradford,Alicante,Leeds Bradford → Alicante,1590,16:30,25.0,40.0,194.0,145,Technical,0,372.0,110.81,3.4
FL14505,2024-10-01,10,Autumn,Tuesday,AeroSwift,Airbus A320,London Heathrow,Singapore Changi,London Heathrow → Singapore Changi,10840,06:10,0.0,4.0,748.0,745,On Time,0,86.0,592.5,5.0
FL13093,2024-10-01,10,Autumn,Tuesday,Atlantic Wings,Airbus A380,Birmingham,Istanbul,Birmingham → Istanbul,2680,07:35,61.0,67.0,282.0,210,Technical,0,182.0,159.48,3.2
FL11662,2024-10-02,10,Autumn,Wednesday,AeroSwift,Boeing 777,London Gatwick,Rome Fiumicino,London Gatwick → Rome Fiumicino,1430,15:40,10.0,13.0,158.0,135,Technical,0,178.0,94.98,3.5
FL11122,2024-10-02,10,Autumn,Wednesday,PolarAir,Boeing 787,London Heathrow,Singapore Changi,London Heathrow → Singapore Changi,10840,21:10,44.0,55.0,803.0,745,Weather,0,71.0,668.9,2.6
FL11769,2024-10-02,10,Autumn,Wednesday,SkyWing Air,Airbus A320,Bristol,Malaga,Bristol → Malaga,1620,12:45,18.0,10.0,161.0,145,Late Aircraft,0,136.0,104.0,4.5
FL10995,2024-10-02,10,Autumn,Wednesday,CloudJet,Embraer E190,Edinburgh,Amsterdam,Edinburgh → Amsterdam,700,06:30,,,,85,Late Aircraft,1,81.0,63.36,2.3
FL14944,2024-10-02,10,Autumn,Wednesday,AeroSwift,Embraer E190,Edinburgh,Amsterdam,Edinburgh → Amsterdam,700,05:00,3.0,4.0,99.0,85,Late Aircraft,0,117.0,49.0,3.5
FL14235,2024-10-02,10,Autumn,Wednesday,NovaStar,Embraer E190,London Heathrow,Dubai,London Heathrow → Dubai,5490,18:35,0.0,4.0,416.0,415,On Time,0,214.0,300.57,4.0
FL12616,2024-10-02,10,Autumn,Wednesday,AeroSwift,Airbus A320,London Gatwick,Rome Fiumicino,London Gatwick → Rome Fiumicino,1430,14:00,10.0,18.0,153.0,135,Security,0,167.0,54.89,3.0
FL11885,2024-10-03,10,Autumn,Thursday,NovaStar,Airbus A380,Leeds Bradford,Alicante,Leeds Bradford → Alicante,1590,17:25,0.0,13.0,157.0,145,On Time,0,363.0,90.25,4.9
FL14280,2024-10-03,10,Autumn,Thursday,SkyWing Air,Boeing 737,London Gatwick,Rome Fiumicino,London Gatwick → Rome Fiumicino,1430,13:05,0.0,0.0,144.0,135,On Time,0,395.0,58.3,4.5
FL12740,2024-10-03,10,Autumn,Thursday,PolarAir,Airbus A320,Manchester,Barcelona,Manchester → Barcelona,1440,15:15,26.0,29.0,168.0,130,Weather,0,417.0,99.73,4.5
FL12016,2024-10-03,10,Autumn,Thursday,PolarAir,Boeing 737,Birmingham,Istanbul,Birmingham → Istanbul,2680,10:30,29.0,44.0,264.0,210,Security,0,391.0,171.76,4.2
FL14718,2024-10-03,10,Autumn,Thursday,CloudJet,Boeing 787,Bristol,Malaga,Bristol → Malaga,1620,11:00,20.0,29.0,176.0,145,Technical,0,391.0,161.66,4.2
FL12091,2024-10-03,10,Autumn,Thursday,AeroSwift,Airbus A380,Leeds Bradford,Alicante,Leeds Bradford → Alicante,1590,06:10,0.0,0.0,145.0,145,On Time,0,377.0,107.77,4.9
FL10541,2024-10-03,10,Autumn,Thursday,Atlantic Wings,Boeing 737,London Heathrow,Dubai,London Heathrow → Dubai,5490,17:30,12.0,22.0,442.0,415,Crew Availability,0,188.0,394.58,3.4
FL11207,2024-10-03,10,Autumn,Thursday,PolarAir,Boeing 777,London Gatwick,Rome Fiumicino,London Gatwick → Rome Fiumicino,1430,16:45,0.0,11.0,148.0,135,On Time,0,417.0,96.17,5.0
FL10918,2024-10-03,10,Autumn,Thursday,CloudJet,Boeing 787,Edinburgh,Amsterdam,Edinburgh → Amsterdam,700,12:50,26.0,26.0,106.0,85,Late Aircraft,0,272.0,59.65,4.2
FL12755,2024-10-03,10,Autumn,Thursday,NovaStar,Airbus A320,London Gatwick,Rome Fiumicino,London Gatwick → Rome Fiumicino,1430,08:05,0.0,9.0,142.0,135,On Time,0,246.0,69.6,3.9
FL10517,2024-10-04,10,Autumn,Friday,Atlantic Wings,Embraer E190,Glasgow,Dublin,Glasgow → Dublin,220,21:15,2.0,3.0,52.0,50,Crew Availability,0,253.0,49.0,3.8
FL11624,2024-10-04,10,Autumn,Friday,PolarAir,Airbus A320,London Heathrow,Singapore Changi,London Heathrow → Singapore Changi,10840,10:25,24.0,32.0,773.0,745,Weather,0,291.0,644.7,4.1
FL13749,2024-10-04,10,Autumn,Friday,SkyWing Air,,Glasgow,Dublin,Glasgow → Dublin,220,22:30,12.0,24.0,83.0,50,Late Aircraft,0,220.0,67.3,3.6
FL10041,2024-10-04,10,Autumn,Friday,AeroSwift,Airbus A380,London Heathrow,Dubai,London Heathrow → Dubai,5490,09:20,0.0,11.0,424.0,415,On Time,0,349.0,278.19,4.7
FL12889,2024-10-05,10,Autumn,Saturday,PolarAir,Airbus A380,London Stansted,Warsaw Chopin,London Stansted → Warsaw Chopin,1470,05:40,0.0,9.0,139.0,135,On Time,0,106.0,121.57,4.0
FL10569,2024-10-05,10,Autumn,Saturday,NovaStar,Boeing 777,London Gatwick,Rome Fiumicino,London Gatwick → Rome Fiumicino,1430,08:05,0.0,15.0,151.0,135,On Time,0,312.0,90.56,4.3
FL10886,2024-10-05,10,Autumn,Saturday,NovaStar,Boeing 737,Bristol,Malaga,Bristol → Malaga,1620,14:35,0.0,0.0,154.0,145,On Time,0,138.0,148.43,3.9
FL13326,2024-10-05,10,Autumn,Saturday,SkyWing Air,Airbus A380,London Heathrow,Toronto Pearson,London Heathrow → Toronto Pearson,5730,10:25,23.0,31.0,464.0,430,Air Traffic Control,0,402.0,356.71,3.5
FL12026,2024-10-05,10,Autumn,Saturday,AeroSwift,Boeing 787,London Heathrow,Toronto Pearson,London Heathrow → Toronto Pearson,5730,06:25,7.0,22.0,449.0,430,Late Aircraft,0,370.0,353.18,3.2
FL11615,2024-10-05,10,Autumn,Saturday,NovaStar,Boeing 737,London Heathrow,New York JFK,London Heathrow → New York JFK,5570,15:30,,,,420,Crew Availability,1,375.0,284.7,1.4
FL14472,2024-10-05,10,Autumn,Saturday,CloudJet,Boeing 737,Manchester,Barcelona,Manchester → Barcelona,1440,10:45,2.0,11.0,147.0,130,Weather,0,204.0,109.42,4.0
FL12255,2024-10-05,10,Autumn,Saturday,Atlantic Wings,Boeing 777,London Stansted,Warsaw Chopin,London Stansted → Warsaw Chopin,1470,06:05,0.0,7.0,144.0,135,On Time,0,331.0,64.84,4.6
FL12262,2024-10-05,10,Autumn,Saturday,Atlantic Wings,Airbus A320,Edinburgh,Amsterdam,Edinburgh → Amsterdam,700,09:35,13.0,15.0,96.0,85,Crew Availability,0,386.0,49.0,3.2
FL14374,2024-10-05,10,Autumn,Saturday,AeroSwift,Boeing 737,London Heathrow,Dubai,London Heathrow → Dubai,5490,12:50,0.0,0.0,425.0,415,On Time,0,131.0,322.51,4.9
FL13127,2024-10-06,10,Autumn,Sunday,AeroSwift,Airbus A320,London Gatwick,Rome Fiumicino,London Gatwick → Rome Fiumicino,1430,20:20,0.0,0.0,133.0,135,On Time,0,420.0,60.86,4.3
FL13762,2024-10-06,10,Autumn,Sunday,NovaStar,Airbus A320,London Heathrow,Dubai,London Heathrow → Dubai,5490,06:35,0.0,14.0,427.0,415,On Time,0,368.0,316.15,4.0
FL11074,2024-10-06,10,Autumn,Sunday,AeroSwift,Airbus A320,London Heathrow,New York JFK,London Heathrow → New York JFK,5570,12:20,0.0,13.0,428.0,420,On Time,0,310.0,271.59,4.8
FL11967,2024-10-06,10,Autumn,Sunday,SkyWing Air,Boeing 777,London Heathrow,Dubai,London Heathrow → Dubai,5490,11:10,6.0,1.0,414.0,415,Crew Availability,0,295.0,339.82,3.3
FL11120,2024-10-06,10,Autumn,Sunday,NovaStar,Embraer E190,Edinburgh,Amsterdam,Edinburgh → Amsterdam,700,08:35,0.0,12.0,96.0,85,On Time,0,,49.0,4.7
FL10999,2024-10-06,10,Autumn,Sunday,CloudJet,Embraer E190,London Gatwick,Rome Fiumicino,London Gatwick → Rome Fiumicino,1430,11:45,0.0,2.0,142.0,135,On Time,0,182.0,79.42,4.5
FL13821,2024-10-07,10,Autumn,Monday,Atlantic Wings,Embraer E190,Glasgow,Dublin,Glasgow → Dublin,220,12:55,13.0,12.0,58.0,50,Technical,0,,49.0,3.9
FL13266,2024-10-07,10,Autumn,Monday,AeroSwift,Airbus A320,Manchester,Barcelona,Manchester → Barcelona,1440,09:30,31.0,40.0,179.0,130,Late Aircraft,0,81.0,78.51,3.5
FL14319,2024-10-07,10,Autumn,Monday,NovaStar,Airbus A320,Glasgow,Dublin,Glasgow → Dublin,220,09:40,0.0,2.0,56.0,50,On Time,0,129.0,49.0,4.0
FL12864,2024-10-07,10,Autumn,Monday,CloudJet,Airbus A380,London Heathrow,New York JFK,London Heathrow → New York JFK,5570,09:00,15.0,30.0,459.0,420,Technical,0,303.0,348.91,4.2
FL11833,2024-10-08,10,Autumn,Tuesday,AeroSwift,Boeing 737,London Gatwick,Rome Fiumicino,London Gatwick → Rome Fiumicino,1430,16:30,3.0,11.0,147.0,135,Crew Availability,0,198.0,54.85,3.6
FL13514,2024-10-08,10,Autumn,Tuesday,Atlantic Wings,Airbus A320,Manchester,Barcelona,Manchester → Barcelona,1440,09:45,74.0,84.0,216.0,130,Security,0,346.0,76.93,3.3
FL12578,2024-10-08,10,Autumn,Tuesday,CloudJet,Embraer E190,London Heathrow,New York JFK,London Heathrow → New York JFK,5570,21:55,34.0,37.0,466.0,420,Late Aircraft,0,344.0,360.3,2.1
FL14241,2024-10-08,10,Autumn,Tuesday,AeroSwift,Boeing 787,London Heathrow,Dubai,London Heathrow → Dubai,5490,12:45,2.0,15.0,434.0,415,Crew Availability,0,302.0,315.81,3.8
FL12711,2024-10-08,10,Autumn,Tuesday,Atlantic Wings,Boeing 737,London Heathrow,Toronto Pearson,London Heathrow → Toronto Pearson,5730,06:30,0.0,0.0,440.0,430,On Time,0,381.0,424.78,4.9
FL11094,2024-10-08,10,Autumn,Tuesday,PolarAir,Airbus A320,Manchester,Barcelona,Manchester → Barcelona,1440,07:25,0.0,0.0,130.0,130,On Time,0,266.0,116.06,4.7
FL14059,2024-10-08,10,Autumn,Tuesday,Atlantic Wings,Airbus A320,Glasgow,Dublin,Glasgow → Dublin,220,16:00,1.0,0.0,52.0,50,Technical,0,139.0,49.0,4.1
FL12697,2024-10-08,10,Autumn,Tuesday,AeroSwift,Boeing 737,Manchester,Barcelona,Manchester → Barcelona,1440,11:40,20.0,15.0,140.0,130,Weather,0,109.0,74.23,4.1
FL12002,2024-10-08,10,Autumn,Tuesday,NovaStar,Boeing 787,London Heathrow,Dubai,London Heathrow → Dubai,5490,08:05,0.0,0.0,423.0,415,On Time,0,63.0,254.53,4.3
FL10605,2024-10-08,10,Autumn,Tuesday,AeroSwift,Airbus A320,Bristol,Malaga,Bristol → Malaga,1620,21:30,10.0,12.0,158.0,145,Technical,0,175.0,75.76,4.1
FL10877,2024-10-09,10,Autumn,Wednesday,SkyWing Air,Boeing 787,Edinburgh,Amsterdam,Edinburgh → Amsterdam,700,06:00,25.0,18.0,103.0,85,Technical,0,263.0,69.19,3.5
FL10800,2024-10-09,10,Autumn,Wednesday,PolarAir,Boeing 737,Bristol,Malaga,Bristol → Malaga,1620,09:55,36.0,45.0,186.0,145,Weather,0,249.0,133.81,2.0
FL12779,2024-10-09,10,Autumn,Wednesday,AeroSwift,Boeing 787,London Heathrow,Toronto Pearson,London Heathrow → Toronto Pearson,5730,22:35,0.0,2.0,441.0,430,On Time,0,379.0,308.79,4.4
FL14112,2024-10-09,10,Autumn,Wednesday,Atlantic Wings,Airbus A320,London Heathrow,New York JFK,London Heathrow → New York JFK,5570,18:00,3.0,13.0,443.0,420,Security,0,323.0,432.81,3.8
FL13459,2024-10-09,10,Autumn,Wednesday,NovaStar,Boeing 787,London Heathrow,Toronto Pearson,London Heathrow → Toronto Pearson,5730,09:55,2.0,3.0,440.0,430,Technical,0,331.0,299.4,3.3
FL11150,2024-10-09,10,Autumn,Wednesday,CloudJet,Boeing 777,Leeds Bradford,Alicante,Leeds Bradford → Alicante,1590,17:25,0.0,2.0,151.0,145,On Time,0,151.0,97.38,4.4
FL12179,2024-10-10,10,Autumn,Thursday,NovaStar,Boeing 787,London Stansted,Warsaw Chopin,London Stansted → Warsaw Chopin,1470,10:00,0.0,3.0,139.0,135,On Time,0,264.0,112.17,4.7
FL14916,2024-10-10,10,Autumn,Thursday,CloudJet,Embraer E190,Glasgow,Dublin,Glasgow → Dublin,220,18:35,0.0,14.0,67.0,50,On Time,0,78.0,57.61,4.4
FL13539,2024-10-10,10,Autumn,Thursday,AeroSwift,Boeing 737,London Gatwick,Rome Fiumicino,London Gatwick → Rome Fiumicino,1430,14:50,0.0,8.0,153.0,135,On Time,0,261.0,52.37,4.0
FL11214,2024-10-10,10,Autumn,Thursday,AeroSwift,Airbus A320,London Heathrow,Singapore Changi,London Heathrow → Singapore Changi,10840,09:20,12.0,16.0,766.0,745,Crew Availability,0,369.0,527.0,3.9
FL13012,2024-10-10,10,Autumn,Thursday,CloudJet,Boeing 777,Birmingham,Istanbul,Birmingham → Istanbul,2680,14:50,7.0,8.0,222.0,210,Late Aircraft,0,389.0,123.81,3.2
FL13221,2024-10-10,10,Autumn,Thursday,CloudJet,Airbus A380,London Heathrow,Dubai,London Heathrow → Dubai,5490,13:15,50.0,45.0,469.0,415,Air Traffic Control,0,355.0,356.85,2.3
FL11836,2024-10-10,10,Autumn,Thursday,NovaStar,Boeing 787,London Stansted,Warsaw Chopin,London Stansted → Warsaw Chopin,1470,10:45,0.0,7.0,137.0,135,On Time,0,187.0,115.38,4.5
FL11896,2024-10-10,10,Autumn,Thursday,Atlantic Wings,Airbus A320,Manchester,Barcelona,Manchester → Barcelona,1440,19:00,92.0,107.0,244.0,130,Technical,0,416.0,94.57,2.3
FL14380,2024-10-10,10,Autumn,Thursday,Atlantic Wings,Airbus A320,London Heathrow,Singapore Changi,London Heathrow → Singapore Changi,10840,18:20,,,,745,Crew Availability,1,358.0,740.09,1.3
FL12488,2024-10-10,10,Autumn,Thursday,PolarAir,Boeing 777,Manchester,Barcelona,Manchester → Barcelona,1440,14:10,5.0,15.0,146.0,130,Technical,0,133.0,108.85,3.5
FL12577,2024-10-10,10,Autumn,Thursday,Atlantic Wings,Boeing 777,Edinburgh,Amsterdam,Edinburgh → Amsterdam,700,22:05,37.0,33.0,121.0,85,Crew Availability,0,235.0,99.55,2.2
FL10994,2024-10-10,10,Autumn,Thursday,Atlantic Wings,Embraer E190,Glasgow,Dublin,Glasgow → Dublin,220,18:05,17.0,13.0,62.0,50,Security,0,94.0,62.42,3.7
FL11449,2024-10-11,10,Autumn,Friday,CloudJet,Embraer E190,London Heathrow,Singapore Changi,London Heathrow → Singapore Changi,10840,09:00,54.0,48.0,795.0,745,Air Traffic Control,0,63.0,697.07,2.5
FL14460,2024-10-11,10,Autumn,Friday,CloudJet,Boeing 737,Bristol,Malaga,Bristol → Malaga,1620,08:55,4.0,0.0,150.0,145,Weather,0,406.0,121.51,3.1
FL13716,2024-10-11,10,Autumn,Friday,AeroSwift,Airbus A320,London Heathrow,Singapore Changi,London Heathrow → Singapore Changi,10840,09:55,0.0,11.0,758.0,745,On Time,0,243.0,577.36,4.5
FL11879,2024-10-11,10,Autumn,Friday,NovaStar,Boeing 777,Leeds Bradford,Alicante,Leeds Bradford → Alicante,1590,08:25,0.0,14.0,162.0,145,On Time,0,164.0,117.65,3.8
FL10365,2024-10-11,10,Autumn,Friday,CloudJet,Boeing 777,London Heathrow,Dubai,London Heathrow → Dubai,5490,09:30,78.0,86.0,501.0,415,Security,0,253.0,290.19,2.8
FL14666,2024-10-11,10,Autumn,Friday,SkyWing Air,Boeing 737,London Stansted,Warsaw Chopin,London Stansted → Warsaw Chopin,1470,16:40,0.0,1.0,142.0,135,On Time,0,109.0,119.56,3.9
FL14099,2024-10-12,10,Autumn,Saturday,CloudJet,Embraer E190,London Heathrow,Dubai,London Heathrow → Dubai,5490,16:20,31.0,29.0,439.0,415,Technical,0,77.0,369.41,3.3
FL12109,2024-10-12,10,Autumn,Saturday,Atlantic Wings,Airbus A320,Manchester,Barcelona,Manchester → Barcelona,1440,09:35,23.0,26.0,157.0,130,Late Aircraft,0,92.0,77.47,4.2
FL10849,2024-10-12,10,Autumn,Saturday,NovaStar,Boeing 787,Bristol,Malaga,Bristol → Malaga,1620,11:20,4.0,15.0,170.0,145,Air Traffic Control,0,383.0,96.5,3.3
FL13386,2024-10-12,10,Autumn,Saturday,Atlantic Wings,Boeing 737,Glasgow,Dublin,Glasgow → Dublin,220,12:05,99.0,91.0,137.0,50,Security,0,138.0,49.0,2.4
FL10927,2024-10-13,10,Autumn,Sunday,PolarAir,Boeing 787,Bristol,Malaga,Bristol → Malaga,1620,06:10,25.0,28.0,172.0,145,Technical,0,206.0,101.59,4.0
FL14610,2024-10-13,10,Autumn,Sunday,CloudJet,Boeing 737,Manchester,Barcelona,Manchester → Barcelona,1440,12:00,0.0,4.0,139.0,130,On Time,0,284.0,68.13,4.3
FL12593,2024-10-13,10,Autumn,Sunday,SkyWing Air,Boeing 777,Glasgow,Dublin,Glasgow → Dublin,220,09:05,52.0,62.0,117.0,50,Security,0,354.0,49.0,2.6
FL13536,2024-10-13,10,Autumn,Sunday,AeroSwift,Airbus A320,Birmingham,Istanbul,Birmingham → Istanbul,2680,09:25,3.0,0.0,212.0,210,Air Traffic Control,0,121.0,132.89,3.5
FL11971,2024-10-13,10,Autumn,Sunday,SkyWing Air,Airbus A320,London Heathrow,Singapore Changi,London Heathrow → Singapore Changi,10840,10:35,0.0,12.0,761.0,745,On Time,0,214.0,722.24,4.0
FL13565,2024-10-13,10,Autumn,Sunday,PolarAir,Boeing 737,Bristol,Malaga,Bristol → Malaga,1620,10:10,16.0,21.0,173.0,145,Air Traffic Control,0,405.0,173.67,3.1
FL14710,2024-10-14,10,Autumn,Monday,PolarAir,Boeing 737,London Heathrow,Dubai,London Heathrow → Dubai,5490,16:05,0.0,0.0,410.0,415,On Time,0,63.0,328.0,4.0
FL10711,2024-10-14,10,Autumn,Monday,CloudJet,Boeing 777,Leeds Bradford,Alicante,Leeds Bradford → Alicante,1590,08:55,,,,145,Technical,1,317.0,130.95,2.4
FL14428,2024-10-14,10,Autumn,Monday,AeroSwift,Boeing 777,London Heathrow,Singapore Changi,London Heathrow → Singapore Changi,10840,18:40,2.0,0.0,743.0,745,Technical,0,85.0,551.58,4.5
FL10721,2024-10-14,10,Autumn,Monday,PolarAir,Airbus A320,London Heathrow,Singapore Changi,London Heathrow → Singapore Changi,10840,19:05,0.0,1.0,750.0,745,On Time,0,148.0,674.4,4.5
FL10206,2024-10-14,10,Autumn,Monday,PolarAir,Boeing 777,London Heathrow,Dubai,London Heathrow → Dubai,5490,10:00,0.0,0.0,417.0,415,On Time,0,209.0,339.78,4.1
FL10294,2024-10-14,10,Autumn,Monday,SkyWing Air,Airbus A380,Leeds Bradford,Alicante,Leeds Bradford → Alicante,1590,22:20,0.0,0.0,154.0,145,On Time,0,370.0,144.63,5.0
FL10195,2024-10-15,10,Autumn,Tuesday,NovaStar,Boeing 777,London Heathrow,Dubai,London Heathrow → Dubai,5490,16:00,9.0,11.0,433.0,415,Technical,0,351.0,283.2,3.6
FL14176,2024-10-15,10,Autumn,Tuesday,SkyWing Air,Airbus A320,Glasgow,Dublin,Glasgow → Dublin,220,21:35,26.0,18.0,78.0,50,Security,0,116.0,49.0,3.3
FL12783,2024-10-15,10,Autumn,Tuesday,Atlantic Wings,Boeing 777,Birmingham,Istanbul,Birmingham → Istanbul,2680,13:20,39.0,41.0,253.0,210,Security,0,336.0,162.69,2.7
FL11729,2024-10-15,10,Autumn,Tuesday,SkyWing Air,Boeing 737,Leeds Bradford,Alicante,Leeds Bradford → Alicante,1590,08:00,0.0,12.0,160.0,145,On Time,0,370.0,175.18,4.9
FL11054,2024-10-15,10,Autumn,Tuesday,CloudJet,Airbus A320,Edinburgh,Amsterdam,Edinburgh → Amsterdam,700,22:30,47.0,42.0,131.0,85,Weather,0,400.0,49.0,3.4
FL11689,2024-10-15,10,Autumn,Tuesday,PolarAir,Boeing 777,London Heathrow,Singapore Changi,London Heathrow → Singapore Changi,10840,06:00,6.0,1.0,745.0,745,Late Aircraft,0,334.0,649.59,3.2
FL10075,2024-10-16,10,Autumn,Wednesday,NovaStar,Boeing 737,London Heathrow,New York JFK,London Heathrow → New York JFK,5570,20:25,0.0,0.0,421.0,420,On Time,0,95.0,304.42,4.8
FL11577,2024-10-16,10,Autumn,Wednesday,SkyWing Air,Airbus A320,Manchester,Barcelona,Manchester → Barcelona,1440,07:00,0.0,2.0,132.0,130,On Time,0,412.0,165.65,4.0
FL10000,2024-10-16,10,Autumn,Wednesday,SkyWing Air,Airbus A380,London Heathrow,New York JFK,London Heathrow → New York JFK,5570,10:15,54.0,69.0,486.0,420,Weather,0,362.0,326.32,2.6
FL12205,2024-10-16,10,Autumn,Wednesday,SkyWing Air,,London Heathrow,New York JFK,London Heathrow → New York JFK,5570,21:20,0.0,8.0,430.0,420,On Time,0,170.0,349.34,4.1
FL10549,2024-10-16,10,Autumn,Wednesday,AeroSwift,Boeing 737,Leeds Bradford,Alicante,Leeds Bradford → Alicante,1590,08:45,34.0,41.0,191.0,145,Crew Availability,0,252.0,89.28,2.3
FL13711,2024-10-16,10,Autumn,Wednesday,CloudJet,Embraer E190,London Heathrow,Singapore Changi,London Heathrow → Singapore Changi,10840,11:00,21.0,16.0,756.0,745,Late Aircraft,0,239.0,674.19,3.9
FL13360,2024-10-16,10,Autumn,Wednesday,Atlantic Wings,Boeing 787,Glasgow,Dublin,Glasgow → Dublin,220,16:10,10.0,5.0,63.0,50,Late Aircraft,0,338.0,49.0,3.9
FL12745,2024-10-16,10,Autumn,Wednesday,Atlantic Wings,Airbus A320,Bristol,Malaga,Bristol → Malaga,1620,12:50,25.0,17.0,158.0,145,Air Traffic Control,0,151.0,165.55,3.5
FL13457,2024-10-16,10,Autumn,Wednesday,PolarAir,Boeing 787,London Stansted,Warsaw Chopin,London Stansted → Warsaw Chopin,1470,15:00,0.0,5.0,135.0,135,On Time,0,331.0,80.98,4.8
FL12637,2024-10-16,10,Autumn,Wednesday,AeroSwift,Embraer E190,Birmingham,Istanbul,Birmingham → Istanbul,2680,08:10,26.0,39.0,253.0,210,Security,0,62.0,166.56,
FL14386,2024-10-17,10,Autumn,Thursday,CloudJet,Airbus A320,London Stansted,Warsaw Chopin,London Stansted → Warsaw Chopin,1470,13:30,35.0,43.0,184.0,135,Air Traffic Control,0,148.0,137.91,2.3
FL10442,2024-10-17,10,Autumn,Thursday,Atlantic Wings,Boeing 737,Bristol,Malaga,Bristol → Malaga,1620,07:50,1.0,6.0,161.0,145,Technical,0,412.0,87.32,4.0
FL12481,2024-10-17,10,Autumn,Thursday,AeroSwift,Boeing 737,Leeds Bradford,Alicante,Leeds Bradford → Alicante,1590,10:55,14.0,11.0,163.0,145,Security,0,199.0,87.88,3.8
FL11178,2024-10-17,10,Autumn,Thursday,PolarAir,Airbus A320,Birmingham,Istanbul,Birmingham → Istanbul,2680,08:20,0.0,3.0,222.0,210,On Time,0,362.0,215.5,4.6
FL10176,2024-10-17,10,Autumn,Thursday,Atlantic Wings,Airbus A320,London Heathrow,Singapore Changi,London Heathrow → Singapore Changi,10840,06:55,10.0,8.0,761.0,745,Late Aircraft,0,259.0,694.84,3.0
FL13090,2024-10-17,10,Autumn,Thursday,CloudJet,Airbus A320,Manchester,Barcelona,Manchester → Barcelona,1440,17:55,2.0,7.0,145.0,130,Technical,0,391.0,119.27,3.0
FL14828,2024-10-17,10,Autumn,Thursday,PolarAir,Boeing 737,Bristol,Malaga,Bristol → Malaga,1620,07:30,10.0,6.0,160.0,145,Weather,0,339.0,170.41,3.5
FL13319,2024-10-17,10,Autumn,Thursday,NovaStar,Boeing 737,Glasgow,Dublin,Glasgow → Dublin,220,21:30,1.0,2.0,53.0,50,Weather,0,231.0,49.75,3.4
FL12617,2024-10-17,10,Autumn,Thursday,CloudJet,Airbus A320,London Heathrow,Singapore Changi,London Heathrow → Singapore Changi,10840,09:50,22.0,20.0,772.0,745,Weather,0,163.0,688.81,3.4
FL12343,2024-10-18,10,Autumn,Friday,PolarAir,Boeing 737,Glasgow,Dublin,Glasgow → Dublin,220,17:55,27.0,34.0,86.0,50,Air Traffic Control,0,180.0,49.0,3.5
FL11234,2024-10-18,10,Autumn,Friday,AeroSwift,Airbus A320,Edinburgh,Amsterdam,Edinburgh → Amsterdam,700,08:30,62.0,72.0,155.0,85,Air Traffic Control,0,77.0,86.08,2.0
FL10008,2024-10-18,10,Autumn,Friday,CloudJet,Airbus A320,London Heathrow,Dubai,London Heathrow → Dubai,5490,09:10,18.0,33.0,451.0,415,Crew Availability,0,316.0,329.35,4.1
FL12951,2024-10-18,10,Autumn,Friday,CloudJet,Airbus A320,Bristol,Malaga,Bristol → Malaga,1620,21:30,84.0,95.0,238.0,145,Late Aircraft,0,297.0,109.64,2.6
FL10101,2024-10-18,10,Autumn,Friday,PolarAir,Boeing 777,Birmingham,Istanbul,Birmingham → Istanbul,2680,14:05,0.0,8.0,216.0,210,On Time,0,205.0,143.2,3.9
FL13675,2024-10-18,10,Autumn,Friday,SkyWing Air,Boeing 777,London Stansted,Warsaw Chopin,London Stansted → Warsaw Chopin,1470,11:10,1.0,9.0,142.0,135,Weather,0,333.0,88.53,3.6
FL14310,2024-10-18,10,Autumn,Friday,PolarAir,Airbus A320,London Gatwick,Rome Fiumicino,London Gatwick → Rome Fiumicino,1430,11:20,104.0,100.0,245.0,135,Late Aircraft,0,123.0,125.4,1.8
FL12271,2024-10-18,10,Autumn,Friday,Atlantic Wings,Airbus A320,Manchester,Barcelona,Manchester → Barcelona,1440,08:10,14.0,6.0,143.0,130,Crew Availability,0,330.0,103.7,3.7
FL11476,2024-10-18,10,Autumn,Friday,AeroSwift,Boeing 777,Bristol,Malaga,Bristol → Malaga,1620,12:00,0.0,7.0,157.0,145,On Time,0,217.0,108.72,5.0
FL14410,2024-10-18,10,Autumn,Friday,Atlantic Wings,Boeing 737,London Heathrow,Dubai,London Heathrow → Dubai,5490,10:55,39.0,45.0,455.0,415,Security,0,90.0,364.55,2.6
FL11869,2024-10-18,10,Autumn,Friday,CloudJet,Boeing 737,Birmingham,Istanbul,Birmingham → Istanbul,2680,17:00,11.0,13.0,219.0,210,Technical,0,157.0,138.87,3.1
FL11536,2024-10-18,10,Autumn,Friday,CloudJet,Boeing 737,London Heathrow,Toronto Pearson,London Heathrow → Toronto Pearson,5730,07:05,6.0,18.0,444.0,430,Security,0,112.0,405.68,3.6
FL14546,2024-10-18,10,Autumn,Friday,SkyWing Air,Boeing 787,London Heathrow,Singapore Changi,London Heathrow → Singapore Changi,10840,07:50,20.0,30.0,783.0,745,Air Traffic Control,0,420.0,714.9,
FL14979,2024-10-19,10,Autumn,Saturday,SkyWing Air,Airbus A320,London Heathrow,Singapore Changi,London Heathrow → Singapore Changi,10840,07:40,0.0,14.0,765.0,745,On Time,0,107.0,721.56,4.8
FL11772,2024-10-19,10,Autumn,Saturday,CloudJet,Airbus A320,London Gatwick,Rome Fiumicino,London Gatwick → Rome Fiumicino,1430,07:50,26.0,29.0,174.0,135,Late Aircraft,0,190.0,106.17,3.1
FL10399,2024-10-19,10,Autumn,Saturday,CloudJet,Boeing 737,London Heathrow,Dubai,London Heathrow → Dubai,5490,12:35,4.0,5.0,422.0,415,Late Aircraft,0,254.0,325.01,4.0
FL10121,2024-10-19,10,Autumn,Saturday,CloudJet,Boeing 737,Bristol,Malaga,Bristol → Malaga,1620,07:50,84.0,90.0,231.0,145,Weather,0,140.0,98.94,2.7
FL14082,2024-10-19,10,Autumn,Saturday,PolarAir,Boeing 737,London Stansted,Warsaw Chopin,London Stansted → Warsaw Chopin,1470,05:35,10.0,22.0,164.0,135,Security,0,123.0,70.45,4.4
FL14582,2024-10-19,10,Autumn,Saturday,AeroSwift,Airbus A320,Edinburgh,Amsterdam,Edinburgh → Amsterdam,700,11:15,2.0,6.0,92.0,85,Weather,0,152.0,53.79,3.2
FL14364,2024-10-20,10,Autumn,Sunday,Atlantic Wings,Embraer E190,London Stansted,Warsaw Chopin,London Stansted → Warsaw Chopin,1470,08:15,,,,135,Security,1,101.0,108.68,
FL13448,2024-10-20,10,Autumn,Sunday,AeroSwift,Airbus A320,Glasgow,Dublin,Glasgow → Dublin,220,22:35,19.0,13.0,66.0,50,Crew Availability,0,247.0,49.0,3.8
FL14509,2024-10-20,10,Autumn,Sunday,AeroSwift,Boeing 737,London Stansted,Warsaw Chopin,London Stansted → Warsaw Chopin,1470,11:55,16.0,18.0,150.0,135,Air Traffic Control,0,164.0,80.5,4.3
FL11604,2024-10-20,10,Autumn,Sunday,NovaStar,Airbus A320,London Heathrow,Toronto Pearson,London Heathrow → Toronto Pearson,5730,18:25,12.0,13.0,450.0,430,Weather,0,327.0,339.59,3.1
FL13955,2024-10-20,10,Autumn,Sunday,CloudJet,Airbus A320,London Gatwick,Rome Fiumicino,London Gatwick → Rome Fiumicino,1430,22:05,2.0,0.0,142.0,135,Air Traffic Control,0,314.0,126.49,3.3
FL11154,2024-10-20,10,Autumn,Sunday,PolarAir,Airbus A380,Manchester,Barcelona,Manchester → Barcelona,1440,13:10,0.0,8.0,138.0,130,On Time,0,248.0,124.66,4.1
FL11138,2024-10-20,10,Autumn,Sunday,NovaStar,Airbus A380,Birmingham,Istanbul,Birmingham → Istanbul,2680,18:00,0.0,0.0,212.0,210,On Time,0,248.0,112.98,3.9
FL11795,2024-10-20,10,Autumn,Sunday,CloudJet,Embraer E190,Birmingham,Istanbul,Birmingham → Istanbul,2680,20:55,25.0,40.0,256.0,210,Weather,0,160.0,137.52,3.1
FL14429,2024-10-20,10,Autumn,Sunday,CloudJet,Airbus A320,London Heathrow,Singapore Changi,London Heathrow → Singapore Changi,10840,09:45,4.0,2.0,750.0,745,Air Traffic Control,0,86.0,690.57,3.5
FL14035,2024-10-21,10,Autumn,Monday,NovaStar,Airbus A320,Leeds Bradford,Alicante,Leeds Bradford → Alicante,1590,12:05,4.0,0.0,144.0,145,Air Traffic Control,0,85.0,105.85,4.1
FL13613,2024-10-21,10,Autumn,Monday,Atlantic Wings,Airbus A320,Glasgow,Dublin,Glasgow → Dublin,220,08:15,17.0,30.0,80.0,50,Air Traffic Control,0,97.0,49.0,3.5
FL12693,2024-10-22,10,Autumn,Tuesday,Atlantic Wings,Boeing 737,London Heathrow,New York JFK,London Heathrow → New York JFK,5570,20:25,2.0,0.0,430.0,420,Late Aircraft,0,363.0,394.85,4.4
FL12855,2024-10-22,10,Autumn,Tuesday,PolarAir,Boeing 737,London Heathrow,Singapore Changi,London Heathrow → Singapore Changi,10840,14:30,0.0,11.0,751.0,745,On Time,0,385.0,669.48,4.0
FL14450,2024-10-22,10,Autumn,Tuesday,PolarAir,Embraer E190,Glasgow,Dublin,Glasgow → Dublin,220,14:40,4.0,12.0,57.0,50,Crew Availability,0,311.0,49.0,4.5
FL13256,2024-10-22,10,Autumn,Tuesday,PolarAir,,Birmingham,Istanbul,Birmingham → Istanbul,2680,12:15,0.0,4.0,224.0,210,On Time,0,245.0,182.15,4.3
FL13361,2024-10-22,10,Autumn,Tuesday,NovaStar,Airbus A320,Leeds Bradford,Alicante,Leeds Bradford → Alicante,1590,06:40,7.0,4.0,153.0,145,Security,0,237.0,103.88,3.7
FL13458,2024-10-22,10,Autumn,Tuesday,AeroSwift,Airbus A320,London Heathrow,Singapore Changi,London Heathrow → Singapore Changi,10840,22:20,1.0,7.0,761.0,745,Air Traffic Control,0,354.0,584.9,3.8
FL14892,2024-10-23,10,Autumn,Wednesday,AeroSwift,Airbus A320,London Heathrow,Singapore Changi,London Heathrow → Singapore Changi,10840,17:30,0.0,7.0,755.0,745,On Time,0,131.0,562.26,4.0
FL12189,2024-10-23,10,Autumn,Wednesday,PolarAir,Boeing 787,Edinburgh,Amsterdam,Edinburgh → Amsterdam,700,10:35,0.0,0.0,89.0,85,On Time,0,350.0,49.73,4.5
FL10816,2024-10-23,10,Autumn,Wednesday,AeroSwift,Airbus A320,Manchester,Barcelona,Manchester → Barcelona,1440,16:00,6.0,11.0,146.0,130,Weather,0,256.0,71.91,4.0
FL11796,2024-10-23,10,Autumn,Wednesday,PolarAir,Embraer E190,Leeds Bradford,Alicante,Leeds Bradford → Alicante,1590,22:15,10.0,19.0,160.0,145,Security,0,169.0,87.12,4.1
FL10524,2024-10-23,10,Autumn,Wednesday,SkyWing Air,Airbus A380,Manchester,Barcelona,Manchester → Barcelona,1440,18:45,0.0,14.0,148.0,130,On Time,0,347.0,109.19,4.6
FL13521,2024-10-23,10,Autumn,Wednesday,Atlantic Wings,Airbus A320,London Gatwick,Rome Fiumicino,London Gatwick → Rome Fiumicino,1430,06:25,26.0,26.0,160.0,135,Security,0,118.0,169.14,3.8
FL10663,2024-10-24,10,Autumn,Thursday,PolarAir,Airbus A320,Edinburgh,Amsterdam,Edinburgh → Amsterdam,700,07:05,19.0,30.0,110.0,85,Air Traffic Control,0,182.0,49.0,3.4
FL14998,2024-10-24,10,Autumn,Thursday,Atlantic Wings,Boeing 737,London Heathrow,Toronto Pearson,London Heathrow → Toronto Pearson,5730,15:45,5.0,9.0,438.0,430,Air Traffic Control,0,178.0,405.59,3.6
FL10109,2024-10-24,10,Autumn,Thursday,AeroSwift,Airbus A320,London Gatwick,Rome Fiumicino,London Gatwick → Rome Fiumicino,1430,08:00,0.0,2.0,140.0,135,On Time,0,123.0,76.86,4.8
FL12587,2024-10-24,10,Autumn,Thursday,PolarAir,Airbus A320,Edinburgh,Amsterdam,Edinburgh → Amsterdam,700,15:20,8.0,12.0,105.0,85,Air Traffic Control,0,307.0,72.83,3.0
FL10004,2024-10-25,10,Autumn,Friday,SkyWing Air,Boeing 777,London Stansted,Warsaw Chopin,London Stansted → Warsaw Chopin,1470,14:40,23.0,20.0,162.0,135,Late Aircraft,0,198.0,129.66,4.5
FL13893,2024-10-25,10,Autumn,Friday,NovaStar,Boeing 737,Edinburgh,Amsterdam,Edinburgh → Amsterdam,700,20:35,0.0,5.0,97.0,85,On Time,0,307.0,77.43,4.7
FL12267,2024-10-25,10,Autumn,Friday,PolarAir,Airbus A380,London Gatwick,Rome Fiumicino,London Gatwick → Rome Fiumicino,1430,06:30,4.0,19.0,156.0,135,Weather,0,171.0,157.59,4.3
FL13572,2024-10-25,10,Autumn,Friday,SkyWing Air,Airbus A320,London Heathrow,Dubai,London Heathrow → Dubai,5490,11:15,0.0,13.0,435.0,415,On Time,0,355.0,353.25,4.8
FL13496,2024-10-26,10,Autumn,Saturday,SkyWing Air,Airbus A320,Leeds Bradford,Alicante,Leeds Bradford → Alicante,1590,22:55,71.0,75.0,219.0,145,Late Aircraft,0,280.0,144.65,2.9
FL10297,2024-10-26,10,Autumn,Saturday,PolarAir,Airbus A320,Glasgow,Dublin,Glasgow → Dublin,220,22:00,13.0,18.0,78.0,50,Technical,0,255.0,71.93,3.5
FL10478,2024-10-26,10,Autumn,Saturday,AeroSwift,Airbus A380,London Stansted,Warsaw Chopin,London Stansted → Warsaw Chopin,1470,07:25,8.0,23.0,161.0,135,Technical,0,148.0,124.7,4.0
FL13995,2024-10-26,10,Autumn,Saturday,Atlantic Wings,Boeing 787,London Gatwick,Rome Fiumicino,London Gatwick → Rome Fiumicino,1430,05:00,99.0,98.0,231.0,135,Air Traffic Control,0,162.0,81.82,1.8
FL10500,2024-10-26,10,Autumn,Saturday,AeroSwift,Boeing 737,London Heathrow,Toronto Pearson,London Heathrow → Toronto Pearson,5730,07:50,0.0,9.0,440.0,430,On Time,0,,301.14,4.2
FL13411,2024-10-26,10,Autumn,Saturday,CloudJet,Boeing 737,London Heathrow,New York JFK,London Heathrow → New York JFK,5570,10:55,4.0,11.0,432.0,420,Air Traffic Control,0,194.0,387.79,4.4
FL10680,2024-10-26,10,Autumn,Saturday,PolarAir,Airbus A320,London Heathrow,Singapore Changi,London Heathrow → Singapore Changi,10840,16:25,2.0,7.0,757.0,745,Security,0,118.0,656.62,4.4
FL11469,2024-10-26,10,Autumn,Saturday,NovaStar,Embraer E190,London Gatwick,Rome Fiumicino,London Gatwick → Rome Fiumicino,1430,11:10,3.0,1.0,134.0,135,Crew Availability,0,377.0,49.9,3.8
FL11898,2024-10-26,10,Autumn,Saturday,Atlantic Wings,Boeing 777,Edinburgh,Amsterdam,Edinburgh → Amsterdam,700,09:00,7.0,13.0,103.0,85,Air Traffic Control,0,341.0,99.16,3.2
FL10412,2024-10-26,10,Autumn,Saturday,AeroSwift,Boeing 737,London Heathrow,New York JFK,London Heathrow → New York JFK,5570,21:00,4.0,0.0,420.0,420,Late Aircraft,0,362.0,305.67,3.1
FL11725,2024-10-27,10,Autumn,Sunday,NovaStar,Boeing 737,Glasgow,Dublin,Glasgow → Dublin,220,15:20,0.0,13.0,62.0,50,On Time,0,184.0,50.3,4.0
FL10103,2024-10-27,10,Autumn,Sunday,CloudJet,Boeing 737,Manchester,Barcelona,Manchester → Barcelona,1440,20:20,24.0,31.0,160.0,130,Crew Availability,0,300.0,49.0,3.7
FL10001,2024-10-27,10,Autumn,Sunday,Atlantic Wings,Airbus A320,Glasgow,Dublin,Glasgow → Dublin,220,16:35,29.0,21.0,79.0,50,Technical,0,234.0,49.0,3.4
FL12797,2024-10-27,10,Autumn,Sunday,SkyWing Air,Boeing 737,Bristol,Malaga,Bristol → Malaga,1620,08:15,0.0,7.0,159.0,145,On Time,0,243.0,96.18,4.9
FL14883,2024-10-27,10,Autumn,Sunday,SkyWing Air,Airbus A320,Edinburgh,Amsterdam,Edinburgh → Amsterdam,700,09:00,16.0,16.0,109.0,85,Crew Availability,0,,88.25,4.4
FL11323,2024-10-27,10,Autumn,Sunday,CloudJet,Boeing 777,Manchester,Barcelona,Manchester → Barcelona,1440,10:30,28.0,26.0,162.0,130,Weather,0,363.0,51.84,3.7
FL12798,2024-10-27,10,Autumn,Sunday,Atlantic Wings,Airbus A320,Birmingham,Istanbul,Birmingham → Istanbul,2680,09:10,6.0,21.0,240.0,210,Weather,0,343.0,150.22,4.2
FL11776,2024-10-28,10,Autumn,Monday,PolarAir,Boeing 777,London Stansted,Warsaw Chopin,London Stansted → Warsaw Chopin,1470,19:50,0.0,0.0,139.0,135,On Time,0,184.0,143.66,4.8
FL11171,2024-10-28,10,Autumn,Monday,Atlantic Wings,Airbus A380,London Gatwick,Rome Fiumicino,London Gatwick → Rome Fiumicino,1430,11:05,0.0,1.0,136.0,135,On Time,0,111.0,65.96,3.9
FL13248,2024-10-28,10,Autumn,Monday,PolarAir,Airbus A320,Leeds Bradford,Alicante,Leeds Bradford → Alicante,1590,07:25,,,,145,Air Traffic Control,1,173.0,90.19,1.8
FL14398,2024-10-28,10,Autumn,Monday,NovaStar,Boeing 737,Glasgow,Dublin,Glasgow → Dublin,220,17:05,14.0,12.0,71.0,50,Late Aircraft,0,322.0,49.0,3.2
FL12373,2024-10-28,10,Autumn,Monday,AeroSwift,,Birmingham,Istanbul,Birmingham → Istanbul,2680,19:55,0.0,0.0,216.0,210,On Time,0,,206.28,4.8
FL11826,2024-10-28,10,Autumn,Monday,AeroSwift,Boeing 737,London Heathrow,Toronto Pearson,London Heathrow → Toronto Pearson,5730,11:20,12.0,23.0,455.0,430,Security,0,91.0,323.92,3.6
FL12221,2024-10-28,10,Autumn,Monday,PolarAir,Boeing 737,London Heathrow,Singapore Changi,London Heathrow → Singapore Changi,10840,18:15,37.0,49.0,798.0,745,Security,0,292.0,638.97,2.6
FL14200,2024-10-28,10,Autumn,Monday,AeroSwift,Boeing 777,London Stansted,Warsaw Chopin,London Stansted → Warsaw Chopin,1470,09:15,6.0,3.0,133.0,135,Weather,0,241.0,91.1,4.4
FL13779,2024-10-29,10,Autumn,Tuesday,SkyWing Air,Boeing 787,London Heathrow,Dubai,London Heathrow → Dubai,5490,08:05,40.0,39.0,457.0,415,Late Aircraft,0,296.0,365.64,2.0
FL12776,2024-10-29,10,Autumn,Tuesday,SkyWing Air,Boeing 737,London Heathrow,Singapore Changi,London Heathrow → Singapore Changi,10840,08:45,2.0,0.0,755.0,745,Weather,0,388.0,765.2,3.5
FL11282,2024-10-29,10,Autumn,Tuesday,AeroSwift,Boeing 737,London Stansted,Warsaw Chopin,London Stansted → Warsaw Chopin,1470,22:50,1.0,14.0,146.0,135,Crew Availability,0,300.0,97.29,3.4
FL13077,2024-10-29,10,Autumn,Tuesday,Atlantic Wings,Boeing 777,Birmingham,Istanbul,Birmingham → Istanbul,2680,14:35,4.0,19.0,235.0,210,Late Aircraft,0,75.0,207.77,3.2
FL14832,2024-10-29,10,Autumn,Tuesday,SkyWing Air,Boeing 787,Edinburgh,Amsterdam,Edinburgh → Amsterdam,700,13:45,12.0,27.0,114.0,85,Weather,0,416.0,115.27,4.0
FL13137,2024-10-29,10,Autumn,Tuesday,AeroSwift,Boeing 777,Birmingham,Istanbul,Birmingham → Istanbul,2680,22:20,16.0,30.0,238.0,210,Weather,0,128.0,132.27,3.7
FL14209,2024-10-29,10,Autumn,Tuesday,AeroSwift,Boeing 737,Birmingham,Istanbul,Birmingham → Istanbul,2680,05:50,5.0,0.0,207.0,210,Technical,0,363.0,153.05,3.4
FL14794,2024-10-29,10,Autumn,Tuesday,PolarAir,Boeing 737,Edinburgh,Amsterdam,Edinburgh → Amsterdam,700,19:55,0.0,0.0,90.0,85,On Time,0,86.0,86.31,4.5
FL14627,2024-10-30,10,Autumn,Wednesday,Atlantic Wings,Boeing 737,London Heathrow,Singapore Changi,London Heathrow → Singapore Changi,10840,10:45,,,,745,Security,1,284.0,724.1,1.9
FL14142,2024-10-30,10,Autumn,Wednesday,NovaStar,Airbus A320,London Heathrow,Dubai,London Heathrow → Dubai,5490,22:40,6.0,5.0,419.0,415,Technical,0,251.0,243.21,4.2
FL14653,2024-10-30,10,Autumn,Wednesday,AeroSwift,Airbus A320,Glasgow,Dublin,Glasgow → Dublin,220,08:25,0.0,4.0,64.0,50,On Time,0,407.0,49.0,4.9
FL12774,2024-10-30,10,Autumn,Wednesday,AeroSwift,Airbus A320,Manchester,Barcelona,Manchester → Barcelona,1440,09:35,0.0,11.0,140.0,130,On Time,0,134.0,105.51,4.9
FL13705,2024-10-30,10,Autumn,Wednesday,NovaStar,Boeing 777,London Heathrow,Toronto Pearson,London Heathrow → Toronto Pearson,5730,09:25,14.0,17.0,447.0,430,Technical,0,401.0,329.66,3.8
FL12803,2024-10-30,10,Autumn,Wednesday,SkyWing Air,Boeing 777,Edinburgh,Amsterdam,Edinburgh → Amsterdam,700,15:20,0.0,15.0,102.0,85,On Time,0,383.0,98.74,3.9
FL13714,2024-10-30,10,Autumn,Wednesday,SkyWing Air,Boeing 737,Glasgow,Dublin,Glasgow → Dublin,220,18:10,41.0,41.0,87.0,50,Security,0,76.0,68.25,3.1
FL12660,2024-10-31,10,Autumn,Thursday,SkyWing Air,Boeing 737,London Heathrow,Toronto Pearson,London Heathrow → Toronto Pearson,5730,17:45,,,,430,Crew Availability,1,115.0,417.98,1.5
FL11537,2024-10-31,10,Autumn,Thursday,NovaStar,Airbus A320,London Heathrow,Dubai,London Heathrow → Dubai,5490,09:15,13.0,6.0,431.0,415,Weather,0,87.0,325.75,4.4
FL13882,2024-10-31,10,Autumn,Thursday,SkyWing Air,Boeing 737,Leeds Bradford,Alicante,Leeds Bradford → Alicante,1590,12:40,0.0,2.0,154.0,145,On Time,0,418.0,139.85,4.8
FL14865,2024-10-31,10,Autumn,Thursday,NovaStar,Embraer E190,Manchester,Barcelona,Manchester → Barcelona,1440,14:05,0.0,14.0,140.0,130,On Time,0,371.0,125.79,4.8
FL10747,2024-10-31,10,Autumn,Thursday,AeroSwift,Embraer E190,Glasgow,Dublin,Glasgow → Dublin,220,10:25,8.0,16.0,62.0,50,Weather,0,237.0,49.0,4.4
FL12972,2024-10-31,10,Autumn,Thursday,NovaStar,Airbus A320,London Heathrow,Dubai,London Heathrow → Dubai,5490,18:40,0.0,14.0,431.0,415,On Time,0,255.0,297.0,4.8
FL10656,2024-10-31,10,Autumn,Thursday,AeroSwift,Airbus A320,London Heathrow,Singapore Changi,London Heathrow → Singapore Changi,10840,09:35,4.0,11.0,758.0,745,Security,0,256.0,583.11,3.1
FL11425,2024-11-01,11,Autumn,Friday,PolarAir,Boeing 737,Bristol,Malaga,Bristol → Malaga,1620,11:05,,,,145,Air Traffic Control,1,221.0,122.27,2.3
FL11786,2024-11-01,11,Autumn,Friday,PolarAir,Boeing 737,London Heathrow,Singapore Changi,London Heathrow → Singapore Changi,10840,06:45,0.0,0.0,753.0,745,On Time,0,,671.98,4.1
FL13397,2024-11-01,11,Autumn,Friday,Atlantic Wings,Boeing 737,Edinburgh,Amsterdam,Edinburgh → Amsterdam,700,13:00,44.0,41.0,124.0,85,Air Traffic Control,0,299.0,57.76,2.6
FL13455,2024-11-01,11,Autumn,Friday,PolarAir,Airbus A380,London Heathrow,New York JFK,London Heathrow → New York JFK,5570,13:15,55.0,63.0,493.0,420,Security,0,173.0,327.65,2.1
FL14526,2024-11-01,11,Autumn,Friday,Atlantic Wings,Embraer E190,Manchester,Barcelona,Manchester → Barcelona,1440,12:40,,,,130,Weather,1,237.0,136.95,1.2
FL14624,2024-11-01,11,Autumn,Friday,SkyWing Air,Boeing 737,Manchester,Barcelona,Manchester → Barcelona,1440,09:25,13.0,25.0,156.0,130,Technical,0,280.0,81.16,3.1
FL12604,2024-11-01,11,Autumn,Friday,NovaStar,Boeing 787,London Stansted,Warsaw Chopin,London Stansted → Warsaw Chopin,1470,07:55,0.0,8.0,149.0,135,On Time,0,113.0,49.0,4.7
FL11946,2024-11-01,11,Autumn,Friday,AeroSwift,Airbus A320,Edinburgh,Amsterdam,Edinburgh → Amsterdam,700,21:40,23.0,25.0,114.0,85,Technical,0,106.0,49.0,3.2
FL10091,2024-11-02,11,Autumn,Saturday,SkyWing Air,Boeing 787,Manchester,Barcelona,Manchester → Barcelona,1440,07:50,59.0,69.0,208.0,130,Security,0,408.0,123.34,3.4
FL13143,2024-11-02,11,Autumn,Saturday,Atlantic Wings,Boeing 737,Manchester,Barcelona,Manchester → Barcelona,1440,05:15,,,,130,Weather,1,91.0,131.72,2.5
FL10560,2024-11-02,11,Autumn,Saturday,SkyWing Air,Boeing 777,Bristol,Malaga,Bristol → Malaga,1620,06:10,81.0,80.0,226.0,145,Technical,0,302.0,134.14,2.4
FL14273,2024-11-02,11,Autumn,Saturday,PolarAir,Boeing 777,London Gatwick,Rome Fiumicino,London Gatwick → Rome Fiumicino,1430,17:10,47.0,44.0,186.0,135,Security,0,190.0,78.03,2.2
FL11211,2024-11-02,11,Autumn,Saturday,Atlantic Wings,Airbus A320,London Stansted,Warsaw Chopin,London Stansted → Warsaw Chopin,1470,09:10,22.0,32.0,167.0,135,Air Traffic Control,0,84.0,96.28,3.4
FL13950,2024-11-02,11,Autumn,Saturday,Atlantic Wings,Boeing 737,London Heathrow,New York JFK,London Heathrow → New York JFK,5570,05:05,28.0,41.0,458.0,420,Security,0,194.0,396.82,4.4
FL10129,2024-11-02,11,Autumn,Saturday,NovaStar,Boeing 737,London Stansted,Warsaw Chopin,London Stansted → Warsaw Chopin,1470,13:00,25.0,22.0,164.0,135,Security,0,135.0,70.9,4.2
FL12662,2024-11-02,11,Autumn,Saturday,SkyWing Air,Boeing 737,Birmingham,Istanbul,Birmingham → Istanbul,2680,10:50,3.0,0.0,208.0,210,Crew Availability,0,414.0,231.79,4.3
FL11559,2024-11-03,11,Autumn,Sunday,AeroSwift,Boeing 777,Bristol,Malaga,Bristol → Malaga,1620,07:25,3.0,0.0,141.0,145,Weather,0,314.0,58.93,3.7
FL10696,2024-11-03,11,Autumn,Sunday,CloudJet,Boeing 737,Birmingham,Istanbul,Birmingham → Istanbul,2680,14:25,29.0,31.0,236.0,210,Crew Availability,0,228.0,174.73,3.3
FL13139,2024-11-03,11,Autumn,Sunday,AeroSwift,Embraer E190,London Heathrow,New York JFK,London Heathrow → New York JFK,5570,09:40,0.0,0.0,420.0,420,On Time,0,349.0,314.99,4.6
FL13686,2024-11-03,11,Autumn,Sunday,NovaStar,Embraer E190,London Heathrow,Toronto Pearson,London Heathrow → Toronto Pearson,5730,13:05,0.0,0.0,435.0,430,On Time,0,281.0,280.12,4.2
FL14689,2024-11-03,11,Autumn,Sunday,CloudJet,Boeing 737,Glasgow,Dublin,Glasgow → Dublin,220,10:40,,,,50,Late Aircraft,1,380.0,49.0,1.5
FL10107,2024-11-03,11,Autumn,Sunday,Atlantic Wings,Airbus A380,London Heathrow,Dubai,London Heathrow → Dubai,5490,15:55,38.0,34.0,455.0,415,Weather,0,339.0,406.19,2.5
FL10839,2024-11-03,11,Autumn,Sunday,CloudJet,Boeing 787,Manchester,Barcelona,Manchester → Barcelona,1440,12:35,58.0,53.0,180.0,130,Air Traffic Control,0,294.0,90.43,3.3
FL10775,2024-11-03,11,Autumn,Sunday,AeroSwift,Embraer E190,London Gatwick,Rome Fiumicino,London Gatwick → Rome Fiumicino,1430,05:20,12.0,19.0,161.0,135,Crew Availability,0,366.0,68.08,3.5
FL13282,2024-11-04,11,Autumn,Monday,SkyWing Air,Embraer E190,London Stansted,Warsaw Chopin,London Stansted → Warsaw Chopin,1470,08:15,39.0,33.0,176.0,135,Late Aircraft,0,222.0,101.07,3.4
FL14697,2024-11-04,11,Autumn,Monday,SkyWing Air,Boeing 777,London Gatwick,Rome Fiumicino,London Gatwick → Rome Fiumicino,1430,17:55,,,,135,Security,1,420.0,106.22,2.4
FL14997,2024-11-04,11,Autumn,Monday,AeroSwift,Boeing 787,Leeds Bradford,Alicante,Leeds Bradford → Alicante,1590,05:15,22.0,23.0,170.0,145,Technical,0,240.0,149.05,4.2
FL11631,2024-11-04,11,Autumn,Monday,AeroSwift,Airbus A320,London Heathrow,Dubai,London Heathrow → Dubai,5490,09:25,0.0,13.0,433.0,415,On Time,0,285.0,242.07,4.6
FL14826,2024-11-04,11,Autumn,Monday,AeroSwift,Boeing 777,Manchester,Barcelona,Manchester → Barcelona,1440,12:50,0.0,8.0,148.0,130,On Time,0,90.0,133.58,4.6
FL13177,2024-11-05,11,Autumn,Tuesday,CloudJet,Airbus A320,Glasgow,Dublin,Glasgow → Dublin,220,15:30,,,,50,Technical,1,185.0,49.0,1.5
FL10078,2024-11-05,11,Autumn,Tuesday,NovaStar,Airbus A320,London Gatwick,Rome Fiumicino,London Gatwick → Rome Fiumicino,1430,15:00,8.0,15.0,158.0,135,Late Aircraft,0,411.0,99.67,3.2
FL14762,2024-11-05,11,Autumn,Tuesday,AeroSwift,Boeing 737,London Heathrow,Singapore Changi,London Heathrow → Singapore Changi,10840,10:55,,,,745,Technical,1,87.0,582.17,1.7
FL14474,2024-11-06,11,Autumn,Wednesday,Atlantic Wings,Boeing 777,Leeds Bradford,Alicante,Leeds Bradford → Alicante,1590,07:25,43.0,49.0,189.0,145,Late Aircraft,0,74.0,128.91,3.3
FL11690,2024-11-06,11,Autumn,Wednesday,AeroSwift,Boeing 737,Manchester,Barcelona,Manchester → Barcelona,1440,18:40,3.0,0.0,129.0,130,Security,0,205.0,62.26,3.0
FL10544,2024-11-06,11,Autumn,Wednesday,NovaStar,Airbus A320,London Heathrow,New York JFK,London Heathrow → New York JFK,5570,10:35,0.0,11.0,429.0,420,On Time,0,233.0,291.31,4.6
FL13118,2024-11-06,11,Autumn,Wednesday,PolarAir,Boeing 787,London Heathrow,Singapore Changi,London Heathrow → Singapore Changi,10840,11:15,32.0,28.0,778.0,745,Weather,0,137.0,677.08,3.4
FL11455,2024-11-06,11,Autumn,Wednesday,Atlantic Wings,Embraer E190,London Gatwick,Rome Fiumicino,London Gatwick → Rome Fiumicino,1430,22:50,0.0,0.0,133.0,135,On Time,0,403.0,98.02,4.7
FL10606,2024-11-06,11,Autumn,Wednesday,AeroSwift,Boeing 777,London Heathrow,New York JFK,London Heathrow → New York JFK,5570,06:25,0.0,7.0,433.0,420,On Time,0,260.0,290.27,4.3
FL13791,2024-11-06,11,Autumn,Wednesday,Atlantic Wings,Airbus A320,London Heathrow,Toronto Pearson,London Heathrow → Toronto Pearson,5730,05:15,54.0,68.0,499.0,430,Technical,0,131.0,384.39,3.4
FL13532,2024-11-07,11,Autumn,Thursday,NovaStar,Boeing 777,London Stansted,Warsaw Chopin,London Stansted → Warsaw Chopin,1470,21:10,,,,135,Technical,1,155.0,114.57,2.4
FL14774,2024-11-07,11,Autumn,Thursday,AeroSwift,Boeing 737,London Heathrow,Singapore Changi,London Heathrow → Singapore Changi,10840,09:45,12.0,24.0,777.0,745,Weather,0,413.0,566.92,3.2
FL11169,2024-11-07,11,Autumn,Thursday,AeroSwift,Boeing 737,London Heathrow,New York JFK,London Heathrow → New York JFK,5570,14:55,0.0,0.0,418.0,420,On Time,0,255.0,255.71,4.3
FL14536,2024-11-07,11,Autumn,Thursday,Atlantic Wings,Airbus A320,London Gatwick,Rome Fiumicino,London Gatwick → Rome Fiumicino,1430,05:00,37.0,47.0,192.0,135,Weather,0,341.0,121.43,2.3
FL13760,2024-11-07,11,Autumn,Thursday,Atlantic Wings,Embraer E190,Glasgow,Dublin,Glasgow → Dublin,220,21:05,21.0,27.0,76.0,50,Late Aircraft,0,196.0,53.81,3.4
FL11312,2024-11-07,11,Autumn,Thursday,SkyWing Air,Embraer E190,Glasgow,Dublin,Glasgow → Dublin,220,09:50,0.0,10.0,70.0,50,On Time,0,396.0,49.0,4.2
FL14959,2024-11-07,11,Autumn,Thursday,CloudJet,Boeing 777,London Heathrow,New York JFK,London Heathrow → New York JFK,5570,06:05,2.0,8.0,423.0,420,Security,0,89.0,391.51,4.0
FL14941,2024-11-08,11,Autumn,Friday,AeroSwift,Airbus A320,London Stansted,Warsaw Chopin,London Stansted → Warsaw Chopin,1470,09:40,,,,135,Weather,1,168.0,96.53,2.1
FL14597,2024-11-08,11,Autumn,Friday,NovaStar,Airbus A320,London Heathrow,Singapore Changi,London Heathrow → Singapore Changi,10840,06:50,0.0,0.0,750.0,745,On Time,0,107.0,569.97,5.0
FL10145,2024-11-08,11,Autumn,Friday,NovaStar,Boeing 777,Manchester,Barcelona,Manchester → Barcelona,1440,12:25,0.0,9.0,146.0,130,On Time,0,330.0,136.21,4.0
FL14790,2024-11-08,11,Autumn,Friday,PolarAir,Airbus A320,London Heathrow,New York JFK,London Heathrow → New York JFK,5570,19:25,38.0,36.0,462.0,420,Technical,0,377.0,306.74,3.0
FL14417,2024-11-08,11,Autumn,Friday,NovaStar,Embraer E190,London Heathrow,Dubai,London Heathrow → Dubai,5490,07:50,55.0,67.0,480.0,415,Air Traffic Control,0,394.0,286.05,2.9
FL13594,2024-11-08,11,Autumn,Friday,AeroSwift,Boeing 737,London Heathrow,Dubai,London Heathrow → Dubai,5490,08:55,6.0,20.0,445.0,415,Crew Availability,0,,286.6,3.0
FL10855,2024-11-08,11,Autumn,Friday,Atlantic Wings,Airbus A320,London Gatwick,Rome Fiumicino,London Gatwick → Rome Fiumicino,1430,10:25,,,,135,Late Aircraft,1,255.0,104.8,1.5
FL14065,2024-11-08,11,Autumn,Friday,Atlantic Wings,Boeing 777,Edinburgh,Amsterdam,Edinburgh → Amsterdam,700,09:30,7.0,3.0,94.0,85,Security,0,419.0,49.0,3.2
FL14858,2024-11-09,11,Autumn,Saturday,Atlantic Wings,Airbus A380,London Heathrow,Dubai,London Heathrow → Dubai,5490,15:15,84.0,91.0,512.0,415,Late Aircraft,0,160.0,345.39,2.8
FL11355,2024-11-09,11,Autumn,Saturday,SkyWing Air,Airbus A320,Leeds Bradford,Alicante,Leeds Bradford → Alicante,1590,07:10,32.0,41.0,196.0,145,Late Aircraft,0,265.0,83.32,2.4
FL11893,2024-11-09,11,Autumn,Saturday,NovaStar,Airbus A320,Manchester,Barcelona,Manchester → Barcelona,1440,21:30,0.0,10.0,143.0,130,On Time,0,283.0,49.0,4.6
FL14376,2024-11-09,11,Autumn,Saturday,Atlantic Wings,Boeing 777,London Heathrow,New York JFK,London Heathrow → New York JFK,5570,11:45,82.0,81.0,497.0,420,Technical,0,367.0,341.53,3.0
FL11065,2024-11-09,11,Autumn,Saturday,AeroSwift,Airbus A320,Bristol,Malaga,Bristol → Malaga,1620,19:20,0.0,0.0,140.0,145,On Time,0,281.0,77.37,4.4
FL14641,2024-11-09,11,Autumn,Saturday,AeroSwift,Boeing 787,Glasgow,Dublin,Glasgow → Dublin,220,22:10,27.0,38.0,86.0,50,Technical,0,93.0,49.0,3.5
FL10474,2024-11-09,11,Autumn,Saturday,SkyWing Air,Boeing 787,Leeds Bradford,Alicante,Leeds Bradford → Alicante,1590,07:50,39.0,48.0,197.0,145,Late Aircraft,0,387.0,120.35,3.4
FL12070,2024-11-09,11,Autumn,Saturday,NovaStar,Boeing 787,London Heathrow,Dubai,London Heathrow → Dubai,5490,11:10,0.0,15.0,425.0,415,On Time,0,274.0,284.18,4.2
FL11841,2024-11-09,11,Autumn,Saturday,CloudJet,Boeing 777,London Gatwick,Rome Fiumicino,London Gatwick → Rome Fiumicino,1430,11:55,30.0,28.0,164.0,135,Air Traffic Control,0,248.0,110.77,
FL13401,2024-11-10,11,Autumn,Sunday,CloudJet,Airbus A320,London Heathrow,Toronto Pearson,London Heathrow → Toronto Pearson,5730,20:55,,,,430,Weather,1,347.0,359.95,1.6
FL11167,2024-11-10,11,Autumn,Sunday,SkyWing Air,Airbus A320,London Heathrow,Dubai,London Heathrow → Dubai,5490,22:35,17.0,32.0,448.0,415,Security,0,89.0,328.97,3.9
FL10741,2024-11-10,11,Autumn,Sunday,SkyWing Air,Airbus A320,Edinburgh,Amsterdam,Edinburgh → Amsterdam,700,15:45,12.0,26.0,117.0,85,Weather,0,96.0,76.91,4.4
FL14210,2024-11-10,11,Autumn,Sunday,Atlantic Wings,Boeing 737,Glasgow,Dublin,Glasgow → Dublin,220,10:35,24.0,25.0,79.0,50,Weather,0,257.0,69.37,3.5
FL13108,2024-11-10,11,Autumn,Sunday,AeroSwift,Airbus A320,London Heathrow,Dubai,London Heathrow → Dubai,5490,11:10,1.0,2.0,420.0,415,Late Aircraft,0,203.0,239.34,3.7
FL12420,2024-11-10,11,Autumn,Sunday,CloudJet,Boeing 737,London Heathrow,Dubai,London Heathrow → Dubai,5490,07:40,19.0,27.0,440.0,415,Weather,0,68.0,392.09,3.5
FL10310,2024-11-10,11,Autumn,Sunday,PolarAir,Boeing 737,London Stansted,Warsaw Chopin,London Stansted → Warsaw Chopin,1470,08:40,8.0,15.0,155.0,135,Air Traffic Control,0,312.0,140.47,4.3
FL10715,2024-11-10,11,Autumn,Sunday,NovaStar,Boeing 737,Bristol,Malaga,Bristol → Malaga,1620,08:50,5.0,17.0,161.0,145,Weather,0,270.0,93.23,4.3
FL13362,2024-11-10,11,Autumn,Sunday,Atlantic Wings,Boeing 787,Glasgow,Dublin,Glasgow → Dublin,220,22:30,6.0,9.0,60.0,50,Air Traffic Control,0,114.0,49.0,4.4
FL14042,2024-11-10,11,Autumn,Sunday,SkyWing Air,Airbus A380,Leeds Bradford,Alicante,Leeds Bradford → Alicante,1590,09:45,7.0,1.0,149.0,145,Security,0,182.0,79.88,3.7
FL14190,2024-11-10,11,Autumn,Sunday,SkyWing Air,Boeing 737,London Heathrow,Singapore Changi,London Heathrow → Singapore Changi,10840,16:45,0.0,7.0,755.0,745,On Time,0,205.0,746.56,4.3
FL11353,2024-11-11,11,Autumn,Monday,AeroSwift,Airbus A320,London Heathrow,New York JFK,London Heathrow → New York JFK,5570,17:05,38.0,38.0,453.0,420,Security,0,390.0,272.33,3.0
FL13443,2024-11-11,11,Autumn,Monday,PolarAir,Airbus A320,Manchester,Barcelona,Manchester → Barcelona,1440,09:35,34.0,44.0,169.0,130,Crew Availability,0,308.0,85.01,2.2
FL10991,2024-11-11,11,Autumn,Monday,CloudJet,Airbus A320,Bristol,Malaga,Bristol → Malaga,1620,13:15,19.0,15.0,155.0,145,Weather,0,142.0,71.87,3.1
FL14876,2024-11-11,11,Autumn,Monday,PolarAir,Boeing 737,Birmingham,Istanbul,Birmingham → Istanbul,2680,14:45,,,,210,Technical,1,330.0,170.0,1.1
FL10888,2024-11-11,11,Autumn,Monday,PolarAir,Boeing 787,Leeds Bradford,Alicante,Leeds Bradford → Alicante,1590,10:30,,,,145,Weather,1,203.0,147.51,2.3
FL10172,2024-11-11,11,Autumn,Monday,CloudJet,Boeing 777,Manchester,Barcelona,Manchester → Barcelona,1440,06:00,15.0,27.0,164.0,130,Crew Availability,0,229.0,75.56,4.4
FL14143,2024-11-11,11,Autumn,Monday,SkyWing Air,Embraer E190,Manchester,Barcelona,Manchester → Barcelona,1440,06:45,41.0,55.0,182.0,130,Technical,0,191.0,138.51,2.9
FL10187,2024-11-11,11,Autumn,Monday,Atlantic Wings,Embraer E190,Birmingham,Istanbul,Birmingham → Istanbul,2680,06:40,0.0,5.0,216.0,210,On Time,0,313.0,219.4,4.1
FL14923,2024-11-11,11,Autumn,Monday,CloudJet,Embraer E190,London Heathrow,Singapore Changi,London Heathrow → Singapore Changi,10840,08:30,10.0,6.0,746.0,745,Crew Availability,0,104.0,643.37,4.3
FL14829,2024-11-11,11,Autumn,Monday,SkyWing Air,Airbus A320,Leeds Bradford,Alicante,Leeds Bradford → Alicante,1590,06:55,14.0,25.0,179.0,145,Weather,0,210.0,78.95,4.4
FL14291,2024-11-12,11,Autumn,Tuesday,Atlantic Wings,Airbus A320,Glasgow,Dublin,Glasgow → Dublin,220,10:25,,,,50,Technical,1,111.0,69.95,1.2
FL13523,2024-11-12,11,Autumn,Tuesday,PolarAir,Boeing 737,Birmingham,Istanbul,Birmingham → Istanbul,2680,11:55,0.0,2.0,220.0,210,On Time,0,377.0,179.2,4.5
FL10493,2024-11-12,11,Autumn,Tuesday,SkyWing Air,Boeing 777,Birmingham,Istanbul,Birmingham → Istanbul,2680,13:35,8.0,12.0,225.0,210,Late Aircraft,0,348.0,149.71,3.9
FL13746,2024-11-12,11,Autumn,Tuesday,Atlantic Wings,Airbus A320,Glasgow,Dublin,Glasgow → Dublin,220,06:20,83.0,95.0,140.0,50,Air Traffic Control,0,113.0,49.0,3.0
FL12667,2024-11-12,11,Autumn,Tuesday,CloudJet,Airbus A320,London Heathrow,Dubai,London Heathrow → Dubai,5490,11:35,56.0,66.0,487.0,415,Late Aircraft,0,98.0,332.57,3.3
FL13726,2024-11-12,11,Autumn,Tuesday,SkyWing Air,Airbus A320,Manchester,Barcelona,Manchester → Barcelona,1440,18:25,0.0,8.0,139.0,130,On Time,0,375.0,81.52,4.0
FL13929,2024-11-12,11,Autumn,Tuesday,CloudJet,Boeing 777,Leeds Bradford,Alicante,Leeds Bradford → Alicante,1590,09:40,25.0,37.0,182.0,145,Air Traffic Control,0,124.0,149.26,3.8
FL13996,2024-11-13,11,Autumn,Wednesday,NovaStar,Airbus A320,Birmingham,Istanbul,Birmingham → Istanbul,2680,07:25,0.0,14.0,223.0,210,On Time,0,139.0,192.73,4.6
FL12717,2024-11-13,11,Autumn,Wednesday,AeroSwift,Boeing 777,Manchester,Barcelona,Manchester → Barcelona,1440,11:55,6.0,5.0,141.0,130,Technical,0,133.0,86.01,3.8
FL14437,2024-11-13,11,Autumn,Wednesday,Atlantic Wings,Embraer E190,Birmingham,Istanbul,Birmingham → Istanbul,2680,07:25,71.0,81.0,288.0,210,Air Traffic Control,0,195.0,256.84,3.4
FL13975,2024-11-13,11,Autumn,Wednesday,AeroSwift,Airbus A320,Manchester,Barcelona,Manchester → Barcelona,1440,16:05,0.0,14.0,154.0,130,On Time,0,186.0,115.24,4.0
FL10631,2024-11-13,11,Autumn,Wednesday,AeroSwift,Boeing 787,Bristol,Malaga,Bristol → Malaga,1620,19:20,4.0,11.0,166.0,145,Security,0,409.0,92.55,4.1
FL10942,2024-11-13,11,Autumn,Wednesday,CloudJet,,Glasgow,Dublin,Glasgow → Dublin,220,07:00,7.0,2.0,49.0,50,Technical,0,150.0,49.0,3.6
FL11024,2024-11-13,11,Autumn,Wednesday,NovaStar,Airbus A380,Leeds Bradford,Alicante,Leeds Bradford → Alicante,1590,15:40,25.0,21.0,171.0,145,Late Aircraft,0,398.0,116.95,4.1
FL12574,2024-11-13,11,Autumn,Wednesday,PolarAir,Boeing 777,Manchester,Barcelona,Manchester → Barcelona,1440,12:40,16.0,28.0,155.0,130,Crew Availability,0,112.0,140.21,3.1
FL13908,2024-11-13,11,Autumn,Wednesday,AeroSwift,Boeing 737,Edinburgh,Amsterdam,Edinburgh → Amsterdam,700,15:05,5.0,4.0,86.0,85,Air Traffic Control,0,257.0,77.95,3.6
FL12839,2024-11-14,11,Autumn,Thursday,SkyWing Air,Airbus A320,London Heathrow,Singapore Changi,London Heathrow → Singapore Changi,10840,18:50,16.0,9.0,752.0,745,Security,0,248.0,734.34,3.8
FL13331,2024-11-14,11,Autumn,Thursday,NovaStar,Boeing 787,Bristol,Malaga,Bristol → Malaga,1620,08:40,9.0,17.0,160.0,145,Weather,0,113.0,79.04,3.1
FL10411,2024-11-14,11,Autumn,Thursday,NovaStar,Boeing 787,Bristol,Malaga,Bristol → Malaga,1620,16:40,21.0,31.0,173.0,145,Technical,0,78.0,75.28,4.1
FL14981,2024-11-14,11,Autumn,Thursday,CloudJet,Airbus A320,London Stansted,Warsaw Chopin,London Stansted → Warsaw Chopin,1470,13:10,1.0,0.0,131.0,135,Late Aircraft,0,277.0,83.79,3.8
FL14282,2024-11-14,11,Autumn,Thursday,CloudJet,Boeing 777,London Heathrow,Toronto Pearson,London Heathrow → Toronto Pearson,5730,12:10,0.0,0.0,435.0,430,On Time,0,415.0,370.95,4.3
FL11555,2024-11-14,11,Autumn,Thursday,Atlantic Wings,Airbus A320,Manchester,Barcelona,Manchester → Barcelona,1440,09:00,6.0,20.0,149.0,130,Crew Availability,0,88.0,98.43,3.8
FL10464,2024-11-14,11,Autumn,Thursday,CloudJet,Boeing 777,Manchester,Barcelona,Manchester → Barcelona,1440,13:25,4.0,2.0,129.0,130,Late Aircraft,0,334.0,72.16,3.3
FL14846,2024-11-15,11,Autumn,Friday,NovaStar,Boeing 777,London Heathrow,Dubai,London Heathrow → Dubai,5490,09:30,0.0,13.0,423.0,415,On Time,0,196.0,294.76,4.3
FL11069,2024-11-15,11,Autumn,Friday,NovaStar,,London Stansted,Warsaw Chopin,London Stansted → Warsaw Chopin,1470,21:40,3.0,15.0,145.0,135,Late Aircraft,0,136.0,82.1,4.4
FL10876,2024-11-15,11,Autumn,Friday,NovaStar,Boeing 777,Glasgow,Dublin,Glasgow → Dublin,220,14:20,0.0,0.0,55.0,50,On Time,0,276.0,49.0,4.2
FL13364,2024-11-15,11,Autumn,Friday,Atlantic Wings,Airbus A320,Edinburgh,Amsterdam,Edinburgh → Amsterdam,700,13:05,1.0,15.0,110.0,85,Air Traffic Control,0,62.0,101.91,3.6
FL10814,2024-11-15,11,Autumn,Friday,PolarAir,Airbus A380,Bristol,Malaga,Bristol → Malaga,1620,15:05,138.0,140.0,292.0,145,Technical,0,227.0,150.2,2.3
FL12439,2024-11-15,11,Autumn,Friday,Atlantic Wings,,Manchester,Barcelona,Manchester → Barcelona,1440,08:15,65.0,72.0,201.0,130,Weather,0,246.0,97.32,2.6
FL10228,2024-11-15,11,Autumn,Friday,CloudJet,Airbus A320,Glasgow,Dublin,Glasgow → Dublin,220,18:45,96.0,89.0,147.0,50,Late Aircraft,0,334.0,70.38,2.0
FL14024,2024-11-16,11,Autumn,Saturday,Atlantic Wings,Boeing 777,Birmingham,Istanbul,Birmingham → Istanbul,2680,09:40,23.0,17.0,234.0,210,Weather,0,418.0,209.97,4.4
FL10258,2024-11-16,11,Autumn,Saturday,CloudJet,Boeing 777,Glasgow,Dublin,Glasgow → Dublin,220,18:55,34.0,39.0,91.0,50,Crew Availability,0,306.0,49.0,2.5
FL11753,2024-11-16,11,Autumn,Saturday,AeroSwift,Boeing 737,London Gatwick,Rome Fiumicino,London Gatwick → Rome Fiumicino,1430,19:00,11.0,26.0,160.0,135,Crew Availability,0,70.0,81.69,3.8
FL11917,2024-11-16,11,Autumn,Saturday,PolarAir,Embraer E190,Edinburgh,Amsterdam,Edinburgh → Amsterdam,700,05:35,2.0,2.0,84.0,85,Crew Availability,0,132.0,90.68,4.3
FL14566,2024-11-16,11,Autumn,Saturday,AeroSwift,Boeing 777,London Heathrow,Dubai,London Heathrow → Dubai,5490,13:05,66.0,77.0,494.0,415,Weather,0,358.0,284.36,3.5
FL11158,2024-11-16,11,Autumn,Saturday,Atlantic Wings,Airbus A320,Bristol,Malaga,Bristol → Malaga,1620,12:50,18.0,33.0,185.0,145,Weather,0,87.0,89.49,3.8
FL12859,2024-11-16,11,Autumn,Saturday,SkyWing Air,Boeing 777,London Heathrow,New York JFK,London Heathrow → New York JFK,5570,10:15,38.0,53.0,468.0,420,Air Traffic Control,0,132.0,402.91,2.3
FL14872,2024-11-16,11,Autumn,Saturday,AeroSwift,Embraer E190,Leeds Bradford,Alicante,Leeds Bradford → Alicante,1590,08:30,7.0,6.0,152.0,145,Security,0,163.0,87.79,3.8
FL13501,2024-11-16,11,Autumn,Saturday,NovaStar,Boeing 777,London Heathrow,Toronto Pearson,London Heathrow → Toronto Pearson,5730,12:00,22.0,22.0,452.0,430,Security,0,229.0,321.29,3.6
FL14384,2024-11-16,11,Autumn,Saturday,SkyWing Air,Boeing 787,London Heathrow,Dubai,London Heathrow → Dubai,5490,10:25,7.0,17.0,440.0,415,Late Aircraft,0,104.0,364.58,4.4
FL11226,2024-11-17,11,Autumn,Sunday,CloudJet,Airbus A320,London Gatwick,Rome Fiumicino,London Gatwick → Rome Fiumicino,1430,07:00,14.0,12.0,153.0,135,Security,0,412.0,98.75,3.1
FL14480,2024-11-17,11,Autumn,Sunday,Atlantic Wings,Boeing 737,London Heathrow,Dubai,London Heathrow → Dubai,5490,11:30,0.0,0.0,423.0,415,On Time,0,151.0,388.48,4.8
FL11314,2024-11-17,11,Autumn,Sunday,SkyWing Air,Airbus A380,London Stansted,Warsaw Chopin,London Stansted → Warsaw Chopin,1470,15:45,0.0,10.0,150.0,135,On Time,0,290.0,86.83,
FL11712,2024-11-17,11,Autumn,Sunday,PolarAir,Airbus A320,Bristol,Malaga,Bristol → Malaga,1620,07:30,14.0,16.0,167.0,145,Weather,0,150.0,135.92,4.0
FL10705,2024-11-17,11,Autumn,Sunday,AeroSwift,Embraer E190,Bristol,Malaga,Bristol → Malaga,1620,13:15,0.0,2.0,148.0,145,On Time,0,362.0,88.97,4.7
FL11114,2024-11-17,11,Autumn,Sunday,Atlantic Wings,Boeing 787,London Stansted,Warsaw Chopin,London Stansted → Warsaw Chopin,1470,09:50,42.0,50.0,180.0,135,Technical,0,205.0,171.25,3.2
FL10097,2024-11-17,11,Autumn,Sunday,Atlantic Wings,Boeing 787,Leeds Bradford,Alicante,Leeds Bradford → Alicante,1590,20:40,36.0,49.0,200.0,145,Late Aircraft,0,69.0,78.35,2.5
FL12781,2024-11-17,11,Autumn,Sunday,Atlantic Wings,Boeing 777,Edinburgh,Amsterdam,Edinburgh → Amsterdam,700,14:20,0.0,3.0,92.0,85,On Time,0,180.0,59.35,4.6
FL14732,2024-11-17,11,Autumn,Sunday,AeroSwift,Boeing 737,Manchester,Barcelona,Manchester → Barcelona,1440,16:30,5.0,2.0,131.0,130,Technical,0,286.0,107.6,3.2
FL11397,2024-11-17,11,Autumn,Sunday,NovaStar,Airbus A320,Leeds Bradford,Alicante,Leeds Bradford → Alicante,1590,11:25,0.0,9.0,160.0,145,On Time,0,311.0,103.84,4.2
FL11855,2024-11-18,11,Autumn,Monday,SkyWing Air,Airbus A320,London Heathrow,New York JFK,London Heathrow → New York JFK,5570,08:00,39.0,49.0,466.0,420,Crew Availability,0,95.0,351.23,2.1
FL14931,2024-11-18,11,Autumn,Monday,Atlantic Wings,Airbus A380,London Heathrow,Toronto Pearson,London Heathrow → Toronto Pearson,5730,22:35,65.0,65.0,490.0,430,Crew Availability,0,66.0,414.01,2.1
FL10535,2024-11-18,11,Autumn,Monday,PolarAir,Boeing 737,London Heathrow,Toronto Pearson,London Heathrow → Toronto Pearson,5730,20:30,14.0,17.0,447.0,430,Late Aircraft,0,416.0,319.85,
FL13689,2024-11-18,11,Autumn,Monday,PolarAir,Airbus A320,London Heathrow,Dubai,London Heathrow → Dubai,5490,12:55,0.0,0.0,423.0,415,On Time,0,408.0,333.26,4.5
FL11995,2024-11-18,11,Autumn,Monday,SkyWing Air,Boeing 737,London Heathrow,New York JFK,London Heathrow → New York JFK,5570,18:05,11.0,13.0,437.0,420,Technical,0,376.0,431.89,4.4
FL10071,2024-11-19,11,Autumn,Tuesday,CloudJet,Airbus A320,London Stansted,Warsaw Chopin,London Stansted → Warsaw Chopin,1470,12:50,5.0,0.0,137.0,135,Crew Availability,0,301.0,140.24,3.0
FL10402,2024-11-19,11,Autumn,Tuesday,SkyWing Air,Boeing 737,London Heathrow,Dubai,London Heathrow → Dubai,5490,10:05,8.0,21.0,442.0,415,Late Aircraft,0,172.0,335.64,4.1
FL11319,2024-11-19,11,Autumn,Tuesday,Atlantic Wings,Boeing 777,London Stansted,Warsaw Chopin,London Stansted → Warsaw Chopin,1470,10:10,80.0,76.0,211.0,135,Weather,0,121.0,79.81,2.9
FL11800,2024-11-19,11,Autumn,Tuesday,PolarAir,Boeing 737,Glasgow,Dublin,Glasgow → Dublin,220,19:50,68.0,73.0,125.0,50,Weather,0,335.0,49.0,2.8
FL10178,2024-11-20,11,Autumn,Wednesday,Atlantic Wings,Boeing 787,London Gatwick,Rome Fiumicino,London Gatwick → Rome Fiumicino,1430,19:45,33.0,29.0,162.0,135,Air Traffic Control,0,182.0,87.24,2.5
FL12201,2024-11-20,11,Autumn,Wednesday,PolarAir,Airbus A320,London Gatwick,Rome Fiumicino,London Gatwick → Rome Fiumicino,1430,13:45,41.0,38.0,175.0,135,Air Traffic Control,0,212.0,66.74,3.2
FL14085,2024-11-20,11,Autumn,Wednesday,Atlantic Wings,Airbus A320,Glasgow,Dublin,Glasgow → Dublin,220,20:45,21.0,16.0,73.0,50,Technical,0,366.0,49.0,3.1
FL11987,2024-11-20,11,Autumn,Wednesday,Atlantic Wings,Airbus A320,London Gatwick,Rome Fiumicino,London Gatwick → Rome Fiumicino,1430,16:50,109.0,107.0,250.0,135,Air Traffic Control,0,204.0,121.53,1.0
FL10498,2024-11-20,11,Autumn,Wednesday,SkyWing Air,Boeing 777,London Heathrow,Singapore Changi,London Heathrow → Singapore Changi,10840,12:00,14.0,6.0,761.0,745,Technical,0,295.0,787.08,4.0
FL10539,2024-11-20,11,Autumn,Wednesday,Atlantic Wings,Embraer E190,London Heathrow,New York JFK,London Heathrow → New York JFK,5570,11:25,30.0,35.0,453.0,420,Air Traffic Control,0,408.0,384.37,3.8
FL11913,2024-11-20,11,Autumn,Wednesday,CloudJet,Boeing 777,Leeds Bradford,Alicante,Leeds Bradford → Alicante,1590,16:30,,,,145,Weather,1,292.0,102.03,1.2
FL11366,2024-11-20,11,Autumn,Wednesday,NovaStar,Airbus A380,Glasgow,Dublin,Glasgow → Dublin,220,08:15,5.0,2.0,49.0,50,Late Aircraft,0,330.0,50.47,
FL10851,2024-11-20,11,Autumn,Wednesday,CloudJet,Boeing 787,London Heathrow,Dubai,London Heathrow → Dubai,5490,12:35,140.0,153.0,568.0,415,Security,0,159.0,356.59,2.2
FL14464,2024-11-20,11,Autumn,Wednesday,NovaStar,Boeing 737,London Heathrow,Singapore Changi,London Heathrow → Singapore Changi,10840,09:45,5.0,6.0,753.0,745,Air Traffic Control,0,389.0,606.05,4.4
FL11092,2024-11-20,11,Autumn,Wednesday,SkyWing Air,Airbus A380,Manchester,Barcelona,Manchester → Barcelona,1440,14:45,0.0,15.0,145.0,130,On Time,0,327.0,137.54,4.5
FL10063,2024-11-21,11,Autumn,Thursday,NovaStar,Boeing 787,London Heathrow,Singapore Changi,London Heathrow → Singapore Changi,10840,18:50,13.0,20.0,761.0,745,Security,0,376.0,592.46,3.1
FL14164,2024-11-21,11,Autumn,Thursday,Atlantic Wings,Boeing 737,Leeds Bradford,Alicante,Leeds Bradford → Alicante,1590,08:50,49.0,58.0,201.0,145,Crew Availability,0,175.0,98.85,2.6
FL13949,2024-11-21,11,Autumn,Thursday,AeroSwift,Boeing 737,London Heathrow,Toronto Pearson,London Heathrow → Toronto Pearson,5730,10:40,0.0,0.0,434.0,430,On Time,0,416.0,350.65,4.5
FL12092,2024-11-21,11,Autumn,Thursday,Atlantic Wings,Boeing 777,London Heathrow,Toronto Pearson,London Heathrow → Toronto Pearson,5730,14:25,63.0,74.0,509.0,430,Late Aircraft,0,364.0,452.9,3.3
FL11324,2024-11-21,11,Autumn,Thursday,AeroSwift,Airbus A320,London Heathrow,Singapore Changi,London Heathrow → Singapore Changi,10840,07:05,26.0,37.0,787.0,745,Air Traffic Control,0,373.0,594.48,3.6
FL10054,2024-11-21,11,Autumn,Thursday,NovaStar,Boeing 787,London Stansted,Warsaw Chopin,London Stansted → Warsaw Chopin,1470,08:50,0.0,10.0,141.0,135,On Time,0,149.0,115.95,4.4
FL14357,2024-11-21,11,Autumn,Thursday,NovaStar,Airbus A380,London Heathrow,New York JFK,London Heathrow → New York JFK,5570,09:40,0.0,5.0,420.0,420,On Time,0,127.0,293.44,4.7
FL14856,2024-11-21,11,Autumn,Thursday,Atlantic Wings,Embraer E190,Manchester,Barcelona,Manchester → Barcelona,1440,21:35,20.0,12.0,147.0,130,Weather,0,269.0,108.73,4.3
FL12696,2024-11-21,11,Autumn,Thursday,AeroSwift,Boeing 787,Glasgow,Dublin,Glasgow → Dublin,220,12:45,0.0,3.0,57.0,50,On Time,0,348.0,60.03,4.9
FL14603,2024-11-21,11,Autumn,Thursday,Atlantic Wings,Airbus A380,Manchester,Barcelona,Manchester → Barcelona,1440,14:45,31.0,37.0,174.0,130,Crew Availability,0,278.0,104.77,3.0
FL14720,2024-11-21,11,Autumn,Thursday,SkyWing Air,Embraer E190,London Heathrow,Dubai,London Heathrow → Dubai,5490,06:10,10.0,10.0,432.0,415,Weather,0,241.0,385.74,4.4
FL14339,2024-11-22,11,Autumn,Friday,AeroSwift,Airbus A320,Glasgow,Dublin,Glasgow → Dublin,220,08:05,4.0,12.0,71.0,50,Technical,0,269.0,49.0,4.3
FL10382,2024-11-22,11,Autumn,Friday,SkyWing Air,Airbus A320,London Heathrow,Dubai,London Heathrow → Dubai,5490,20:05,19.0,16.0,440.0,415,Crew Availability,0,375.0,350.17,3.5
FL10461,2024-11-23,11,Autumn,Saturday,CloudJet,Airbus A320,London Gatwick,Rome Fiumicino,London Gatwick → Rome Fiumicino,1430,10:00,71.0,67.0,208.0,135,Air Traffic Control,0,358.0,129.67,2.0
FL13149,2024-11-23,11,Autumn,Saturday,NovaStar,Boeing 737,London Gatwick,Rome Fiumicino,London Gatwick → Rome Fiumicino,1430,07:35,2.0,14.0,149.0,135,Crew Availability,0,393.0,94.17,3.1
FL12992,2024-11-23,11,Autumn,Saturday,CloudJet,Boeing 777,Manchester,Barcelona,Manchester → Barcelona,1440,06:50,0.0,0.0,131.0,130,On Time,0,325.0,70.28,3.9
FL10790,2024-11-23,11,Autumn,Saturday,CloudJet,Airbus A320,Glasgow,Dublin,Glasgow → Dublin,220,22:25,17.0,14.0,68.0,50,Technical,0,327.0,73.53,4.0
FL12090,2024-11-23,11,Autumn,Saturday,PolarAir,Embraer E190,London Heathrow,New York JFK,London Heathrow → New York JFK,5570,16:35,2.0,5.0,425.0,420,Weather,0,66.0,324.18,3.6
FL14499,2024-11-23,11,Autumn,Saturday,Atlantic Wings,Airbus A320,Glasgow,Dublin,Glasgow → Dublin,220,07:55,75.0,86.0,133.0,50,Weather,0,301.0,49.0,3.3
FL11531,2024-11-23,11,Autumn,Saturday,SkyWing Air,Boeing 737,Bristol,Malaga,Bristol → Malaga,1620,06:45,12.0,20.0,162.0,145,Security,0,404.0,171.96,4.5
FL13900,2024-11-23,11,Autumn,Saturday,Atlantic Wings,Boeing 787,London Heathrow,New York JFK,London Heathrow → New York JFK,5570,14:00,11.0,10.0,428.0,420,Air Traffic Control,0,333.0,442.18,3.7
FL13204,2024-11-23,11,Autumn,Saturday,PolarAir,Boeing 737,Glasgow,Dublin,Glasgow → Dublin,220,05:00,10.0,25.0,77.0,50,Air Traffic Control,0,99.0,49.0,4.1
FL13704,2024-11-23,11,Autumn,Saturday,Atlantic Wings,Boeing 777,Bristol,Malaga,Bristol → Malaga,1620,08:30,0.0,3.0,145.0,145,On Time,0,416.0,99.28,4.5
FL12609,2024-11-24,11,Autumn,Sunday,Atlantic Wings,Airbus A320,Manchester,Barcelona,Manchester → Barcelona,1440,06:30,19.0,27.0,164.0,130,Crew Availability,0,142.0,146.52,4.1
FL12548,2024-11-24,11,Autumn,Sunday,AeroSwift,Boeing 777,London Heathrow,New York JFK,London Heathrow → New York JFK,5570,08:25,13.0,7.0,431.0,420,Security,0,187.0,317.3,3.6
FL14930,2024-11-24,11,Autumn,Sunday,CloudJet,Embraer E190,Leeds Bradford,Alicante,Leeds Bradford → Alicante,1590,20:35,0.0,1.0,149.0,145,On Time,0,273.0,90.62,3.9
FL13607,2024-11-24,11,Autumn,Sunday,Atlantic Wings,Embraer E190,Birmingham,Istanbul,Birmingham → Istanbul,2680,08:45,19.0,15.0,221.0,210,Late Aircraft,0,384.0,131.03,3.6
FL10209,2024-11-24,11,Autumn,Sunday,CloudJet,Embraer E190,London Gatwick,Rome Fiumicino,London Gatwick → Rome Fiumicino,1430,22:10,,,,135,Late Aircraft,1,291.0,89.1,1.8
FL10192,2024-11-24,11,Autumn,Sunday,AeroSwift,Boeing 777,London Heathrow,Dubai,London Heathrow → Dubai,5490,18:00,0.0,0.0,424.0,415,On Time,0,239.0,288.59,4.7
FL12187,2024-11-24,11,Autumn,Sunday,Atlantic Wings,Embraer E190,Glasgow,Dublin,Glasgow → Dublin,220,13:50,16.0,30.0,75.0,50,Air Traffic Control,0,181.0,49.0,3.2
FL12184,2024-11-24,11,Autumn,Sunday,SkyWing Air,Boeing 787,Bristol,Malaga,Bristol → Malaga,1620,21:45,20.0,29.0,181.0,145,Weather,0,211.0,136.1,3.6
FL11262,2024-11-24,11,Autumn,Sunday,NovaStar,Boeing 787,Edinburgh,Amsterdam,Edinburgh → Amsterdam,700,20:55,,,,85,Crew Availability,1,356.0,49.0,1.2
FL12395,2024-11-24,11,Autumn,Sunday,PolarAir,Airbus A320,Bristol,Malaga,Bristol → Malaga,1620,10:40,0.0,9.0,154.0,145,On Time,0,389.0,151.89,4.7
FL11464,2024-11-24,11,Autumn,Sunday,NovaStar,Boeing 777,London Stansted,Warsaw Chopin,London Stansted → Warsaw Chopin,1470,07:30,2.0,9.0,145.0,135,Weather,0,308.0,64.71,3.5
FL12720,2024-11-24,11,Autumn,Sunday,CloudJet,Boeing 737,Glasgow,Dublin,Glasgow → Dublin,220,09:00,27.0,19.0,64.0,50,Weather,0,347.0,49.0,4.4
FL11788,2024-11-24,11,Autumn,Sunday,Atlantic Wings,Airbus A320,Leeds Bradford,Alicante,Leeds Bradford → Alicante,1590,14:15,83.0,78.0,224.0,145,Technical,0,203.0,155.13,3.2
FL13254,2024-11-24,11,Autumn,Sunday,CloudJet,Boeing 777,London Stansted,Warsaw Chopin,London Stansted → Warsaw Chopin,1470,22:30,26.0,32.0,169.0,135,Security,0,380.0,107.42,4.2
FL13297,2024-11-24,11,Autumn,Sunday,PolarAir,Boeing 737,London Heathrow,Dubai,London Heathrow → Dubai,5490,20:30,16.0,21.0,440.0,415,Crew Availability,0,,368.13,3.1
FL11606,2024-11-25,11,Autumn,Monday,NovaStar,Boeing 787,Edinburgh,Amsterdam,Edinburgh → Amsterdam,700,08:45,4.0,10.0,96.0,85,Technical,0,262.0,49.0,4.2
FL13952,2024-11-25,11,Autumn,Monday,Atlantic Wings,Boeing 777,London Stansted,Warsaw Chopin,London Stansted → Warsaw Chopin,1470,19:20,0.0,0.0,130.0,135,On Time,0,130.0,139.55,
FL13145,2024-11-26,11,Autumn,Tuesday,AeroSwift,Airbus A380,Bristol,Malaga,Bristol → Malaga,1620,21:45,9.0,23.0,172.0,145,Security,0,139.0,81.69,4.0
FL12157,2024-11-26,11,Autumn,Tuesday,Atlantic Wings,Boeing 737,Bristol,Malaga,Bristol → Malaga,1620,18:45,0.0,0.0,142.0,145,On Time,0,268.0,145.03,4.6
FL14458,2024-11-26,11,Autumn,Tuesday,PolarAir,Boeing 777,London Heathrow,Toronto Pearson,London Heathrow → Toronto Pearson,5730,13:20,64.0,76.0,514.0,430,Late Aircraft,0,176.0,302.45,2.7
FL14658,2024-11-26,11,Autumn,Tuesday,SkyWing Air,Boeing 737,London Heathrow,New York JFK,London Heathrow → New York JFK,5570,14:35,7.0,5.0,431.0,420,Late Aircraft,0,304.0,415.9,4.4
FL14170,2024-11-26,11,Autumn,Tuesday,SkyWing Air,Boeing 737,London Stansted,Warsaw Chopin,London Stansted → Warsaw Chopin,1470,15:25,17.0,11.0,156.0,135,Late Aircraft,0,,89.86,3.9
FL10389,2024-11-26,11,Autumn,Tuesday,CloudJet,Airbus A380,London Heathrow,Singapore Changi,London Heathrow → Singapore Changi,10840,08:25,35.0,45.0,797.0,745,Weather,0,125.0,642.06,
FL13121,2024-11-27,11,Autumn,Wednesday,NovaStar,Boeing 737,Birmingham,Istanbul,Birmingham → Istanbul,2680,17:50,0.0,0.0,212.0,210,On Time,0,142.0,167.23,5.0
FL12094,2024-11-27,11,Autumn,Wednesday,CloudJet,Boeing 787,London Heathrow,Dubai,London Heathrow → Dubai,5490,09:15,14.0,25.0,449.0,415,Technical,0,276.0,337.93,4.2
FL14343,2024-11-27,11,Autumn,Wednesday,SkyWing Air,Boeing 737,London Heathrow,New York JFK,London Heathrow → New York JFK,5570,07:40,39.0,47.0,477.0,420,Crew Availability,0,388.0,392.62,2.6
FL14020,2024-11-27,11,Autumn,Wednesday,NovaStar,Boeing 777,Manchester,Barcelona,Manchester → Barcelona,1440,14:00,12.0,10.0,135.0,130,Late Aircraft,0,,74.91,3.5
FL12402,2024-11-27,11,Autumn,Wednesday,AeroSwift,Boeing 737,London Heathrow,New York JFK,London Heathrow → New York JFK,5570,22:30,0.0,1.0,423.0,420,On Time,0,129.0,337.74,4.1
FL14026,2024-11-27,11,Autumn,Wednesday,NovaStar,Embraer E190,London Stansted,Warsaw Chopin,London Stansted → Warsaw Chopin,1470,08:55,0.0,0.0,145.0,135,On Time,0,141.0,90.78,4.1
FL12628,2024-11-27,11,Autumn,Wednesday,CloudJet,Boeing 737,Manchester,Barcelona,Manchester → Barcelona,1440,22:35,9.0,18.0,146.0,130,Weather,0,140.0,88.48,3.6
FL13870,2024-11-27,11,Autumn,Wednesday,NovaStar,Airbus A320,Glasgow,Dublin,Glasgow → Dublin,220,08:45,11.0,5.0,62.0,50,Air Traffic Control,0,372.0,49.0,3.9
FL13035,2024-11-28,11,Autumn,Thursday,CloudJet,Embraer E190,Manchester,Barcelona,Manchester → Barcelona,1440,17:30,28.0,34.0,165.0,130,Air Traffic Control,0,296.0,49.19,3.4
FL10712,2024-11-28,11,Autumn,Thursday,SkyWing Air,Boeing 737,Manchester,Barcelona,Manchester → Barcelona,1440,06:35,0.0,0.0,140.0,130,On Time,0,279.0,70.17,4.2
FL12857,2024-11-28,11,Autumn,Thursday,NovaStar,Boeing 737,London Gatwick,Rome Fiumicino,London Gatwick → Rome Fiumicino,1430,22:35,18.0,19.0,151.0,135,Security,0,360.0,69.41,3.2
FL14412,2024-11-28,11,Autumn,Thursday,Atlantic Wings,,London Stansted,Warsaw Chopin,London Stansted → Warsaw Chopin,1470,20:00,14.0,9.0,150.0,135,Weather,0,222.0,103.3,4.0
FL10307,2024-11-28,11,Autumn,Thursday,PolarAir,Embraer E190,London Stansted,Warsaw Chopin,London Stansted → Warsaw Chopin,1470,07:35,3.0,0.0,137.0,135,Late Aircraft,0,406.0,126.71,4.1
FL14562,2024-11-28,11,Autumn,Thursday,PolarAir,Boeing 737,London Heathrow,New York JFK,London Heathrow → New York JFK,5570,21:05,,,,420,Security,1,333.0,310.59,2.4
FL11931,2024-11-29,11,Autumn,Friday,NovaStar,Boeing 737,London Heathrow,Toronto Pearson,London Heathrow → Toronto Pearson,5730,20:30,0.0,0.0,435.0,430,On Time,0,103.0,282.74,4.4
FL11060,2024-11-29,11,Autumn,Friday,NovaStar,Boeing 787,Edinburgh,Amsterdam,Edinburgh → Amsterdam,700,17:00,0.0,0.0,86.0,85,On Time,0,312.0,49.0,4.5
FL10973,2024-11-29,11,Autumn,Friday,SkyWing Air,Boeing 737,Bristol,Malaga,Bristol → Malaga,1620,08:05,5.0,4.0,152.0,145,Late Aircraft,0,198.0,112.21,3.0
FL12269,2024-11-29,11,Autumn,Friday,NovaStar,Boeing 737,Birmingham,Istanbul,Birmingham → Istanbul,2680,22:20,0.0,0.0,219.0,210,On Time,0,303.0,147.82,4.5
FL10309,2024-11-30,11,Autumn,Saturday,AeroSwift,Airbus A380,Bristol,Malaga,Bristol → Malaga,1620,07:15,5.0,5.0,152.0,145,Technical,0,163.0,115.34,4.3
FL12055,2024-11-30,11,Autumn,Saturday,SkyWing Air,Boeing 787,London Heathrow,Dubai,London Heathrow → Dubai,5490,08:00,48.0,51.0,475.0,415,Security,0,79.0,334.08,3.2
FL14481,2024-11-30,11,Autumn,Saturday,Atlantic Wings,Boeing 777,Bristol,Malaga,Bristol → Malaga,1620,12:30,24.0,23.0,178.0,145,Air Traffic Control,0,342.0,128.7,3.6
FL10910,2024-11-30,11,Autumn,Saturday,AeroSwift,Boeing 777,London Stansted,Warsaw Chopin,London Stansted → Warsaw Chopin,1470,15:05,4.0,15.0,155.0,135,Technical,0,292.0,86.94,4.4
FL10272,2024-11-30,11,Autumn,Saturday,SkyWing Air,Boeing 787,Manchester,Barcelona,Manchester → Barcelona,1440,22:55,136.0,140.0,278.0,130,Weather,0,202.0,78.28,1.8
FL10559,2024-11-30,11,Autumn,Saturday,CloudJet,Airbus A380,Edinburgh,Amsterdam,Edinburgh → Amsterdam,700,17:10,9.0,23.0,111.0,85,Crew Availability,0,64.0,49.0,4.2
FL14222,2024-11-30,11,Autumn,Saturday,SkyWing Air,Airbus A320,London Heathrow,Dubai,London Heathrow → Dubai,5490,14:25,0.0,8.0,418.0,415,On Time,0,279.0,354.51,
FL10230,2024-11-30,11,Autumn,Saturday,PolarAir,Boeing 787,Edinburgh,Amsterdam,Edinburgh → Amsterdam,700,10:50,0.0,11.0,99.0,85,On Time,0,223.0,76.96,4.9
FL14349,2024-12-01,12,Winter,Sunday,PolarAir,Airbus A320,London Heathrow,New York JFK,London Heathrow → New York JFK,5570,17:25,0.0,6.0,435.0,420,On Time,0,268.0,452.25,4.5
FL12487,2024-12-01,12,Winter,Sunday,SkyWing Air,Boeing 787,London Heathrow,Toronto Pearson,London Heathrow → Toronto Pearson,5730,09:50,7.0,15.0,445.0,430,Late Aircraft,0,409.0,480.7,4.1
FL11177,2024-12-01,12,Winter,Sunday,Atlantic Wings,Boeing 737,London Heathrow,Toronto Pearson,London Heathrow → Toronto Pearson,5730,05:55,0.0,1.0,427.0,430,On Time,0,187.0,393.4,3.9
FL11706,2024-12-01,12,Winter,Sunday,AeroSwift,Boeing 737,London Stansted,Warsaw Chopin,London Stansted → Warsaw Chopin,1470,16:30,0.0,0.0,145.0,135,On Time,0,62.0,156.43,4.3
FL12562,2024-12-02,12,Winter,Monday,Atlantic Wings,Airbus A320,London Heathrow,Dubai,London Heathrow → Dubai,5490,11:20,3.0,5.0,430.0,415,Technical,0,236.0,399.25,3.4
FL13234,2024-12-02,12,Winter,Monday,NovaStar,Boeing 777,London Heathrow,New York JFK,London Heathrow → New York JFK,5570,18:25,0.0,8.0,434.0,420,On Time,0,118.0,334.92,4.9
FL14954,2024-12-02,12,Winter,Monday,Atlantic Wings,Airbus A320,London Heathrow,New York JFK,London Heathrow → New York JFK,5570,14:50,,,,420,Late Aircraft,1,410.0,446.2,2.5
FL11227,2024-12-03,12,Winter,Tuesday,Atlantic Wings,Boeing 777,Leeds Bradford,Alicante,Leeds Bradford → Alicante,1590,07:15,100.0,95.0,249.0,145,Technical,0,317.0,113.37,1.8
FL11274,2024-12-03,12,Winter,Tuesday,CloudJet,Boeing 737,London Stansted,Warsaw Chopin,London Stansted → Warsaw Chopin,1470,07:05,19.0,27.0,163.0,135,Late Aircraft,0,334.0,107.14,3.6
FL12144,2024-12-03,12,Winter,Tuesday,NovaStar,Embraer E190,Edinburgh,Amsterdam,Edinburgh → Amsterdam,700,15:10,12.0,11.0,105.0,85,Technical,0,90.0,49.0,
FL13274,2024-12-03,12,Winter,Tuesday,AeroSwift,Boeing 777,London Heathrow,Singapore Changi,London Heathrow → Singapore Changi,10840,16:15,1.0,2.0,751.0,745,Crew Availability,0,218.0,635.79,4.3
FL14523,2024-12-03,12,Winter,Tuesday,AeroSwift,Airbus A380,London Heathrow,New York JFK,London Heathrow → New York JFK,5570,09:25,4.0,7.0,435.0,420,Late Aircraft,0,392.0,327.38,3.1
FL12625,2024-12-04,12,Winter,Wednesday,PolarAir,Boeing 777,Manchester,Barcelona,Manchester → Barcelona,1440,19:25,,,,130,Technical,1,398.0,172.92,2.0
FL11159,2024-12-04,12,Winter,Wednesday,AeroSwift,Airbus A320,Edinburgh,Amsterdam,Edinburgh → Amsterdam,700,09:55,5.0,15.0,100.0,85,Crew Availability,0,74.0,49.0,3.5
FL13053,2024-12-04,12,Winter,Wednesday,CloudJet,Boeing 737,London Heathrow,Toronto Pearson,London Heathrow → Toronto Pearson,5730,10:15,112.0,122.0,548.0,430,Security,0,278.0,392.96,1.5
FL13958,2024-12-04,12,Winter,Wednesday,PolarAir,Boeing 737,London Heathrow,Singapore Changi,London Heathrow → Singapore Changi,10840,21:15,0.0,3.0,753.0,745,On Time,0,169.0,770.27,4.5
FL11733,2024-12-04,12,Winter,Wednesday,AeroSwift,,Birmingham,Istanbul,Birmingham → Istanbul,2680,20:50,0.0,0.0,211.0,210,On Time,0,304.0,156.21,4.2
FL14194,2024-12-05,12,Winter,Thursday,NovaStar,Airbus A380,London Heathrow,New York JFK,London Heathrow → New York JFK,5570,07:35,0.0,2.0,423.0,420,On Time,0,142.0,375.31,4.7
FL14313,2024-12-05,12,Winter,Thursday,CloudJet,Boeing 737,Leeds Bradford,Alicante,Leeds Bradford → Alicante,1590,17:35,28.0,40.0,180.0,145,Security,0,195.0,122.19,3.5
FL11563,2024-12-05,12,Winter,Thursday,NovaStar,Boeing 737,Birmingham,Istanbul,Birmingham → Istanbul,2680,08:55,3.0,16.0,232.0,210,Technical,0,100.0,180.46,3.4
FL10702,2024-12-05,12,Winter,Thursday,SkyWing Air,Embraer E190,London Gatwick,Rome Fiumicino,London Gatwick → Rome Fiumicino,1430,12:00,3.0,4.0,142.0,135,Weather,0,228.0,155.9,4.0
FL14836,2024-12-05,12,Winter,Thursday,SkyWing Air,Embraer E190,Leeds Bradford,Alicante,Leeds Bradford → Alicante,1590,18:10,44.0,49.0,196.0,145,Security,0,122.0,176.34,3.3
FL14512,2024-12-05,12,Winter,Thursday,PolarAir,Boeing 737,London Heathrow,New York JFK,London Heathrow → New York JFK,5570,19:25,13.0,14.0,444.0,420,Air Traffic Control,0,370.0,395.98,3.4
FL12799,2024-12-06,12,Winter,Friday,AeroSwift,Boeing 787,London Gatwick,Rome Fiumicino,London Gatwick → Rome Fiumicino,1430,12:55,28.0,22.0,160.0,135,Weather,0,302.0,76.03,3.5
FL13156,2024-12-06,12,Winter,Friday,PolarAir,Embraer E190,Manchester,Barcelona,Manchester → Barcelona,1440,18:40,1.0,2.0,139.0,130,Late Aircraft,0,184.0,181.67,4.4
FL11247,2024-12-06,12,Winter,Friday,CloudJet,Airbus A320,Leeds Bradford,Alicante,Leeds Bradford → Alicante,1590,22:05,10.0,15.0,167.0,145,Weather,0,337.0,152.4,4.4
FL14557,2024-12-06,12,Winter,Friday,SkyWing Air,Airbus A320,Bristol,Malaga,Bristol → Malaga,1620,22:20,17.0,28.0,183.0,145,Weather,0,334.0,177.05,3.2
FL14175,2024-12-06,12,Winter,Friday,NovaStar,Airbus A320,London Heathrow,Dubai,London Heathrow → Dubai,5490,18:10,0.0,0.0,425.0,415,On Time,0,147.0,308.29,4.1
FL14449,2024-12-06,12,Winter,Friday,CloudJet,Boeing 787,London Stansted,Warsaw Chopin,London Stansted → Warsaw Chopin,1470,18:35,3.0,12.0,147.0,135,Crew Availability,0,,155.17,3.1
FL13429,2024-12-06,12,Winter,Friday,NovaStar,Boeing 737,Birmingham,Istanbul,Birmingham → Istanbul,2680,08:10,11.0,5.0,219.0,210,Security,0,320.0,199.97,4.4
FL12810,2024-12-07,12,Winter,Saturday,Atlantic Wings,Boeing 787,Leeds Bradford,Alicante,Leeds Bradford → Alicante,1590,15:50,46.0,50.0,205.0,145,Technical,0,322.0,165.37,3.0
FL11291,2024-12-07,12,Winter,Saturday,NovaStar,Airbus A320,London Heathrow,Toronto Pearson,London Heathrow → Toronto Pearson,5730,05:25,4.0,8.0,441.0,430,Security,0,385.0,342.96,3.5
FL11418,2024-12-07,12,Winter,Saturday,PolarAir,Boeing 777,Leeds Bradford,Alicante,Leeds Bradford → Alicante,1590,22:55,25.0,35.0,180.0,145,Technical,0,198.0,169.63,3.6
FL14920,2024-12-07,12,Winter,Saturday,Atlantic Wings,Embraer E190,London Heathrow,Dubai,London Heathrow → Dubai,5490,10:55,,,,415,Late Aircraft,1,315.0,415.23,2.2
FL11275,2024-12-07,12,Winter,Saturday,PolarAir,Airbus A380,Manchester,Barcelona,Manchester → Barcelona,1440,22:05,21.0,29.0,155.0,130,Weather,0,233.0,125.03,4.4
FL13476,2024-12-07,12,Winter,Saturday,AeroSwift,Embraer E190,London Stansted,Warsaw Chopin,London Stansted → Warsaw Chopin,1470,16:10,,,,135,Weather,1,328.0,103.59,1.6
FL10363,2024-12-07,12,Winter,Saturday,NovaStar,Airbus A320,Manchester,Barcelona,Manchester → Barcelona,1440,17:50,8.0,23.0,151.0,130,Security,0,152.0,145.48,4.2
FL14211,2024-12-07,12,Winter,Saturday,AeroSwift,Boeing 777,London Heathrow,Toronto Pearson,London Heathrow → Toronto Pearson,5730,13:15,3.0,9.0,445.0,430,Crew Availability,0,101.0,329.19,3.4
FL10426,2024-12-08,12,Winter,Sunday,CloudJet,Boeing 737,Glasgow,Dublin,Glasgow → Dublin,220,10:30,108.0,122.0,173.0,50,Security,0,410.0,81.28,1.1
FL14766,2024-12-08,12,Winter,Sunday,NovaStar,Boeing 737,London Stansted,Warsaw Chopin,London Stansted → Warsaw Chopin,1470,20:10,25.0,28.0,162.0,135,Air Traffic Control,0,398.0,128.18,3.2
FL10045,2024-12-08,12,Winter,Sunday,PolarAir,Airbus A380,London Heathrow,Toronto Pearson,London Heathrow → Toronto Pearson,5730,07:35,45.0,39.0,471.0,430,Air Traffic Control,0,267.0,395.82,3.0
FL11328,2024-12-08,12,Winter,Sunday,AeroSwift,Embraer E190,London Heathrow,Dubai,London Heathrow → Dubai,5490,08:00,22.0,23.0,444.0,415,Security,0,158.0,351.62,3.4
FL10194,2024-12-08,12,Winter,Sunday,SkyWing Air,Embraer E190,London Heathrow,Toronto Pearson,London Heathrow → Toronto Pearson,5730,14:15,64.0,72.0,509.0,430,Technical,0,211.0,497.94,3.0
FL14230,2024-12-08,12,Winter,Sunday,PolarAir,Airbus A380,Glasgow,Dublin,Glasgow → Dublin,220,10:35,74.0,88.0,145.0,50,Late Aircraft,0,280.0,50.4,2.8
FL12174,2024-12-09,12,Winter,Monday,PolarAir,Airbus A380,Bristol,Malaga,Bristol → Malaga,1620,22:40,11.0,16.0,161.0,145,Crew Availability,0,375.0,82.4,3.6
FL11980,2024-12-09,12,Winter,Monday,PolarAir,Airbus A320,Birmingham,Istanbul,Birmingham → Istanbul,2680,15:05,0.0,4.0,222.0,210,On Time,0,178.0,209.7,4.0
FL10416,2024-12-09,12,Winter,Monday,SkyWing Air,Boeing 737,London Stansted,Warsaw Chopin,London Stansted → Warsaw Chopin,1470,12:35,20.0,14.0,153.0,135,Crew Availability,0,238.0,124.79,3.6
FL13789,2024-12-09,12,Winter,Monday,SkyWing Air,Airbus A320,London Stansted,Warsaw Chopin,London Stansted → Warsaw Chopin,1470,22:20,4.0,17.0,149.0,135,Late Aircraft,0,279.0,138.57,3.8
FL12700,2024-12-09,12,Winter,Monday,NovaStar,Airbus A320,London Heathrow,Singapore Changi,London Heathrow → Singapore Changi,10840,17:55,3.0,14.0,760.0,745,Air Traffic Control,0,82.0,635.09,4.4
FL13645,2024-12-09,12,Winter,Monday,Atlantic Wings,,London Heathrow,Toronto Pearson,London Heathrow → Toronto Pearson,5730,10:20,,,,430,Air Traffic Control,1,193.0,434.56,2.5
FL14993,2024-12-09,12,Winter,Monday,PolarAir,Boeing 737,Manchester,Barcelona,Manchester → Barcelona,1440,17:50,43.0,56.0,185.0,130,Security,0,74.0,133.47,2.7
FL13063,2024-12-10,12,Winter,Tuesday,AeroSwift,Airbus A320,London Gatwick,Rome Fiumicino,London Gatwick → Rome Fiumicino,1430,14:25,0.0,6.0,138.0,135,On Time,0,321.0,83.64,3.9
FL11570,2024-12-10,12,Winter,Tuesday,Atlantic Wings,Embraer E190,London Gatwick,Rome Fiumicino,London Gatwick → Rome Fiumicino,1430,14:05,,,,135,Crew Availability,1,134.0,97.54,2.2
FL11369,2024-12-10,12,Winter,Tuesday,CloudJet,Boeing 777,Birmingham,Istanbul,Birmingham → Istanbul,2680,16:10,10.0,2.0,211.0,210,Crew Availability,0,419.0,206.71,3.6
FL13393,2024-12-10,12,Winter,Tuesday,Atlantic Wings,Boeing 777,Birmingham,Istanbul,Birmingham → Istanbul,2680,07:20,20.0,29.0,249.0,210,Air Traffic Control,0,364.0,198.58,3.2
FL12564,2024-12-10,12,Winter,Tuesday,CloudJet,,Birmingham,Istanbul,Birmingham → Istanbul,2680,14:50,3.0,8.0,222.0,210,Late Aircraft,0,82.0,203.8,3.8
FL10266,2024-12-10,12,Winter,Tuesday,AeroSwift,Airbus A320,London Gatwick,Rome Fiumicino,London Gatwick → Rome Fiumicino,1430,07:25,12.0,18.0,152.0,135,Technical,0,271.0,133.02,3.9
FL13506,2024-12-10,12,Winter,Tuesday,Atlantic Wings,Airbus A380,London Heathrow,New York JFK,London Heathrow → New York JFK,5570,07:30,1.0,0.0,426.0,420,Crew Availability,0,122.0,469.3,3.8
FL11962,2024-12-10,12,Winter,Tuesday,SkyWing Air,Airbus A320,Manchester,Barcelona,Manchester → Barcelona,1440,18:45,8.0,15.0,154.0,130,Crew Availability,0,180.0,153.2,4.1
FL12047,2024-12-10,12,Winter,Tuesday,AeroSwift,Boeing 737,Glasgow,Dublin,Glasgow → Dublin,220,07:10,11.0,6.0,51.0,50,Air Traffic Control,0,222.0,59.7,4.2
FL12906,2024-12-10,12,Winter,Tuesday,AeroSwift,Boeing 777,London Heathrow,Dubai,London Heathrow → Dubai,5490,14:55,2.0,16.0,434.0,415,Security,0,250.0,325.91,4.4
FL13409,2024-12-10,12,Winter,Tuesday,SkyWing Air,Boeing 777,London Heathrow,Dubai,London Heathrow → Dubai,5490,19:35,6.0,16.0,433.0,415,Late Aircraft,0,92.0,415.72,3.2
FL10444,2024-12-10,12,Winter,Tuesday,AeroSwift,Boeing 737,Birmingham,Istanbul,Birmingham → Istanbul,2680,10:20,1.0,13.0,219.0,210,Air Traffic Control,0,208.0,167.14,3.4
FL11904,2024-12-11,12,Winter,Wednesday,AeroSwift,Embraer E190,London Gatwick,Rome Fiumicino,London Gatwick → Rome Fiumicino,1430,08:25,3.0,13.0,157.0,135,Late Aircraft,0,123.0,97.35,4.5
FL14605,2024-12-11,12,Winter,Wednesday,AeroSwift,Boeing 777,London Heathrow,Toronto Pearson,London Heathrow → Toronto Pearson,5730,15:00,4.0,8.0,439.0,430,Technical,0,176.0,390.93,4.2
FL10792,2024-12-11,12,Winter,Wednesday,SkyWing Air,Airbus A320,Glasgow,Dublin,Glasgow → Dublin,220,06:05,,,,50,Late Aircraft,1,364.0,49.0,1.2
FL10578,2024-12-11,12,Winter,Wednesday,AeroSwift,Boeing 737,Birmingham,Istanbul,Birmingham → Istanbul,2680,06:55,31.0,44.0,251.0,210,Late Aircraft,0,231.0,206.06,2.0
FL13843,2024-12-11,12,Winter,Wednesday,AeroSwift,Boeing 737,London Heathrow,Dubai,London Heathrow → Dubai,5490,13:00,32.0,27.0,445.0,415,Weather,0,260.0,352.3,2.1
FL13876,2024-12-11,12,Winter,Wednesday,SkyWing Air,Boeing 777,London Gatwick,Rome Fiumicino,London Gatwick → Rome Fiumicino,1430,18:05,33.0,26.0,158.0,135,Weather,0,126.0,78.02,2.1
FL13991,2024-12-11,12,Winter,Wednesday,SkyWing Air,Airbus A380,Edinburgh,Amsterdam,Edinburgh → Amsterdam,700,21:20,0.0,2.0,92.0,85,On Time,0,186.0,83.01,4.6
FL11115,2024-12-12,12,Winter,Thursday,NovaStar,Airbus A320,London Stansted,Warsaw Chopin,London Stansted → Warsaw Chopin,1470,06:00,0.0,0.0,142.0,135,On Time,0,362.0,90.66,4.7
FL11966,2024-12-12,12,Winter,Thursday,Atlantic Wings,Boeing 737,Manchester,Barcelona,Manchester → Barcelona,1440,12:20,0.0,0.0,132.0,130,On Time,0,271.0,101.45,4.7
FL12611,2024-12-12,12,Winter,Thursday,AeroSwift,Boeing 777,London Heathrow,Singapore Changi,London Heathrow → Singapore Changi,10840,09:45,2.0,0.0,744.0,745,Weather,0,151.0,673.75,4.1
FL13750,2024-12-12,12,Winter,Thursday,SkyWing Air,Boeing 737,London Gatwick,Rome Fiumicino,London Gatwick → Rome Fiumicino,1430,09:30,7.0,11.0,152.0,135,Weather,0,256.0,149.71,3.6
FL13961,2024-12-12,12,Winter,Thursday,AeroSwift,Boeing 737,London Heathrow,New York JFK,London Heathrow → New York JFK,5570,10:35,47.0,40.0,455.0,420,Weather,0,201.0,297.83,3.1
FL14973,2024-12-12,12,Winter,Thursday,AeroSwift,Airbus A320,Birmingham,Istanbul,Birmingham → Istanbul,2680,19:45,5.0,13.0,218.0,210,Late Aircraft,0,282.0,152.97,4.1
FL10169,2024-12-12,12,Winter,Thursday,Atlantic Wings,Boeing 787,Bristol,Malaga,Bristol → Malaga,1620,07:15,0.0,0.0,152.0,145,On Time,0,246.0,152.89,3.9
FL14060,2024-12-12,12,Winter,Thursday,CloudJet,Boeing 737,London Heathrow,New York JFK,London Heathrow → New York JFK,5570,06:25,107.0,109.0,529.0,420,Security,0,194.0,432.39,1.6
FL14742,2024-12-13,12,Winter,Friday,NovaStar,Boeing 737,Manchester,Barcelona,Manchester → Barcelona,1440,08:20,0.0,8.0,144.0,130,On Time,0,86.0,68.54,4.4
FL14294,2024-12-13,12,Winter,Friday,Atlantic Wings,Boeing 737,London Stansted,Warsaw Chopin,London Stansted → Warsaw Chopin,1470,12:45,5.0,0.0,143.0,135,Crew Availability,0,233.0,188.1,3.1
FL11954,2024-12-13,12,Winter,Friday,SkyWing Air,Embraer E190,London Heathrow,New York JFK,London Heathrow → New York JFK,5570,10:20,52.0,48.0,473.0,420,Late Aircraft,0,392.0,467.83,3.1
FL14191,2024-12-13,12,Winter,Friday,CloudJet,Boeing 777,London Heathrow,Toronto Pearson,London Heathrow → Toronto Pearson,5730,06:30,0.0,0.0,425.0,430,On Time,0,312.0,380.04,3.9
FL10987,2024-12-14,12,Winter,Saturday,NovaStar,Embraer E190,London Heathrow,Singapore Changi,London Heathrow → Singapore Changi,10840,10:40,18.0,11.0,754.0,745,Air Traffic Control,0,417.0,619.81,3.8
FL11653,2024-12-14,12,Winter,Saturday,NovaStar,Boeing 787,Bristol,Malaga,Bristol → Malaga,1620,20:05,0.0,10.0,152.0,145,On Time,0,226.0,60.55,3.9
FL12160,2024-12-14,12,Winter,Saturday,PolarAir,Airbus A380,Leeds Bradford,Alicante,Leeds Bradford → Alicante,1590,14:25,87.0,83.0,233.0,145,Late Aircraft,0,146.0,159.81,2.8
FL13328,2024-12-14,12,Winter,Saturday,PolarAir,Boeing 737,Birmingham,Istanbul,Birmingham → Istanbul,2680,10:30,4.0,1.0,219.0,210,Security,0,74.0,184.34,3.5
FL14100,2024-12-14,12,Winter,Saturday,Atlantic Wings,Boeing 787,Edinburgh,Amsterdam,Edinburgh → Amsterdam,700,06:20,136.0,144.0,231.0,85,Weather,0,212.0,99.88,2.3
FL10073,2024-12-14,12,Winter,Saturday,NovaStar,Boeing 777,London Heathrow,Singapore Changi,London Heathrow → Singapore Changi,10840,14:55,5.0,10.0,753.0,745,Crew Availability,0,310.0,680.24,3.9
FL14906,2024-12-14,12,Winter,Saturday,NovaStar,Boeing 737,London Heathrow,Singapore Changi,London Heathrow → Singapore Changi,10840,09:00,9.0,15.0,764.0,745,Late Aircraft,0,103.0,644.38,4.4
FL10906,2024-12-14,12,Winter,Saturday,PolarAir,Embraer E190,Manchester,Barcelona,Manchester → Barcelona,1440,10:10,15.0,18.0,156.0,130,Technical,0,189.0,80.02,3.7
FL13838,2024-12-15,12,Winter,Sunday,Atlantic Wings,Boeing 777,Birmingham,Istanbul,Birmingham → Istanbul,2680,12:35,23.0,38.0,255.0,210,Late Aircraft,0,137.0,225.58,3.5
FL13863,2024-12-15,12,Winter,Sunday,PolarAir,Boeing 737,Manchester,Barcelona,Manchester → Barcelona,1440,12:25,69.0,68.0,196.0,130,Technical,0,263.0,171.33,3.2
FL10740,2024-12-15,12,Winter,Sunday,SkyWing Air,Airbus A320,London Stansted,Warsaw Chopin,London Stansted → Warsaw Chopin,1470,19:20,90.0,83.0,226.0,135,Air Traffic Control,0,193.0,157.1,2.3
FL12041,2024-12-15,12,Winter,Sunday,PolarAir,Boeing 777,Edinburgh,Amsterdam,Edinburgh → Amsterdam,700,09:25,,,,85,Security,1,,49.0,1.5
FL10828,2024-12-15,12,Winter,Sunday,AeroSwift,Airbus A320,London Heathrow,Toronto Pearson,London Heathrow → Toronto Pearson,5730,13:30,23.0,33.0,473.0,430,Weather,0,347.0,323.97,4.5
FL14713,2024-12-16,12,Winter,Monday,Atlantic Wings,Boeing 737,Leeds Bradford,Alicante,Leeds Bradford → Alicante,1590,21:25,74.0,89.0,229.0,145,Security,0,360.0,172.77,
FL11459,2024-12-16,12,Winter,Monday,AeroSwift,Boeing 777,London Heathrow,Dubai,London Heathrow → Dubai,5490,13:40,3.0,14.0,425.0,415,Security,0,101.0,334.48,3.1
FL10596,2024-12-16,12,Winter,Monday,PolarAir,Embraer E190,Leeds Bradford,Alicante,Leeds Bradford → Alicante,1590,09:10,,,,145,Weather,1,331.0,160.19,1.4
FL10990,2024-12-16,12,Winter,Monday,PolarAir,Airbus A380,London Heathrow,New York JFK,London Heathrow → New York JFK,5570,06:55,25.0,34.0,462.0,420,Weather,0,302.0,403.07,3.1
FL11665,2024-12-16,12,Winter,Monday,Atlantic Wings,Boeing 787,Leeds Bradford,Alicante,Leeds Bradford → Alicante,1590,14:10,31.0,41.0,191.0,145,Security,0,187.0,122.22,2.2
FL12164,2024-12-16,12,Winter,Monday,CloudJet,Boeing 777,Manchester,Barcelona,Manchester → Barcelona,1440,08:50,43.0,42.0,178.0,130,Air Traffic Control,0,136.0,172.34,3.2
FL10591,2024-12-16,12,Winter,Monday,CloudJet,Boeing 787,London Heathrow,New York JFK,London Heathrow → New York JFK,5570,07:35,,,,420,Weather,1,416.0,384.51,1.6
FL14527,2024-12-17,12,Winter,Tuesday,PolarAir,Boeing 737,Bristol,Malaga,Bristol → Malaga,1620,21:50,0.0,3.0,157.0,145,On Time,0,331.0,98.13,4.0
FL11889,2024-12-17,12,Winter,Tuesday,NovaStar,Airbus A320,Bristol,Malaga,Bristol → Malaga,1620,18:55,4.0,4.0,146.0,145,Weather,0,385.0,119.37,3.4
FL11724,2024-12-17,12,Winter,Tuesday,Atlantic Wings,Airbus A380,Leeds Bradford,Alicante,Leeds Bradford → Alicante,1590,08:20,5.0,12.0,166.0,145,Crew Availability,0,130.0,172.75,3.6
FL10600,2024-12-17,12,Winter,Tuesday,SkyWing Air,Airbus A320,London Heathrow,Dubai,London Heathrow → Dubai,5490,17:55,,,,415,Air Traffic Control,1,256.0,394.14,2.1
FL11225,2024-12-17,12,Winter,Tuesday,Atlantic Wings,Boeing 737,Leeds Bradford,Alicante,Leeds Bradford → Alicante,1590,15:05,17.0,21.0,176.0,145,Late Aircraft,0,318.0,199.47,3.4
FL10384,2024-12-17,12,Winter,Tuesday,Atlantic Wings,Embraer E190,Birmingham,Istanbul,Birmingham → Istanbul,2680,14:25,14.0,6.0,226.0,210,Weather,0,117.0,204.81,3.5
FL12567,2024-12-17,12,Winter,Tuesday,PolarAir,Airbus A320,London Stansted,Warsaw Chopin,London Stansted → Warsaw Chopin,1470,19:20,33.0,43.0,186.0,135,Security,0,161.0,99.88,2.1
FL11951,2024-12-17,12,Winter,Tuesday,SkyWing Air,Embraer E190,London Gatwick,Rome Fiumicino,London Gatwick → Rome Fiumicino,1430,11:20,2.0,7.0,140.0,135,Technical,0,302.0,128.72,
FL10326,2024-12-18,12,Winter,Wednesday,NovaStar,Boeing 737,Bristol,Malaga,Bristol → Malaga,1620,08:00,0.0,9.0,149.0,145,On Time,0,155.0,75.51,
FL13660,2024-12-18,12,Winter,Wednesday,Atlantic Wings,Boeing 777,Bristol,Malaga,Bristol → Malaga,1620,15:15,1.0,0.0,150.0,145,Crew Availability,0,60.0,161.92,4.5
FL11839,2024-12-18,12,Winter,Wednesday,Atlantic Wings,Embraer E190,London Heathrow,New York JFK,London Heathrow → New York JFK,5570,22:30,4.0,0.0,429.0,420,Air Traffic Control,0,102.0,483.09,3.1
FL11693,2024-12-18,12,Winter,Wednesday,Atlantic Wings,Boeing 787,Birmingham,Istanbul,Birmingham → Istanbul,2680,09:40,17.0,28.0,240.0,210,Late Aircraft,0,,241.05,3.2
FL10513,2024-12-18,12,Winter,Wednesday,NovaStar,Airbus A380,London Gatwick,Rome Fiumicino,London Gatwick → Rome Fiumicino,1430,08:25,3.0,0.0,134.0,135,Air Traffic Control,0,418.0,126.69,3.6
FL14274,2024-12-18,12,Winter,Wednesday,PolarAir,Boeing 737,London Gatwick,Rome Fiumicino,London Gatwick → Rome Fiumicino,1430,13:25,1.0,10.0,149.0,135,Security,0,87.0,118.07,4.5
FL10116,2024-12-18,12,Winter,Wednesday,Atlantic Wings,Embraer E190,Manchester,Barcelona,Manchester → Barcelona,1440,14:40,71.0,69.0,201.0,130,Technical,0,312.0,129.18,2.0
FL14682,2024-12-18,12,Winter,Wednesday,Atlantic Wings,Boeing 777,Birmingham,Istanbul,Birmingham → Istanbul,2680,08:45,66.0,62.0,270.0,210,Late Aircraft,0,134.0,222.65,3.0
FL12734,2024-12-19,12,Winter,Thursday,PolarAir,Airbus A320,Edinburgh,Amsterdam,Edinburgh → Amsterdam,700,13:30,79.0,89.0,183.0,85,Late Aircraft,0,172.0,106.93,2.9
FL14041,2024-12-19,12,Winter,Thursday,CloudJet,Airbus A380,Glasgow,Dublin,Glasgow → Dublin,220,08:40,15.0,28.0,84.0,50,Security,0,180.0,66.33,3.5
FL14032,2024-12-19,12,Winter,Thursday,AeroSwift,Boeing 787,London Stansted,Warsaw Chopin,London Stansted → Warsaw Chopin,1470,05:10,30.0,22.0,157.0,135,Air Traffic Control,0,360.0,128.51,3.7
FL11501,2024-12-19,12,Winter,Thursday,SkyWing Air,Airbus A320,London Stansted,Warsaw Chopin,London Stansted → Warsaw Chopin,1470,18:35,115.0,114.0,244.0,135,Weather,0,352.0,163.92,1.9
FL10659,2024-12-19,12,Winter,Thursday,SkyWing Air,Boeing 777,London Heathrow,Toronto Pearson,London Heathrow → Toronto Pearson,5730,06:35,9.0,6.0,435.0,430,Weather,0,247.0,405.35,3.2
FL12612,2024-12-19,12,Winter,Thursday,AeroSwift,Boeing 777,Manchester,Barcelona,Manchester → Barcelona,1440,07:55,,,,130,Late Aircraft,1,154.0,105.44,1.5
FL10025,2024-12-19,12,Winter,Thursday,SkyWing Air,Embraer E190,London Heathrow,Singapore Changi,London Heathrow → Singapore Changi,10840,22:35,37.0,43.0,792.0,745,Air Traffic Control,0,176.0,855.89,2.3
FL14851,2024-12-19,12,Winter,Thursday,SkyWing Air,Boeing 777,London Stansted,Warsaw Chopin,London Stansted → Warsaw Chopin,1470,19:30,26.0,24.0,160.0,135,Technical,0,293.0,99.81,3.3
FL12107,2024-12-19,12,Winter,Thursday,AeroSwift,Boeing 787,London Heathrow,New York JFK,London Heathrow → New York JFK,5570,10:35,,,,420,Late Aircraft,1,231.0,357.62,1.9
FL14808,2024-12-19,12,Winter,Thursday,AeroSwift,Boeing 737,Leeds Bradford,Alicante,Leeds Bradford → Alicante,1590,08:30,17.0,25.0,168.0,145,Late Aircraft,0,299.0,101.09,3.2
FL11749,2024-12-19,12,Winter,Thursday,SkyWing Air,Boeing 737,London Heathrow,New York JFK,London Heathrow → New York JFK,5570,09:55,25.0,21.0,436.0,420,Late Aircraft,0,75.0,394.08,3.8
FL10447,2024-12-20,12,Winter,Friday,SkyWing Air,Airbus A320,London Heathrow,Singapore Changi,London Heathrow → Singapore Changi,10840,16:05,30.0,26.0,781.0,745,Weather,0,238.0,838.77,3.5
FL10501,2024-12-20,12,Winter,Friday,PolarAir,Airbus A320,Bristol,Malaga,Bristol → Malaga,1620,16:35,22.0,20.0,172.0,145,Air Traffic Control,0,86.0,101.81,3.5
FL14421,2024-12-20,12,Winter,Friday,AeroSwift,Airbus A380,London Heathrow,New York JFK,London Heathrow → New York JFK,5570,19:50,2.0,5.0,434.0,420,Late Aircraft,0,376.0,371.83,4.1
FL12468,2024-12-20,12,Winter,Friday,Atlantic Wings,Boeing 787,Edinburgh,Amsterdam,Edinburgh → Amsterdam,700,15:10,5.0,12.0,99.0,85,Late Aircraft,0,310.0,51.88,3.7
FL14079,2024-12-20,12,Winter,Friday,NovaStar,Boeing 777,London Heathrow,New York JFK,London Heathrow → New York JFK,5570,09:45,0.0,0.0,427.0,420,On Time,0,336.0,336.97,5.0
FL13389,2024-12-20,12,Winter,Friday,CloudJet,Boeing 737,London Stansted,Warsaw Chopin,London Stansted → Warsaw Chopin,1470,05:15,,,,135,Crew Availability,1,236.0,74.38,1.9
FL12132,2024-12-20,12,Winter,Friday,AeroSwift,Boeing 737,London Stansted,Warsaw Chopin,London Stansted → Warsaw Chopin,1470,10:30,1.0,13.0,151.0,135,Weather,0,106.0,132.84,3.3
FL12974,2024-12-21,12,Winter,Saturday,Atlantic Wings,Boeing 777,London Heathrow,Dubai,London Heathrow → Dubai,5490,22:50,49.0,58.0,469.0,415,Security,0,70.0,471.86,2.9
FL13622,2024-12-21,12,Winter,Saturday,NovaStar,Airbus A320,London Heathrow,Dubai,London Heathrow → Dubai,5490,05:25,5.0,11.0,436.0,415,Security,0,283.0,302.12,4.0
FL13146,2024-12-21,12,Winter,Saturday,PolarAir,Boeing 777,Edinburgh,Amsterdam,Edinburgh → Amsterdam,700,18:50,20.0,27.0,115.0,85,Crew Availability,0,375.0,58.95,3.5
FL10986,2024-12-21,12,Winter,Saturday,PolarAir,Boeing 777,Edinburgh,Amsterdam,Edinburgh → Amsterdam,700,14:05,,,,85,Technical,1,363.0,112.04,2.3
FL10425,2024-12-21,12,Winter,Saturday,PolarAir,Airbus A380,London Stansted,Warsaw Chopin,London Stansted → Warsaw Chopin,1470,07:00,22.0,28.0,170.0,135,Technical,0,154.0,103.84,4.2
FL13418,2024-12-21,12,Winter,Saturday,CloudJet,Airbus A320,London Stansted,Warsaw Chopin,London Stansted → Warsaw Chopin,1470,07:15,14.0,26.0,169.0,135,Crew Availability,0,162.0,118.7,3.3
FL12937,2024-12-22,12,Winter,Sunday,CloudJet,Boeing 777,London Gatwick,Rome Fiumicino,London Gatwick → Rome Fiumicino,1430,12:20,47.0,61.0,200.0,135,Technical,0,236.0,136.49,3.0
FL10579,2024-12-22,12,Winter,Sunday,SkyWing Air,Boeing 737,Edinburgh,Amsterdam,Edinburgh → Amsterdam,700,12:05,16.0,31.0,118.0,85,Late Aircraft,0,377.0,49.0,3.1
FL14494,2024-12-22,12,Winter,Sunday,CloudJet,Boeing 777,Leeds Bradford,Alicante,Leeds Bradford → Alicante,1590,08:10,9.0,14.0,159.0,145,Weather,0,66.0,114.62,4.2
FL14810,2024-12-22,12,Winter,Sunday,AeroSwift,Airbus A380,London Heathrow,Toronto Pearson,London Heathrow → Toronto Pearson,5730,09:25,0.0,4.0,431.0,430,On Time,0,218.0,315.27,5.0
FL10218,2024-12-22,12,Winter,Sunday,Atlantic Wings,Boeing 777,London Heathrow,Singapore Changi,London Heathrow → Singapore Changi,10840,20:25,18.0,14.0,767.0,745,Technical,0,387.0,845.68,4.4
FL10497,2024-12-22,12,Winter,Sunday,CloudJet,Boeing 777,Birmingham,Istanbul,Birmingham → Istanbul,2680,13:35,0.0,6.0,219.0,210,On Time,0,234.0,228.09,5.0
FL14010,2024-12-23,12,Winter,Monday,PolarAir,Airbus A320,Manchester,Barcelona,Manchester → Barcelona,1440,19:15,96.0,100.0,231.0,130,Air Traffic Control,0,255.0,108.45,1.1
FL12545,2024-12-23,12,Winter,Monday,AeroSwift,Boeing 737,Birmingham,Istanbul,Birmingham → Istanbul,2680,11:20,0.0,1.0,210.0,210,On Time,0,282.0,112.15,4.7
FL13124,2024-12-23,12,Winter,Monday,CloudJet,Airbus A380,London Heathrow,Toronto Pearson,London Heathrow → Toronto Pearson,5730,19:15,3.0,11.0,438.0,430,Air Traffic Control,0,261.0,446.53,3.2
FL14223,2024-12-24,12,Winter,Tuesday,Atlantic Wings,Boeing 737,London Heathrow,Toronto Pearson,London Heathrow → Toronto Pearson,5730,16:45,49.0,48.0,474.0,430,Late Aircraft,0,190.0,495.02,2.7
FL14169,2024-12-24,12,Winter,Tuesday,SkyWing Air,Airbus A320,Glasgow,Dublin,Glasgow → Dublin,220,09:30,0.0,13.0,59.0,50,On Time,0,415.0,49.0,4.2
FL14236,2024-12-24,12,Winter,Tuesday,SkyWing Air,Boeing 777,London Gatwick,Rome Fiumicino,London Gatwick → Rome Fiumicino,1430,15:55,8.0,0.0,131.0,135,Security,0,87.0,105.61,3.9
FL12108,2024-12-24,12,Winter,Tuesday,AeroSwift,Boeing 777,Bristol,Malaga,Bristol → Malaga,1620,07:20,19.0,12.0,166.0,145,Technical,0,405.0,149.56,3.3
FL12308,2024-12-24,12,Winter,Tuesday,NovaStar,Boeing 737,London Gatwick,Rome Fiumicino,London Gatwick → Rome Fiumicino,1430,10:30,4.0,0.0,143.0,135,Technical,0,311.0,136.3,4.4
FL14390,2024-12-24,12,Winter,Tuesday,Atlantic Wings,Boeing 737,Bristol,Malaga,Bristol → Malaga,1620,12:25,115.0,107.0,253.0,145,Weather,0,165.0,206.91,1.3
FL14393,2024-12-24,12,Winter,Tuesday,Atlantic Wings,Airbus A320,Birmingham,Istanbul,Birmingham → Istanbul,2680,10:40,11.0,12.0,221.0,210,Late Aircraft,0,76.0,179.26,3.6
FL10772,2024-12-24,12,Winter,Tuesday,Atlantic Wings,,Birmingham,Istanbul,Birmingham → Istanbul,2680,17:00,75.0,89.0,304.0,210,Security,0,157.0,255.83,3.3
FL11589,2024-12-24,12,Winter,Tuesday,NovaStar,Airbus A320,Leeds Bradford,Alicante,Leeds Bradford → Alicante,1590,06:50,12.0,22.0,171.0,145,Late Aircraft,0,192.0,157.2,3.1
FL11479,2024-12-24,12,Winter,Tuesday,AeroSwift,Boeing 737,Birmingham,Istanbul,Birmingham → Istanbul,2680,08:40,0.0,4.0,224.0,210,On Time,0,273.0,144.38,4.6
FL13466,2024-12-24,12,Winter,Tuesday,PolarAir,Boeing 777,London Heathrow,New York JFK,London Heathrow → New York JFK,5570,17:05,78.0,83.0,499.0,420,Late Aircraft,0,342.0,421.96,2.7
FL14772,2024-12-25,12,Winter,Wednesday,CloudJet,Boeing 777,Glasgow,Dublin,Glasgow → Dublin,220,16:05,2.0,0.0,56.0,50,Air Traffic Control,0,239.0,49.0,
FL10157,2024-12-25,12,Winter,Wednesday,AeroSwift,Boeing 737,London Heathrow,New York JFK,London Heathrow → New York JFK,5570,11:35,0.0,11.0,441.0,420,On Time,0,,300.0,4.4
FL14705,2024-12-25,12,Winter,Wednesday,Atlantic Wings,Boeing 787,London Gatwick,Rome Fiumicino,London Gatwick → Rome Fiumicino,1430,17:55,34.0,38.0,178.0,135,Weather,0,420.0,190.62,3.3
FL14551,2024-12-25,12,Winter,Wednesday,SkyWing Air,Airbus A320,London Heathrow,New York JFK,London Heathrow → New York JFK,5570,11:40,0.0,8.0,427.0,420,On Time,0,283.0,462.19,4.4
FL12704,2024-12-25,12,Winter,Wednesday,PolarAir,Airbus A380,London Stansted,Warsaw Chopin,London Stansted → Warsaw Chopin,1470,22:50,18.0,14.0,146.0,135,Crew Availability,0,295.0,155.37,3.2
FL14207,2024-12-25,12,Winter,Wednesday,PolarAir,Boeing 787,London Heathrow,Singapore Changi,London Heathrow → Singapore Changi,10840,07:40,1.0,1.0,749.0,745,Technical,0,389.0,793.37,3.6
FL12938,2024-12-25,12,Winter,Wednesday,SkyWing Air,Boeing 787,London Gatwick,Rome Fiumicino,London Gatwick → Rome Fiumicino,1430,15:35,23.0,19.0,161.0,135,Air Traffic Control,0,200.0,136.81,4.4
FL13106,2024-12-25,12,Winter,Wednesday,SkyWing Air,Boeing 737,Glasgow,Dublin,Glasgow → Dublin,220,12:50,19.0,17.0,62.0,50,Weather,0,98.0,49.0,4.1
FL11187,2024-12-25,12,Winter,Wednesday,SkyWing Air,Embraer E190,Birmingham,Istanbul,Birmingham → Istanbul,2680,22:00,0.0,11.0,217.0,210,On Time,0,361.0,272.84,4.2
FL14011,2024-12-25,12,Winter,Wednesday,CloudJet,Boeing 737,Bristol,Malaga,Bristol → Malaga,1620,09:30,27.0,38.0,186.0,145,Security,0,314.0,172.26,4.1
FL10221,2024-12-26,12,Winter,Thursday,Atlantic Wings,Airbus A380,London Heathrow,Toronto Pearson,London Heathrow → Toronto Pearson,5730,07:25,0.0,0.0,431.0,430,On Time,0,187.0,448.34,4.6
FL12638,2024-12-26,12,Winter,Thursday,CloudJet,Boeing 787,Bristol,Malaga,Bristol → Malaga,1620,17:25,40.0,45.0,194.0,145,Late Aircraft,0,346.0,109.37,3.4
FL12025,2024-12-26,12,Winter,Thursday,NovaStar,Airbus A320,London Heathrow,Singapore Changi,London Heathrow → Singapore Changi,10840,10:15,0.0,0.0,742.0,745,On Time,0,91.0,614.52,4.1
FL12568,2024-12-26,12,Winter,Thursday,AeroSwift,Boeing 777,London Heathrow,Singapore Changi,London Heathrow → Singapore Changi,10840,11:10,53.0,56.0,798.0,745,Security,0,276.0,644.77,2.4
FL10128,2024-12-26,12,Winter,Thursday,NovaStar,Airbus A320,London Gatwick,Rome Fiumicino,London Gatwick → Rome Fiumicino,1430,09:00,0.0,13.0,146.0,135,On Time,0,273.0,133.65,4.5
FL10377,2024-12-27,12,Winter,Friday,SkyWing Air,Airbus A320,London Gatwick,Rome Fiumicino,London Gatwick → Rome Fiumicino,1430,11:35,10.0,13.0,152.0,135,Late Aircraft,0,170.0,85.48,3.8
FL10239,2024-12-27,12,Winter,Friday,Atlantic Wings,Airbus A320,London Gatwick,Rome Fiumicino,London Gatwick → Rome Fiumicino,1430,09:30,107.0,113.0,249.0,135,Air Traffic Control,0,298.0,134.81,
FL10980,2024-12-27,12,Winter,Friday,CloudJet,Boeing 737,Bristol,Malaga,Bristol → Malaga,1620,20:55,253.0,256.0,408.0,145,Security,0,327.0,121.02,2.0
FL14659,2024-12-27,12,Winter,Friday,SkyWing Air,Embraer E190,Leeds Bradford,Alicante,Leeds Bradford → Alicante,1590,06:35,17.0,26.0,172.0,145,Technical,0,278.0,121.09,3.8
FL12753,2024-12-28,12,Winter,Saturday,NovaStar,Airbus A320,London Heathrow,New York JFK,London Heathrow → New York JFK,5570,17:55,7.0,16.0,444.0,420,Crew Availability,0,,355.62,3.9
FL10441,2024-12-28,12,Winter,Saturday,NovaStar,Boeing 737,Manchester,Barcelona,Manchester → Barcelona,1440,10:30,7.0,14.0,148.0,130,Weather,0,,102.87,
FL13439,2024-12-28,12,Winter,Saturday,Atlantic Wings,Boeing 777,London Heathrow,Dubai,London Heathrow → Dubai,5490,08:05,63.0,74.0,492.0,415,Security,0,152.0,450.87,2.8
FL12214,2024-12-28,12,Winter,Saturday,Atlantic Wings,Embraer E190,Edinburgh,Amsterdam,Edinburgh → Amsterdam,700,06:45,87.0,86.0,167.0,85,Technical,0,153.0,91.46,2.5
FL14607,2024-12-29,12,Winter,Sunday,PolarAir,Airbus A380,Edinburgh,Amsterdam,Edinburgh → Amsterdam,700,13:35,6.0,3.0,93.0,85,Technical,0,306.0,49.0,3.6
FL13339,2024-12-29,12,Winter,Sunday,AeroSwift,Airbus A320,London Heathrow,Toronto Pearson,London Heathrow → Toronto Pearson,5730,17:45,10.0,21.0,450.0,430,Air Traffic Control,0,134.0,367.03,3.2
FL14696,2024-12-29,12,Winter,Sunday,PolarAir,Embraer E190,Bristol,Malaga,Bristol → Malaga,1620,20:45,36.0,40.0,189.0,145,Technical,0,177.0,179.63,3.3
FL13733,2024-12-29,12,Winter,Sunday,AeroSwift,Airbus A320,Birmingham,Istanbul,Birmingham → Istanbul,2680,17:15,15.0,7.0,214.0,210,Technical,0,99.0,225.02,4.3
FL13902,2024-12-29,12,Winter,Sunday,NovaStar,Embraer E190,Birmingham,Istanbul,Birmingham → Istanbul,2680,07:00,29.0,29.0,237.0,210,Security,0,375.0,192.2,3.8
FL11745,2024-12-29,12,Winter,Sunday,PolarAir,Boeing 777,London Heathrow,Dubai,London Heathrow → Dubai,5490,08:45,0.0,0.0,422.0,415,On Time,0,246.0,400.16,4.7
FL12150,2024-12-29,12,Winter,Sunday,CloudJet,Airbus A320,London Heathrow,Dubai,London Heathrow → Dubai,5490,08:35,1.0,0.0,422.0,415,Weather,0,176.0,394.38,3.2
FL12166,2024-12-29,12,Winter,Sunday,PolarAir,Embraer E190,London Heathrow,Dubai,London Heathrow → Dubai,5490,21:25,0.0,0.0,412.0,415,On Time,0,328.0,462.08,4.8
FL14173,2024-12-29,12,Winter,Sunday,AeroSwift,Boeing 737,Manchester,Barcelona,Manchester → Barcelona,1440,21:45,3.0,3.0,136.0,130,Air Traffic Control,0,74.0,107.37,4.1
FL12060,2024-12-29,12,Winter,Sunday,NovaStar,Boeing 777,London Heathrow,New York JFK,London Heathrow → New York JFK,5570,18:35,2.0,12.0,436.0,420,Air Traffic Control,0,201.0,363.23,3.5
FL12502,2024-12-29,12,Winter,Sunday,PolarAir,Boeing 737,London Heathrow,Singapore Changi,London Heathrow → Singapore Changi,10840,14:10,6.0,0.0,742.0,745,Technical,0,172.0,761.21,3.2
FL13249,2024-12-29,12,Winter,Sunday,SkyWing Air,Boeing 777,Bristol,Malaga,Bristol → Malaga,1620,08:35,15.0,17.0,157.0,145,Air Traffic Control,0,77.0,116.65,4.2
FL10654,2024-12-29,12,Winter,Sunday,SkyWing Air,Embraer E190,London Heathrow,New York JFK,London Heathrow → New York JFK,5570,14:10,35.0,31.0,450.0,420,Air Traffic Control,0,259.0,494.59,2.7
FL11964,2024-12-29,12,Winter,Sunday,CloudJet,Embraer E190,Edinburgh,Amsterdam,Edinburgh → Amsterdam,700,21:50,0.0,0.0,81.0,85,On Time,0,175.0,49.81,4.1
FL13933,2024-12-29,12,Winter,Sunday,NovaStar,Airbus A320,London Stansted,Warsaw Chopin,London Stansted → Warsaw Chopin,1470,12:25,5.0,7.0,152.0,135,Technical,0,362.0,100.4,3.9
FL13591,2024-12-30,12,Winter,Monday,CloudJet,Boeing 787,Glasgow,Dublin,Glasgow → Dublin,220,05:50,6.0,4.0,51.0,50,Technical,0,397.0,49.0,3.5
FL11547,2024-12-30,12,Winter,Monday,PolarAir,Boeing 737,London Heathrow,Singapore Changi,London Heathrow → Singapore Changi,10840,06:15,48.0,47.0,788.0,745,Late Aircraft,0,255.0,772.46,2.6
FL11694,2024-12-30,12,Winter,Monday,CloudJet,Airbus A320,Edinburgh,Amsterdam,Edinburgh → Amsterdam,700,06:45,13.0,9.0,92.0,85,Security,0,395.0,58.8,3.4
FL12710,2024-12-30,12,Winter,Monday,Atlantic Wings,Embraer E190,London Heathrow,New York JFK,London Heathrow → New York JFK,5570,08:40,,,,420,Technical,1,394.0,493.28,1.5
FL13730,2024-12-30,12,Winter,Monday,PolarAir,Airbus A320,Manchester,Barcelona,Manchester → Barcelona,1440,14:50,0.0,7.0,143.0,130,On Time,0,77.0,98.5,4.8
FL13183,2024-12-30,12,Winter,Monday,AeroSwift,Boeing 737,Manchester,Barcelona,Manchester → Barcelona,1440,07:20,4.0,4.0,129.0,130,Technical,0,91.0,118.82,3.6
FL12159,2024-12-30,12,Winter,Monday,Atlantic Wings,Airbus A320,London Stansted,Warsaw Chopin,London Stansted → Warsaw Chopin,1470,08:55,12.0,9.0,150.0,135,Security,0,190.0,155.99,3.4
FL10903,2024-12-31,12,Winter,Tuesday,NovaStar,Airbus A320,Bristol,Malaga,Bristol → Malaga,1620,06:10,3.0,1.0,155.0,145,Crew Availability,0,218.0,118.26,3.8
FL12645,2024-12-31,12,Winter,Tuesday,AeroSwift,Embraer E190,London Heathrow,Dubai,London Heathrow → Dubai,5490,08:40,0.0,8.0,432.0,415,On Time,0,398.0,307.43,4.3
